distance_name,drift_strength,pca,final_similarity,time_taken,avg_overhead,seed,Dataset,Model
mahalanobis,0.0,False,0.9753117372072347,0.8058319091796875,0.08379340171813965,0,yelp_review_full,nlpaueb/sec-bert-base
mahalanobis,0.0,True,0.2409454954056623,0.553459882736206,8.416175842285156e-05,0,yelp_review_full,nlpaueb/sec-bert-base
mahalanobis,0.25,False,1.5934003675688981,0.7257771492004395,0.07787966728210449,0,yelp_review_full,nlpaueb/sec-bert-base
mahalanobis,0.25,True,0.7436458732690147,0.5538308620452881,8.189678192138672e-05,0,yelp_review_full,nlpaueb/sec-bert-base
mahalanobis,0.5,False,2.4267807500198213,0.7238519191741943,0.07839846611022949,0,yelp_review_full,nlpaueb/sec-bert-base
mahalanobis,0.5,True,1.1647820830811284,0.5544099807739258,8.678436279296875e-05,0,yelp_review_full,nlpaueb/sec-bert-base
mahalanobis,0.75,False,2.876296117011233,0.7106690406799316,0.07793843746185303,0,yelp_review_full,nlpaueb/sec-bert-base
mahalanobis,0.75,True,1.3022416466476703,0.5523309707641602,8.356571197509766e-05,0,yelp_review_full,nlpaueb/sec-bert-base
mahalanobis,1.0,False,2.9789231015794586,0.7125051021575928,0.07785928249359131,0,yelp_review_full,nlpaueb/sec-bert-base
mahalanobis,1.0,True,1.4588459728765304,0.554020881652832,8.344650268554688e-05,0,yelp_review_full,nlpaueb/sec-bert-base
euclidean,0.0,False,0.9705026149749756,0.5520980358123779,2.8371810913085938e-05,0,yelp_review_full,nlpaueb/sec-bert-base
euclidean,0.0,True,0.23974686861038208,0.5522210597991943,2.6941299438476562e-05,0,yelp_review_full,nlpaueb/sec-bert-base
euclidean,0.25,False,1.5895612239837646,0.5528562068939209,1.800060272216797e-05,0,yelp_review_full,nlpaueb/sec-bert-base
euclidean,0.25,True,0.7737176418304443,0.552325963973999,2.2530555725097656e-05,0,yelp_review_full,nlpaueb/sec-bert-base
euclidean,0.5,False,2.3140556812286377,0.553260087966919,1.9073486328125e-05,0,yelp_review_full,nlpaueb/sec-bert-base
euclidean,0.5,True,1.0871682167053223,0.552879810333252,2.3484230041503906e-05,0,yelp_review_full,nlpaueb/sec-bert-base
euclidean,0.75,False,2.8412532806396484,0.5530519485473633,1.800060272216797e-05,0,yelp_review_full,nlpaueb/sec-bert-base
euclidean,0.75,True,1.3187884092330933,0.5534317493438721,2.7060508728027344e-05,0,yelp_review_full,nlpaueb/sec-bert-base
euclidean,1.0,False,3.0473313331604004,0.5537309646606445,1.811981201171875e-05,0,yelp_review_full,nlpaueb/sec-bert-base
euclidean,1.0,True,1.5096607208251953,0.5543880462646484,2.2530555725097656e-05,0,yelp_review_full,nlpaueb/sec-bert-base
manhattan,0.0,False,21.42733383178711,0.5535480976104736,1.633167266845703e-05,0,yelp_review_full,nlpaueb/sec-bert-base
manhattan,0.0,True,0.3390430510044098,0.5538079738616943,2.0503997802734375e-05,0,yelp_review_full,nlpaueb/sec-bert-base
manhattan,0.25,False,36.74196243286133,0.5533781051635742,1.71661376953125e-05,0,yelp_review_full,nlpaueb/sec-bert-base
manhattan,0.25,True,1.142615556716919,0.554405689239502,2.0503997802734375e-05,0,yelp_review_full,nlpaueb/sec-bert-base
manhattan,0.5,False,55.427947998046875,0.5544750690460205,1.800060272216797e-05,0,yelp_review_full,nlpaueb/sec-bert-base
manhattan,0.5,True,1.8076435327529907,0.5546159744262695,2.09808349609375e-05,0,yelp_review_full,nlpaueb/sec-bert-base
manhattan,0.75,False,61.822425842285156,0.5538649559020996,1.6689300537109375e-05,0,yelp_review_full,nlpaueb/sec-bert-base
manhattan,0.75,True,1.9353232383728027,0.5551271438598633,2.4318695068359375e-05,0,yelp_review_full,nlpaueb/sec-bert-base
manhattan,1.0,False,63.24281692504883,0.5536777973175049,1.6450881958007812e-05,0,yelp_review_full,nlpaueb/sec-bert-base
manhattan,1.0,True,1.9728922843933105,0.5552449226379395,2.5391578674316406e-05,0,yelp_review_full,nlpaueb/sec-bert-base
minkowski,0.0,False,0.3765186369419098,0.5546486377716064,2.8967857360839844e-05,0,yelp_review_full,nlpaueb/sec-bert-base
minkowski,0.0,True,0.21359661221504211,0.5530190467834473,3.254413604736328e-05,0,yelp_review_full,nlpaueb/sec-bert-base
minkowski,0.25,False,0.6325508952140808,0.55385422706604,2.753734588623047e-05,0,yelp_review_full,nlpaueb/sec-bert-base
minkowski,0.25,True,0.7595436573028564,0.5536990165710449,2.6106834411621094e-05,0,yelp_review_full,nlpaueb/sec-bert-base
minkowski,0.5,False,0.9162833094596863,0.554527997970581,2.5987625122070312e-05,0,yelp_review_full,nlpaueb/sec-bert-base
minkowski,0.5,True,1.059867262840271,0.5538790225982666,3.230571746826172e-05,0,yelp_review_full,nlpaueb/sec-bert-base
minkowski,0.75,False,1.1124000549316406,0.5548629760742188,2.5391578674316406e-05,0,yelp_review_full,nlpaueb/sec-bert-base
minkowski,0.75,True,1.2201178073883057,0.5554580688476562,3.3974647521972656e-05,0,yelp_review_full,nlpaueb/sec-bert-base
minkowski,1.0,False,1.1238603591918945,0.5536179542541504,2.4557113647460938e-05,0,yelp_review_full,nlpaueb/sec-bert-base
minkowski,1.0,True,1.2588887214660645,0.5569968223571777,3.0279159545898438e-05,0,yelp_review_full,nlpaueb/sec-bert-base
chebyshev,0.0,False,0.12235823273658752,0.5561647415161133,1.9550323486328125e-05,0,yelp_review_full,nlpaueb/sec-bert-base
chebyshev,0.0,True,0.1708381474018097,0.5598480701446533,2.872943878173828e-05,0,yelp_review_full,nlpaueb/sec-bert-base
chebyshev,0.25,False,0.1676245629787445,0.561499834060669,1.621246337890625e-05,0,yelp_review_full,nlpaueb/sec-bert-base
chebyshev,0.25,True,0.6165710091590881,0.5620179176330566,2.3484230041503906e-05,0,yelp_review_full,nlpaueb/sec-bert-base
chebyshev,0.5,False,0.24274861812591553,0.5641961097717285,1.7404556274414062e-05,0,yelp_review_full,nlpaueb/sec-bert-base
chebyshev,0.5,True,0.8696534037590027,0.5645880699157715,2.4557113647460938e-05,0,yelp_review_full,nlpaueb/sec-bert-base
chebyshev,0.75,False,0.3216281831264496,0.5652327537536621,1.537799835205078e-05,0,yelp_review_full,nlpaueb/sec-bert-base
chebyshev,0.75,True,0.9948621988296509,0.5687570571899414,2.6464462280273438e-05,0,yelp_review_full,nlpaueb/sec-bert-base
chebyshev,1.0,False,0.3527238070964813,0.5854887962341309,1.811981201171875e-05,0,yelp_review_full,nlpaueb/sec-bert-base
chebyshev,1.0,True,1.299307107925415,0.6044337749481201,2.300739288330078e-05,0,yelp_review_full,nlpaueb/sec-bert-base
canberra,0.0,False,99.59149169921875,0.5895979404449463,2.1457672119140625e-05,0,yelp_review_full,nlpaueb/sec-bert-base
canberra,0.0,True,1.9856829643249512,0.6054391860961914,2.4557113647460938e-05,0,yelp_review_full,nlpaueb/sec-bert-base
canberra,0.25,False,134.706298828125,0.5766429901123047,2.193450927734375e-05,0,yelp_review_full,nlpaueb/sec-bert-base
canberra,0.25,True,1.9869449138641357,0.5759232044219971,2.944469451904297e-05,0,yelp_review_full,nlpaueb/sec-bert-base
canberra,0.5,False,170.62306213378906,0.5739421844482422,2.002716064453125e-05,0,yelp_review_full,nlpaueb/sec-bert-base
canberra,0.5,True,1.9894905090332031,0.5743069648742676,2.5033950805664062e-05,0,yelp_review_full,nlpaueb/sec-bert-base
canberra,0.75,False,209.3460235595703,0.574073076248169,2.002716064453125e-05,0,yelp_review_full,nlpaueb/sec-bert-base
canberra,0.75,True,1.99079430103302,0.5752482414245605,2.4557113647460938e-05,0,yelp_review_full,nlpaueb/sec-bert-base
canberra,1.0,False,211.66627502441406,0.5725479125976562,2.0503997802734375e-05,0,yelp_review_full,nlpaueb/sec-bert-base
canberra,1.0,True,1.9919204711914062,0.5723118782043457,3.707408905029297e-05,0,yelp_review_full,nlpaueb/sec-bert-base
mahalanobis,0.0,False,1.0884860658610989,0.721325159072876,0.07863247394561768,1,yelp_review_full,nlpaueb/sec-bert-base
mahalanobis,0.0,True,0.3076449772863756,0.5519211292266846,9.894371032714844e-05,1,yelp_review_full,nlpaueb/sec-bert-base
mahalanobis,0.25,False,1.5744638974689726,0.7314319610595703,0.07797956466674805,1,yelp_review_full,nlpaueb/sec-bert-base
mahalanobis,0.25,True,0.8005621292909102,0.5654857158660889,8.797645568847656e-05,1,yelp_review_full,nlpaueb/sec-bert-base
mahalanobis,0.5,False,2.1998292030410127,0.7449750900268555,0.0840611457824707,1,yelp_review_full,nlpaueb/sec-bert-base
mahalanobis,0.5,True,1.1352650911791324,0.5605902671813965,9.715557098388672e-05,1,yelp_review_full,nlpaueb/sec-bert-base
mahalanobis,0.75,False,2.7281170134718913,0.7422819137573242,0.08350753784179688,1,yelp_review_full,nlpaueb/sec-bert-base
mahalanobis,0.75,True,1.3597770519727683,0.5629870891571045,8.630752563476562e-05,1,yelp_review_full,nlpaueb/sec-bert-base
mahalanobis,1.0,False,2.9009276386918064,0.7430768013000488,0.08332455158233643,1,yelp_review_full,nlpaueb/sec-bert-base
mahalanobis,1.0,True,1.4250335484884429,0.5621821880340576,9.763240814208984e-05,1,yelp_review_full,nlpaueb/sec-bert-base
euclidean,0.0,False,1.0830999612808228,0.5777268409729004,1.5974044799804688e-05,1,yelp_review_full,nlpaueb/sec-bert-base
euclidean,0.0,True,0.30611327290534973,0.5828840732574463,2.4080276489257812e-05,1,yelp_review_full,nlpaueb/sec-bert-base
euclidean,0.25,False,1.5744045972824097,0.5817270278930664,1.704692840576172e-05,1,yelp_review_full,nlpaueb/sec-bert-base
euclidean,0.25,True,0.7585170865058899,0.5812547206878662,2.4557113647460938e-05,1,yelp_review_full,nlpaueb/sec-bert-base
euclidean,0.5,False,2.309805154800415,0.582970142364502,2.6702880859375e-05,1,yelp_review_full,nlpaueb/sec-bert-base
euclidean,0.5,True,1.191524863243103,0.582266092300415,2.110004425048828e-05,1,yelp_review_full,nlpaueb/sec-bert-base
euclidean,0.75,False,2.735558032989502,0.5775840282440186,1.8477439880371094e-05,1,yelp_review_full,nlpaueb/sec-bert-base
euclidean,0.75,True,1.2520465850830078,0.5792980194091797,2.300739288330078e-05,1,yelp_review_full,nlpaueb/sec-bert-base
euclidean,1.0,False,3.002089500427246,0.5791349411010742,2.7179718017578125e-05,1,yelp_review_full,nlpaueb/sec-bert-base
euclidean,1.0,True,1.4581913948059082,0.5789170265197754,2.300739288330078e-05,1,yelp_review_full,nlpaueb/sec-bert-base
manhattan,0.0,False,23.721118927001953,0.5826520919799805,1.4901161193847656e-05,1,yelp_review_full,nlpaueb/sec-bert-base
manhattan,0.0,True,0.4012698531150818,0.581367015838623,2.372264862060547e-05,1,yelp_review_full,nlpaueb/sec-bert-base
manhattan,0.25,False,32.82263946533203,0.5789580345153809,2.1457672119140625e-05,1,yelp_review_full,nlpaueb/sec-bert-base
manhattan,0.25,True,0.9673322439193726,0.5800068378448486,2.0503997802734375e-05,1,yelp_review_full,nlpaueb/sec-bert-base
manhattan,0.5,False,52.699806213378906,0.5794970989227295,1.5974044799804688e-05,1,yelp_review_full,nlpaueb/sec-bert-base
manhattan,0.5,True,1.6171998977661133,0.5809261798858643,2.0503997802734375e-05,1,yelp_review_full,nlpaueb/sec-bert-base
manhattan,0.75,False,57.80590057373047,0.5785200595855713,1.4543533325195312e-05,1,yelp_review_full,nlpaueb/sec-bert-base
manhattan,0.75,True,1.6854771375656128,0.577251672744751,2.658367156982422e-05,1,yelp_review_full,nlpaueb/sec-bert-base
manhattan,1.0,False,63.10997009277344,0.5977327823638916,1.5854835510253906e-05,1,yelp_review_full,nlpaueb/sec-bert-base
manhattan,1.0,True,1.8319077491760254,0.5823872089385986,2.753734588623047e-05,1,yelp_review_full,nlpaueb/sec-bert-base
minkowski,0.0,False,0.4217941164970398,0.5820910930633545,2.3126602172851562e-05,1,yelp_review_full,nlpaueb/sec-bert-base
minkowski,0.0,True,0.2888338267803192,0.585996150970459,2.8014183044433594e-05,1,yelp_review_full,nlpaueb/sec-bert-base
minkowski,0.25,False,0.5983235239982605,0.5831940174102783,2.6106834411621094e-05,1,yelp_review_full,nlpaueb/sec-bert-base
minkowski,0.25,True,0.7184069752693176,0.5838339328765869,2.8967857360839844e-05,1,yelp_review_full,nlpaueb/sec-bert-base
minkowski,0.5,False,0.8781957030296326,0.5854160785675049,2.4437904357910156e-05,1,yelp_review_full,nlpaueb/sec-bert-base
minkowski,0.5,True,1.0317341089248657,0.5857610702514648,2.6345252990722656e-05,1,yelp_review_full,nlpaueb/sec-bert-base
minkowski,0.75,False,1.0967437028884888,0.581660270690918,2.4437904357910156e-05,1,yelp_review_full,nlpaueb/sec-bert-base
minkowski,0.75,True,1.3129558563232422,0.5846028327941895,2.6106834411621094e-05,1,yelp_review_full,nlpaueb/sec-bert-base
minkowski,1.0,False,1.1198567152023315,0.5864801406860352,2.2530555725097656e-05,1,yelp_review_full,nlpaueb/sec-bert-base
minkowski,1.0,True,1.4162663221359253,0.583043098449707,2.8014183044433594e-05,1,yelp_review_full,nlpaueb/sec-bert-base
chebyshev,0.0,False,0.12219684571027756,0.5891752243041992,1.5974044799804688e-05,1,yelp_review_full,nlpaueb/sec-bert-base
chebyshev,0.0,True,0.28186482191085815,0.5910799503326416,2.193450927734375e-05,1,yelp_review_full,nlpaueb/sec-bert-base
chebyshev,0.25,False,0.1958330273628235,0.5885260105133057,1.6450881958007812e-05,1,yelp_review_full,nlpaueb/sec-bert-base
chebyshev,0.25,True,0.645891547203064,0.5929110050201416,2.2292137145996094e-05,1,yelp_review_full,nlpaueb/sec-bert-base
chebyshev,0.5,False,0.27748653292655945,0.5934600830078125,1.5020370483398438e-05,1,yelp_review_full,nlpaueb/sec-bert-base
chebyshev,0.5,True,1.0769290924072266,0.6002230644226074,2.2411346435546875e-05,1,yelp_review_full,nlpaueb/sec-bert-base
chebyshev,0.75,False,0.3037746548652649,0.5888729095458984,1.5616416931152344e-05,1,yelp_review_full,nlpaueb/sec-bert-base
chebyshev,0.75,True,1.2556902170181274,0.5858309268951416,2.300739288330078e-05,1,yelp_review_full,nlpaueb/sec-bert-base
chebyshev,1.0,False,0.3150126338005066,0.583636999130249,1.4424324035644531e-05,1,yelp_review_full,nlpaueb/sec-bert-base
chebyshev,1.0,True,1.3658736944198608,0.5850419998168945,2.2411346435546875e-05,1,yelp_review_full,nlpaueb/sec-bert-base
canberra,0.0,False,106.90525817871094,0.5884640216827393,2.300739288330078e-05,1,yelp_review_full,nlpaueb/sec-bert-base
canberra,0.0,True,1.9908883571624756,0.5880839824676514,3.6597251892089844e-05,1,yelp_review_full,nlpaueb/sec-bert-base
canberra,0.25,False,142.7711639404297,0.5854980945587158,1.8715858459472656e-05,1,yelp_review_full,nlpaueb/sec-bert-base
canberra,0.25,True,1.9941143989562988,0.5875999927520752,2.6941299438476562e-05,1,yelp_review_full,nlpaueb/sec-bert-base
canberra,0.5,False,189.9774627685547,0.5833437442779541,2.002716064453125e-05,1,yelp_review_full,nlpaueb/sec-bert-base
canberra,0.5,True,1.9951623678207397,0.5850727558135986,3.0159950256347656e-05,1,yelp_review_full,nlpaueb/sec-bert-base
canberra,0.75,False,214.16697692871094,0.5835211277008057,1.9311904907226562e-05,1,yelp_review_full,nlpaueb/sec-bert-base
canberra,0.75,True,1.9956886768341064,0.5832080841064453,2.5033950805664062e-05,1,yelp_review_full,nlpaueb/sec-bert-base
canberra,1.0,False,221.26580810546875,0.5861282348632812,2.0384788513183594e-05,1,yelp_review_full,nlpaueb/sec-bert-base
canberra,1.0,True,1.9956974983215332,0.5876269340515137,2.586841583251953e-05,1,yelp_review_full,nlpaueb/sec-bert-base
mahalanobis,0.0,False,0.9006059840997889,0.7391607761383057,0.07891952991485596,2,yelp_review_full,nlpaueb/sec-bert-base
mahalanobis,0.0,True,0.3050752019120435,0.5790181159973145,8.702278137207031e-05,2,yelp_review_full,nlpaueb/sec-bert-base
mahalanobis,0.25,False,1.5238292654832837,0.7316250801086426,0.07847094535827637,2,yelp_review_full,nlpaueb/sec-bert-base
mahalanobis,0.25,True,0.37185420955597215,0.5938711166381836,8.797645568847656e-05,2,yelp_review_full,nlpaueb/sec-bert-base
mahalanobis,0.5,False,2.395958510446688,0.7454831600189209,0.07802557945251465,2,yelp_review_full,nlpaueb/sec-bert-base
mahalanobis,0.5,True,0.5919660029834508,0.5538628101348877,8.487701416015625e-05,2,yelp_review_full,nlpaueb/sec-bert-base
mahalanobis,0.75,False,2.875793470996678,0.7147698402404785,0.07867586612701416,2,yelp_review_full,nlpaueb/sec-bert-base
mahalanobis,0.75,True,0.8112506570562423,0.5693161487579346,0.00010001659393310547,2,yelp_review_full,nlpaueb/sec-bert-base
mahalanobis,1.0,False,3.1486199222302798,0.7224950790405273,0.07893610000610352,2,yelp_review_full,nlpaueb/sec-bert-base
mahalanobis,1.0,True,0.8839488871611537,0.5887248516082764,8.738040924072266e-05,2,yelp_review_full,nlpaueb/sec-bert-base
euclidean,0.0,False,0.89609694480896,0.5601353645324707,1.9550323486328125e-05,2,yelp_review_full,nlpaueb/sec-bert-base
euclidean,0.0,True,0.3035586178302765,0.5942628383636475,2.5153160095214844e-05,2,yelp_review_full,nlpaueb/sec-bert-base
euclidean,0.25,False,1.4933258295059204,0.616217851638794,2.0384788513183594e-05,2,yelp_review_full,nlpaueb/sec-bert-base
euclidean,0.25,True,0.25306499004364014,0.6388380527496338,2.300739288330078e-05,2,yelp_review_full,nlpaueb/sec-bert-base
euclidean,0.5,False,2.5306899547576904,0.6336898803710938,2.1457672119140625e-05,2,yelp_review_full,nlpaueb/sec-bert-base
euclidean,0.5,True,0.7443830370903015,0.6501259803771973,2.4080276489257812e-05,2,yelp_review_full,nlpaueb/sec-bert-base
euclidean,0.75,False,3.061717987060547,0.658728837966919,1.7642974853515625e-05,2,yelp_review_full,nlpaueb/sec-bert-base
euclidean,0.75,True,0.8545122146606445,0.665971040725708,2.491474151611328e-05,2,yelp_review_full,nlpaueb/sec-bert-base
euclidean,1.0,False,3.076864004135132,0.6656997203826904,1.9073486328125e-05,2,yelp_review_full,nlpaueb/sec-bert-base
euclidean,1.0,True,0.9136041402816772,0.6618208885192871,2.276897430419922e-05,2,yelp_review_full,nlpaueb/sec-bert-base
manhattan,0.0,False,19.83584213256836,0.6614179611206055,1.704692840576172e-05,2,yelp_review_full,nlpaueb/sec-bert-base
manhattan,0.0,True,0.4186648726463318,0.660681962966919,2.205371856689453e-05,2,yelp_review_full,nlpaueb/sec-bert-base
manhattan,0.25,False,31.368621826171875,0.6619701385498047,1.7523765563964844e-05,2,yelp_review_full,nlpaueb/sec-bert-base
manhattan,0.25,True,0.15839526057243347,0.665198802947998,2.300739288330078e-05,2,yelp_review_full,nlpaueb/sec-bert-base
manhattan,0.5,False,52.14762878417969,0.6678848266601562,1.6450881958007812e-05,2,yelp_review_full,nlpaueb/sec-bert-base
manhattan,0.5,True,0.9264674186706543,0.6664800643920898,2.0503997802734375e-05,2,yelp_review_full,nlpaueb/sec-bert-base
manhattan,0.75,False,63.456417083740234,0.6664319038391113,1.633167266845703e-05,2,yelp_review_full,nlpaueb/sec-bert-base
manhattan,0.75,True,1.1757234334945679,0.6713333129882812,2.300739288330078e-05,2,yelp_review_full,nlpaueb/sec-bert-base
manhattan,1.0,False,65.09059143066406,0.6646728515625,1.5854835510253906e-05,2,yelp_review_full,nlpaueb/sec-bert-base
manhattan,1.0,True,1.1232895851135254,0.6644859313964844,2.1576881408691406e-05,2,yelp_review_full,nlpaueb/sec-bert-base
minkowski,0.0,False,0.3444134294986725,0.6630039215087891,2.4557113647460938e-05,2,yelp_review_full,nlpaueb/sec-bert-base
minkowski,0.0,True,0.27666428685188293,0.6575479507446289,2.6941299438476562e-05,2,yelp_review_full,nlpaueb/sec-bert-base
minkowski,0.25,False,0.6037923693656921,0.6523900032043457,2.4557113647460938e-05,2,yelp_review_full,nlpaueb/sec-bert-base
minkowski,0.25,True,0.05121355503797531,0.6486711502075195,2.849102020263672e-05,2,yelp_review_full,nlpaueb/sec-bert-base
minkowski,0.5,False,0.9079213738441467,0.6493308544158936,2.396106719970703e-05,2,yelp_review_full,nlpaueb/sec-bert-base
minkowski,0.5,True,0.3896142542362213,0.6472392082214355,2.944469451904297e-05,2,yelp_review_full,nlpaueb/sec-bert-base
minkowski,0.75,False,1.0884126424789429,0.650270938873291,2.5987625122070312e-05,2,yelp_review_full,nlpaueb/sec-bert-base
minkowski,0.75,True,0.711980402469635,0.649616003036499,2.849102020263672e-05,2,yelp_review_full,nlpaueb/sec-bert-base
minkowski,1.0,False,1.203041434288025,0.6482372283935547,2.5987625122070312e-05,2,yelp_review_full,nlpaueb/sec-bert-base
minkowski,1.0,True,0.7613606452941895,0.6436758041381836,2.9087066650390625e-05,2,yelp_review_full,nlpaueb/sec-bert-base
chebyshev,0.0,False,0.10497543215751648,0.6400661468505859,1.609325408935547e-05,2,yelp_review_full,nlpaueb/sec-bert-base
chebyshev,0.0,True,0.25680723786354065,0.6323709487915039,2.5033950805664062e-05,2,yelp_review_full,nlpaueb/sec-bert-base
chebyshev,0.25,False,0.19036662578582764,0.6298708915710449,1.6927719116210938e-05,2,yelp_review_full,nlpaueb/sec-bert-base
chebyshev,0.25,True,0.18137042224407196,0.6329410076141357,2.4557113647460938e-05,2,yelp_review_full,nlpaueb/sec-bert-base
chebyshev,0.5,False,0.2601332664489746,0.6301467418670654,1.7523765563964844e-05,2,yelp_review_full,nlpaueb/sec-bert-base
chebyshev,0.5,True,0.3294053077697754,0.6278080940246582,2.7060508728027344e-05,2,yelp_review_full,nlpaueb/sec-bert-base
chebyshev,0.75,False,0.3325260877609253,0.6310479640960693,1.6927719116210938e-05,2,yelp_review_full,nlpaueb/sec-bert-base
chebyshev,0.75,True,0.6137015223503113,0.6285340785980225,2.5153160095214844e-05,2,yelp_review_full,nlpaueb/sec-bert-base
chebyshev,1.0,False,0.3846612572669983,0.6277058124542236,1.6450881958007812e-05,2,yelp_review_full,nlpaueb/sec-bert-base
chebyshev,1.0,True,0.6407164931297302,0.6290402412414551,2.396106719970703e-05,2,yelp_review_full,nlpaueb/sec-bert-base
canberra,0.0,False,98.49002838134766,0.6246399879455566,3.1948089599609375e-05,2,yelp_review_full,nlpaueb/sec-bert-base
canberra,0.0,True,2.0,0.6196081638336182,2.86102294921875e-05,2,yelp_review_full,nlpaueb/sec-bert-base
canberra,0.25,False,128.32586669921875,0.6247050762176514,2.2530555725097656e-05,2,yelp_review_full,nlpaueb/sec-bert-base
canberra,0.25,True,1.9713222980499268,0.6210629940032959,2.8967857360839844e-05,2,yelp_review_full,nlpaueb/sec-bert-base
canberra,0.5,False,177.1901092529297,0.6185710430145264,2.5510787963867188e-05,2,yelp_review_full,nlpaueb/sec-bert-base
canberra,0.5,True,1.983967661857605,0.6157197952270508,2.849102020263672e-05,2,yelp_review_full,nlpaueb/sec-bert-base
canberra,0.75,False,212.44320678710938,0.6126339435577393,2.4437904357910156e-05,2,yelp_review_full,nlpaueb/sec-bert-base
canberra,0.75,True,1.9874236583709717,0.6171541213989258,2.8967857360839844e-05,2,yelp_review_full,nlpaueb/sec-bert-base
canberra,1.0,False,207.12228393554688,0.6159532070159912,2.4437904357910156e-05,2,yelp_review_full,nlpaueb/sec-bert-base
canberra,1.0,True,1.986761450767517,0.615081787109375,2.849102020263672e-05,2,yelp_review_full,nlpaueb/sec-bert-base
mahalanobis,0.0,False,1.2612440351131362,0.7413961887359619,0.07942640781402588,0,yelp_review_full,bert-base-uncased
mahalanobis,0.0,True,0.3974994751809403,0.5688560009002686,0.00010645389556884766,0,yelp_review_full,bert-base-uncased
mahalanobis,0.25,False,4.4597063479727455,0.7282168865203857,0.08024382591247559,0,yelp_review_full,bert-base-uncased
mahalanobis,0.25,True,1.146865193823849,0.5681159496307373,9.453296661376953e-05,0,yelp_review_full,bert-base-uncased
mahalanobis,0.5,False,5.935629466516637,0.7374851703643799,0.07981002330780029,0,yelp_review_full,bert-base-uncased
mahalanobis,0.5,True,1.5400783160946867,0.5665342807769775,9.608268737792969e-05,0,yelp_review_full,bert-base-uncased
mahalanobis,0.75,False,6.552040530118926,0.7472078800201416,0.08065187931060791,0,yelp_review_full,bert-base-uncased
mahalanobis,0.75,True,1.248374448188189,0.5950849056243896,0.0001125335693359375,0,yelp_review_full,bert-base-uncased
mahalanobis,1.0,False,6.751603599095048,0.747481107711792,0.07891154289245605,0,yelp_review_full,bert-base-uncased
mahalanobis,1.0,True,1.5232637186512359,0.5804338455200195,8.749961853027344e-05,0,yelp_review_full,bert-base-uncased
euclidean,0.0,False,1.2550667524337769,0.5890989303588867,1.990795135498047e-05,0,yelp_review_full,bert-base-uncased
euclidean,0.0,True,0.39553481340408325,0.5951709747314453,2.4080276489257812e-05,0,yelp_review_full,bert-base-uncased
euclidean,0.25,False,3.886298894882202,0.5789709091186523,1.990795135498047e-05,0,yelp_review_full,bert-base-uncased
euclidean,0.25,True,0.952393114566803,0.5964388847351074,2.300739288330078e-05,0,yelp_review_full,bert-base-uncased
euclidean,0.5,False,6.198546409606934,0.5722560882568359,2.658367156982422e-05,0,yelp_review_full,bert-base-uncased
euclidean,0.5,True,1.7209843397140503,0.5724642276763916,2.849102020263672e-05,0,yelp_review_full,bert-base-uncased
euclidean,0.75,False,6.612555980682373,0.5695459842681885,1.7523765563964844e-05,0,yelp_review_full,bert-base-uncased
euclidean,0.75,True,1.3696147203445435,0.5685367584228516,2.5987625122070312e-05,0,yelp_review_full,bert-base-uncased
euclidean,1.0,False,6.499426364898682,0.5681698322296143,1.7881393432617188e-05,0,yelp_review_full,bert-base-uncased
euclidean,1.0,True,1.143144130706787,0.5682170391082764,2.3603439331054688e-05,0,yelp_review_full,bert-base-uncased
manhattan,0.0,False,27.586639404296875,0.5702781677246094,1.5020370483398438e-05,0,yelp_review_full,bert-base-uncased
manhattan,0.0,True,0.502220869064331,0.5684981346130371,2.4557113647460938e-05,0,yelp_review_full,bert-base-uncased
manhattan,0.25,False,92.98869323730469,0.5699539184570312,1.609325408935547e-05,0,yelp_review_full,bert-base-uncased
manhattan,0.25,True,1.7801320552825928,0.5691001415252686,2.1457672119140625e-05,0,yelp_review_full,bert-base-uncased
manhattan,0.5,False,130.38084411621094,0.5701150894165039,1.5020370483398438e-05,0,yelp_review_full,bert-base-uncased
manhattan,0.5,True,2.3160502910614014,0.5719192028045654,2.2649765014648438e-05,0,yelp_review_full,bert-base-uncased
manhattan,0.75,False,140.46177673339844,0.5717329978942871,1.7881393432617188e-05,0,yelp_review_full,bert-base-uncased
manhattan,0.75,True,1.6412383317947388,0.5708160400390625,2.0503997802734375e-05,0,yelp_review_full,bert-base-uncased
manhattan,1.0,False,138.1910858154297,0.5697777271270752,1.4543533325195312e-05,0,yelp_review_full,bert-base-uncased
manhattan,1.0,True,1.0712984800338745,0.5721180438995361,2.6345252990722656e-05,0,yelp_review_full,bert-base-uncased
minkowski,0.0,False,0.48672959208488464,0.5696561336517334,2.7060508728027344e-05,0,yelp_review_full,bert-base-uncased
minkowski,0.0,True,0.37918680906295776,0.5706160068511963,3.159046173095703e-05,0,yelp_review_full,bert-base-uncased
minkowski,0.25,False,1.5461152791976929,0.5699400901794434,2.3484230041503906e-05,0,yelp_review_full,bert-base-uncased
minkowski,0.25,True,0.8604862689971924,0.5689091682434082,3.039836883544922e-05,0,yelp_review_full,bert-base-uncased
minkowski,0.5,False,2.53308367729187,0.5702810287475586,2.4080276489257812e-05,0,yelp_review_full,bert-base-uncased
minkowski,0.5,True,1.464840054512024,0.5710370540618896,3.1948089599609375e-05,0,yelp_review_full,bert-base-uncased
minkowski,0.75,False,2.5066142082214355,0.5705301761627197,2.5510787963867188e-05,0,yelp_review_full,bert-base-uncased
minkowski,0.75,True,1.0776073932647705,0.5782680511474609,2.586841583251953e-05,0,yelp_review_full,bert-base-uncased
minkowski,1.0,False,2.728123426437378,0.5702271461486816,2.5987625122070312e-05,0,yelp_review_full,bert-base-uncased
minkowski,1.0,True,1.2507244348526,0.5722565650939941,2.7418136596679688e-05,0,yelp_review_full,bert-base-uncased
chebyshev,0.0,False,0.14183956384658813,0.5694599151611328,1.4781951904296875e-05,0,yelp_review_full,bert-base-uncased
chebyshev,0.0,True,0.3742666244506836,0.5699560642242432,2.193450927734375e-05,0,yelp_review_full,bert-base-uncased
chebyshev,0.25,False,0.772768497467041,0.568824052810669,1.5020370483398438e-05,0,yelp_review_full,bert-base-uncased
chebyshev,0.25,True,0.7387628555297852,0.5672390460968018,2.2530555725097656e-05,0,yelp_review_full,bert-base-uncased
chebyshev,0.5,False,1.4509592056274414,0.5696868896484375,2.2530555725097656e-05,0,yelp_review_full,bert-base-uncased
chebyshev,0.5,True,1.3136423826217651,0.5685060024261475,2.6464462280273438e-05,0,yelp_review_full,bert-base-uncased
chebyshev,0.75,False,1.4767837524414062,0.5694420337677002,2.3126602172851562e-05,0,yelp_review_full,bert-base-uncased
chebyshev,0.75,True,1.3638107776641846,0.5687971115112305,2.5987625122070312e-05,0,yelp_review_full,bert-base-uncased
chebyshev,1.0,False,1.3542981147766113,0.5693709850311279,1.633167266845703e-05,0,yelp_review_full,bert-base-uncased
chebyshev,1.0,True,1.2649784088134766,0.5691771507263184,2.2411346435546875e-05,0,yelp_review_full,bert-base-uncased
canberra,0.0,False,130.96156311035156,0.5705020427703857,1.895427703857422e-05,0,yelp_review_full,bert-base-uncased
canberra,0.0,True,1.9931824207305908,0.5825300216674805,2.7060508728027344e-05,0,yelp_review_full,bert-base-uncased
canberra,0.25,False,297.3337707519531,0.5845298767089844,2.09808349609375e-05,0,yelp_review_full,bert-base-uncased
canberra,0.25,True,1.9964492321014404,0.584946870803833,2.765655517578125e-05,0,yelp_review_full,bert-base-uncased
canberra,0.5,False,353.9169921875,0.581038236618042,2.09808349609375e-05,0,yelp_review_full,bert-base-uncased
canberra,0.5,True,1.992189645767212,0.5828311443328857,2.5987625122070312e-05,0,yelp_review_full,bert-base-uncased
canberra,0.75,False,370.8842468261719,0.5824849605560303,2.1457672119140625e-05,0,yelp_review_full,bert-base-uncased
canberra,0.75,True,1.9901156425476074,0.5790250301361084,2.6464462280273438e-05,0,yelp_review_full,bert-base-uncased
canberra,1.0,False,369.3394470214844,0.5816011428833008,1.9550323486328125e-05,0,yelp_review_full,bert-base-uncased
canberra,1.0,True,1.9922288656234741,0.5838148593902588,3.707408905029297e-05,0,yelp_review_full,bert-base-uncased
mahalanobis,0.0,False,1.4901335259213193,0.7322571277618408,0.07774722576141357,1,yelp_review_full,bert-base-uncased
mahalanobis,0.0,True,0.5228631829281019,0.5563027858734131,9.000301361083984e-05,1,yelp_review_full,bert-base-uncased
mahalanobis,0.25,False,4.860762747244087,0.7205550670623779,0.07880294322967529,1,yelp_review_full,bert-base-uncased
mahalanobis,0.25,True,2.4613766206443204,0.5603318214416504,8.893013000488281e-05,1,yelp_review_full,bert-base-uncased
mahalanobis,0.5,False,7.1819413495500415,0.7562379837036133,0.08574557304382324,1,yelp_review_full,bert-base-uncased
mahalanobis,0.5,True,3.5479562585928943,0.5633010864257812,8.90493392944336e-05,1,yelp_review_full,bert-base-uncased
mahalanobis,0.75,False,7.079146408693693,0.7502410411834717,0.07960295677185059,1,yelp_review_full,bert-base-uncased
mahalanobis,0.75,True,2.9124709908100357,0.5651569366455078,9.441375732421875e-05,1,yelp_review_full,bert-base-uncased
mahalanobis,1.0,False,7.194370705306446,0.7476499080657959,0.07812106609344482,1,yelp_review_full,bert-base-uncased
mahalanobis,1.0,True,2.8268641476004275,0.5664429664611816,8.344650268554688e-05,1,yelp_review_full,bert-base-uncased
euclidean,0.0,False,1.482702612876892,0.5869572162628174,1.895427703857422e-05,1,yelp_review_full,bert-base-uncased
euclidean,0.0,True,0.5203143954277039,0.592170000076294,2.4557113647460938e-05,1,yelp_review_full,bert-base-uncased
euclidean,0.25,False,4.594468593597412,0.590764045715332,1.7523765563964844e-05,1,yelp_review_full,bert-base-uncased
euclidean,0.25,True,2.269557476043701,0.5875799655914307,2.491474151611328e-05,1,yelp_review_full,bert-base-uncased
euclidean,0.5,False,6.493030548095703,0.5891430377960205,1.7523765563964844e-05,1,yelp_review_full,bert-base-uncased
euclidean,0.5,True,2.914896249771118,0.5958709716796875,3.2901763916015625e-05,1,yelp_review_full,bert-base-uncased
euclidean,0.75,False,7.224513530731201,0.5938570499420166,1.800060272216797e-05,1,yelp_review_full,bert-base-uncased
euclidean,0.75,True,3.0654726028442383,0.6023318767547607,2.4318695068359375e-05,1,yelp_review_full,bert-base-uncased
euclidean,1.0,False,6.980589866638184,0.6121957302093506,1.6808509826660156e-05,1,yelp_review_full,bert-base-uncased
euclidean,1.0,True,2.593573808670044,0.6001121997833252,6.258487701416016e-05,1,yelp_review_full,bert-base-uncased
manhattan,0.0,False,31.985750198364258,0.5985310077667236,1.4424324035644531e-05,1,yelp_review_full,bert-base-uncased
manhattan,0.0,True,0.6497316360473633,0.6082901954650879,1.9788742065429688e-05,1,yelp_review_full,bert-base-uncased
manhattan,0.25,False,99.32191467285156,0.6017138957977295,1.5497207641601562e-05,1,yelp_review_full,bert-base-uncased
manhattan,0.25,True,3.1682848930358887,0.5906350612640381,2.193450927734375e-05,1,yelp_review_full,bert-base-uncased
manhattan,0.5,False,151.2896270751953,0.5887689590454102,1.5497207641601562e-05,1,yelp_review_full,bert-base-uncased
manhattan,0.5,True,5.011338233947754,0.6054122447967529,2.2649765014648438e-05,1,yelp_review_full,bert-base-uncased
manhattan,0.75,False,147.34072875976562,0.6104967594146729,2.682209014892578e-05,1,yelp_review_full,bert-base-uncased
manhattan,0.75,True,3.724175453186035,0.6023359298706055,2.0503997802734375e-05,1,yelp_review_full,bert-base-uncased
manhattan,1.0,False,155.284912109375,0.5936861038208008,1.5974044799804688e-05,1,yelp_review_full,bert-base-uncased
manhattan,1.0,True,4.147510051727295,0.5944397449493408,2.4318695068359375e-05,1,yelp_review_full,bert-base-uncased
minkowski,0.0,False,0.6003450751304626,0.6025221347808838,2.4080276489257812e-05,1,yelp_review_full,bert-base-uncased
minkowski,0.0,True,0.5022662878036499,0.6113781929016113,2.7418136596679688e-05,1,yelp_review_full,bert-base-uncased
minkowski,0.25,False,1.9385459423065186,0.6042602062225342,2.396106719970703e-05,1,yelp_review_full,bert-base-uncased
minkowski,0.25,True,2.021467685699463,0.6013119220733643,3.695487976074219e-05,1,yelp_review_full,bert-base-uncased
minkowski,0.5,False,2.776700735092163,0.595526933670044,2.3126602172851562e-05,1,yelp_review_full,bert-base-uncased
minkowski,0.5,True,2.6945126056671143,0.5950520038604736,2.7298927307128906e-05,1,yelp_review_full,bert-base-uncased
minkowski,0.75,False,3.073906898498535,0.6119060516357422,2.300739288330078e-05,1,yelp_review_full,bert-base-uncased
minkowski,0.75,True,2.8928604125976562,0.6190478801727295,2.6464462280273438e-05,1,yelp_review_full,bert-base-uncased
minkowski,1.0,False,3.000258445739746,0.6158938407897949,2.3484230041503906e-05,1,yelp_review_full,bert-base-uncased
minkowski,1.0,True,2.6340548992156982,0.6200721263885498,2.586841583251953e-05,1,yelp_review_full,bert-base-uncased
chebyshev,0.0,False,0.3373889923095703,0.6212489604949951,1.7523765563964844e-05,1,yelp_review_full,bert-base-uncased
chebyshev,0.0,True,0.4975671172142029,0.640920877456665,2.7060508728027344e-05,1,yelp_review_full,bert-base-uncased
chebyshev,0.25,False,1.4304170608520508,0.6174662113189697,1.704692840576172e-05,1,yelp_review_full,bert-base-uncased
chebyshev,0.25,True,1.9205296039581299,0.6207177639007568,2.2411346435546875e-05,1,yelp_review_full,bert-base-uncased
chebyshev,0.5,False,1.6877655982971191,0.6093709468841553,1.6927719116210938e-05,1,yelp_review_full,bert-base-uncased
chebyshev,0.5,True,2.35598087310791,0.6069161891937256,2.8252601623535156e-05,1,yelp_review_full,bert-base-uncased
chebyshev,0.75,False,1.7514705657958984,0.6049621105194092,1.895427703857422e-05,1,yelp_review_full,bert-base-uncased
chebyshev,0.75,True,2.3403875827789307,0.6128129959106445,2.2530555725097656e-05,1,yelp_review_full,bert-base-uncased
chebyshev,1.0,False,1.5993056297302246,0.6020939350128174,1.5020370483398438e-05,1,yelp_review_full,bert-base-uncased
chebyshev,1.0,True,2.0982301235198975,0.6028947830200195,2.300739288330078e-05,1,yelp_review_full,bert-base-uncased
canberra,0.0,False,135.87884521484375,0.6022257804870605,2.09808349609375e-05,1,yelp_review_full,bert-base-uncased
canberra,0.0,True,2.0,0.6025111675262451,2.765655517578125e-05,1,yelp_review_full,bert-base-uncased
canberra,0.25,False,301.55059814453125,0.5961709022521973,2.09808349609375e-05,1,yelp_review_full,bert-base-uncased
canberra,0.25,True,1.9959157705307007,0.5979187488555908,2.956390380859375e-05,1,yelp_review_full,bert-base-uncased
canberra,0.5,False,356.0318603515625,0.5973489284515381,2.2292137145996094e-05,1,yelp_review_full,bert-base-uncased
canberra,0.5,True,1.9945189952850342,0.6063640117645264,2.9087066650390625e-05,1,yelp_review_full,bert-base-uncased
canberra,0.75,False,372.793212890625,0.5965290069580078,2.3126602172851562e-05,1,yelp_review_full,bert-base-uncased
canberra,0.75,True,1.995168924331665,0.6028029918670654,2.753734588623047e-05,1,yelp_review_full,bert-base-uncased
canberra,1.0,False,377.0035400390625,0.5981459617614746,2.7060508728027344e-05,1,yelp_review_full,bert-base-uncased
canberra,1.0,True,1.9977622032165527,0.5899410247802734,2.7894973754882812e-05,1,yelp_review_full,bert-base-uncased
mahalanobis,0.0,False,1.1634885769189725,0.7558889389038086,0.08954942226409912,2,yelp_review_full,bert-base-uncased
mahalanobis,0.0,True,0.056662465891779465,0.569094181060791,9.47713851928711e-05,2,yelp_review_full,bert-base-uncased
mahalanobis,0.25,False,4.695653893452861,0.7891640663146973,0.09091770648956299,2,yelp_review_full,bert-base-uncased
mahalanobis,0.25,True,2.5234711078266505,0.5881500244140625,9.298324584960938e-05,2,yelp_review_full,bert-base-uncased
mahalanobis,0.5,False,6.803950044824197,0.8058109283447266,0.09040319919586182,2,yelp_review_full,bert-base-uncased
mahalanobis,0.5,True,3.517632421922288,0.5862259864807129,9.09566879272461e-05,2,yelp_review_full,bert-base-uncased
mahalanobis,0.75,False,7.257241323652744,0.7970638275146484,0.09168410301208496,2,yelp_review_full,bert-base-uncased
mahalanobis,0.75,True,3.670923809838531,0.5968308448791504,9.000301361083984e-05,2,yelp_review_full,bert-base-uncased
mahalanobis,1.0,False,7.707684122958811,0.8284709453582764,0.09709370136260986,2,yelp_review_full,bert-base-uncased
mahalanobis,1.0,True,3.9309885415850947,0.64847731590271,9.989738464355469e-05,2,yelp_review_full,bert-base-uncased
euclidean,0.0,False,1.1576783657073975,0.678980827331543,1.9788742065429688e-05,2,yelp_review_full,bert-base-uncased
euclidean,0.0,True,0.05638137087225914,0.6758530139923096,2.8371810913085938e-05,2,yelp_review_full,bert-base-uncased
euclidean,0.25,False,4.705840587615967,0.6722819805145264,2.2530555725097656e-05,2,yelp_review_full,bert-base-uncased
euclidean,0.25,True,2.5182597637176514,0.6200556755065918,2.753734588623047e-05,2,yelp_review_full,bert-base-uncased
euclidean,0.5,False,6.954996585845947,0.612069845199585,2.09808349609375e-05,2,yelp_review_full,bert-base-uncased
euclidean,0.5,True,3.694943904876709,0.6154999732971191,2.6464462280273438e-05,2,yelp_review_full,bert-base-uncased
euclidean,0.75,False,7.364255905151367,0.6098461151123047,2.014636993408203e-05,2,yelp_review_full,bert-base-uncased
euclidean,0.75,True,3.656667947769165,0.6138451099395752,2.586841583251953e-05,2,yelp_review_full,bert-base-uncased
euclidean,1.0,False,7.358898639678955,0.608781099319458,2.205371856689453e-05,2,yelp_review_full,bert-base-uncased
euclidean,1.0,True,3.5529823303222656,0.6087431907653809,2.8014183044433594e-05,2,yelp_review_full,bert-base-uncased
manhattan,0.0,False,25.247562408447266,0.6053187847137451,1.8477439880371094e-05,2,yelp_review_full,bert-base-uncased
manhattan,0.0,True,0.0697823017835617,0.6035120487213135,2.6226043701171875e-05,2,yelp_review_full,bert-base-uncased
manhattan,0.25,False,100.93536376953125,0.6019599437713623,2.2530555725097656e-05,2,yelp_review_full,bert-base-uncased
manhattan,0.25,True,2.762993335723877,0.6009738445281982,2.5391578674316406e-05,2,yelp_review_full,bert-base-uncased
manhattan,0.5,False,152.75552368164062,0.5973851680755615,1.800060272216797e-05,2,yelp_review_full,bert-base-uncased
manhattan,0.5,True,4.002528190612793,0.5949339866638184,2.9087066650390625e-05,2,yelp_review_full,bert-base-uncased
manhattan,0.75,False,162.42434692382812,0.5967249870300293,1.800060272216797e-05,2,yelp_review_full,bert-base-uncased
manhattan,0.75,True,3.9374845027923584,0.5959322452545166,2.753734588623047e-05,2,yelp_review_full,bert-base-uncased
manhattan,1.0,False,162.80462646484375,0.5928621292114258,1.8358230590820312e-05,2,yelp_review_full,bert-base-uncased
manhattan,1.0,True,3.9863574504852295,0.5929949283599854,2.753734588623047e-05,2,yelp_review_full,bert-base-uncased
minkowski,0.0,False,0.4512486457824707,0.5936470031738281,2.753734588623047e-05,2,yelp_review_full,bert-base-uncased
minkowski,0.0,True,0.05460736155509949,0.5942537784576416,3.230571746826172e-05,2,yelp_review_full,bert-base-uncased
minkowski,0.25,False,2.0980138778686523,0.5920801162719727,2.8014183044433594e-05,2,yelp_review_full,bert-base-uncased
minkowski,0.25,True,2.736668109893799,0.5937981605529785,3.147125244140625e-05,2,yelp_review_full,bert-base-uncased
minkowski,0.5,False,2.881424903869629,0.5903642177581787,2.7060508728027344e-05,2,yelp_review_full,bert-base-uncased
minkowski,0.5,True,3.7561612129211426,0.591144323348999,3.3020973205566406e-05,2,yelp_review_full,bert-base-uncased
minkowski,0.75,False,3.0249850749969482,0.5927810668945312,2.8014183044433594e-05,2,yelp_review_full,bert-base-uncased
minkowski,0.75,True,3.7743966579437256,0.5920109748840332,3.743171691894531e-05,2,yelp_review_full,bert-base-uncased
minkowski,1.0,False,2.9104161262512207,0.5889418125152588,2.8014183044433594e-05,2,yelp_review_full,bert-base-uncased
minkowski,1.0,True,3.516218662261963,0.5883147716522217,3.1948089599609375e-05,2,yelp_review_full,bert-base-uncased
chebyshev,0.0,False,0.15839076042175293,0.5897531509399414,1.800060272216797e-05,2,yelp_review_full,bert-base-uncased
chebyshev,0.0,True,0.05417941138148308,0.5907409191131592,2.8967857360839844e-05,2,yelp_review_full,bert-base-uncased
chebyshev,0.25,False,1.0049686431884766,0.6113419532775879,2.0384788513183594e-05,2,yelp_review_full,bert-base-uncased
chebyshev,0.25,True,2.4111146926879883,0.5907261371612549,3.0517578125e-05,2,yelp_review_full,bert-base-uncased
chebyshev,0.5,False,1.875256061553955,0.590336799621582,1.919269561767578e-05,2,yelp_review_full,bert-base-uncased
chebyshev,0.5,True,3.8123738765716553,0.5904712677001953,3.123283386230469e-05,2,yelp_review_full,bert-base-uncased
chebyshev,0.75,False,1.7066988945007324,0.5894989967346191,1.8596649169921875e-05,2,yelp_review_full,bert-base-uncased
chebyshev,0.75,True,3.6720681190490723,0.5910148620605469,3.0159950256347656e-05,2,yelp_review_full,bert-base-uncased
chebyshev,1.0,False,1.8323521614074707,0.5904881954193115,2.0384788513183594e-05,2,yelp_review_full,bert-base-uncased
chebyshev,1.0,True,3.778498411178589,0.5867729187011719,2.86102294921875e-05,2,yelp_review_full,bert-base-uncased
canberra,0.0,False,117.87751770019531,0.5861623287200928,2.7418136596679688e-05,2,yelp_review_full,bert-base-uncased
canberra,0.0,True,2.0,0.5817739963531494,3.3020973205566406e-05,2,yelp_review_full,bert-base-uncased
canberra,0.25,False,325.3546142578125,0.5839171409606934,2.682209014892578e-05,2,yelp_review_full,bert-base-uncased
canberra,0.25,True,1.9966044425964355,0.5860390663146973,3.409385681152344e-05,2,yelp_review_full,bert-base-uncased
canberra,0.5,False,366.341796875,0.5830798149108887,2.658367156982422e-05,2,yelp_review_full,bert-base-uncased
canberra,0.5,True,1.99497652053833,0.583258867263794,3.3974647521972656e-05,2,yelp_review_full,bert-base-uncased
canberra,0.75,False,385.75042724609375,0.5822629928588867,2.562999725341797e-05,2,yelp_review_full,bert-base-uncased
canberra,0.75,True,1.9953888654708862,0.5852952003479004,3.457069396972656e-05,2,yelp_review_full,bert-base-uncased
canberra,1.0,False,385.8458251953125,0.5964751243591309,2.6464462280273438e-05,2,yelp_review_full,bert-base-uncased
canberra,1.0,True,1.9954484701156616,0.5895018577575684,3.349781036376953e-05,2,yelp_review_full,bert-base-uncased
mahalanobis,0.0,False,1.7085827208018085,0.7190248966217041,0.07750368118286133,0,wikitext,nlpaueb/sec-bert-base
mahalanobis,0.0,True,1.2811159501903302,0.5499000549316406,0.00011754035949707031,0,wikitext,nlpaueb/sec-bert-base
mahalanobis,0.25,False,1.7939707909868703,0.7203819751739502,0.07795393466949463,0,wikitext,nlpaueb/sec-bert-base
mahalanobis,0.25,True,1.2338647427502878,0.5495460033416748,8.296966552734375e-05,0,wikitext,nlpaueb/sec-bert-base
mahalanobis,0.5,False,2.256697651480716,0.7044870853424072,0.07723748683929443,0,wikitext,nlpaueb/sec-bert-base
mahalanobis,0.5,True,1.2454904688797437,0.550225019454956,9.85860824584961e-05,0,wikitext,nlpaueb/sec-bert-base
mahalanobis,0.75,False,2.5272284258703084,0.7199609279632568,0.0791318416595459,0,wikitext,nlpaueb/sec-bert-base
mahalanobis,0.75,True,1.203872911565356,0.5483200550079346,8.71419906616211e-05,0,wikitext,nlpaueb/sec-bert-base
mahalanobis,1.0,False,2.582436634704825,0.7068758010864258,0.0783536434173584,0,wikitext,nlpaueb/sec-bert-base
mahalanobis,1.0,True,1.2987450095090705,0.5493011474609375,9.119510650634766e-05,0,wikitext,nlpaueb/sec-bert-base
euclidean,0.0,False,1.7013757228851318,0.5486171245574951,1.8835067749023438e-05,0,wikitext,nlpaueb/sec-bert-base
euclidean,0.0,True,1.2755370140075684,0.5512640476226807,2.4437904357910156e-05,0,wikitext,nlpaueb/sec-bert-base
euclidean,0.25,False,1.7960691452026367,0.5490517616271973,1.9073486328125e-05,0,wikitext,nlpaueb/sec-bert-base
euclidean,0.25,True,1.2378569841384888,0.5497541427612305,2.4437904357910156e-05,0,wikitext,nlpaueb/sec-bert-base
euclidean,0.5,False,2.149209499359131,0.550469160079956,2.002716064453125e-05,0,wikitext,nlpaueb/sec-bert-base
euclidean,0.5,True,1.2032747268676758,0.5521228313446045,2.9206275939941406e-05,0,wikitext,nlpaueb/sec-bert-base
euclidean,0.75,False,2.3751089572906494,0.55025315284729,1.895427703857422e-05,0,wikitext,nlpaueb/sec-bert-base
euclidean,0.75,True,1.1644415855407715,0.5503101348876953,2.5987625122070312e-05,0,wikitext,nlpaueb/sec-bert-base
euclidean,1.0,False,2.5274441242218018,0.5497961044311523,1.895427703857422e-05,0,wikitext,nlpaueb/sec-bert-base
euclidean,1.0,True,1.1976616382598877,0.5508449077606201,2.5510787963867188e-05,0,wikitext,nlpaueb/sec-bert-base
manhattan,0.0,False,37.49186706542969,0.5507040023803711,1.704692840576172e-05,0,wikitext,nlpaueb/sec-bert-base
manhattan,0.0,True,1.455606460571289,0.550048828125,2.3484230041503906e-05,0,wikitext,nlpaueb/sec-bert-base
manhattan,0.25,False,40.182289123535156,0.5501039028167725,1.704692840576172e-05,0,wikitext,nlpaueb/sec-bert-base
manhattan,0.25,True,1.578211784362793,0.5500407218933105,2.4318695068359375e-05,0,wikitext,nlpaueb/sec-bert-base
manhattan,0.5,False,47.395992279052734,0.552116870880127,2.014636993408203e-05,0,wikitext,nlpaueb/sec-bert-base
manhattan,0.5,True,1.6190577745437622,0.553663969039917,2.2411346435546875e-05,0,wikitext,nlpaueb/sec-bert-base
manhattan,0.75,False,53.36346435546875,0.5531811714172363,1.7523765563964844e-05,0,wikitext,nlpaueb/sec-bert-base
manhattan,0.75,True,1.6201496124267578,0.5557351112365723,2.7179718017578125e-05,0,wikitext,nlpaueb/sec-bert-base
manhattan,1.0,False,54.08244323730469,0.5564911365509033,1.728534698486328e-05,0,wikitext,nlpaueb/sec-bert-base
manhattan,1.0,True,1.6842690706253052,0.5577871799468994,2.3365020751953125e-05,0,wikitext,nlpaueb/sec-bert-base
minkowski,0.0,False,0.6597334742546082,0.5586121082305908,2.562999725341797e-05,0,wikitext,nlpaueb/sec-bert-base
minkowski,0.0,True,1.262087345123291,0.5606207847595215,4.7326087951660156e-05,0,wikitext,nlpaueb/sec-bert-base
minkowski,0.25,False,0.7064109444618225,0.5619137287139893,2.5987625122070312e-05,0,wikitext,nlpaueb/sec-bert-base
minkowski,0.25,True,1.1852900981903076,0.5619332790374756,2.9087066650390625e-05,0,wikitext,nlpaueb/sec-bert-base
minkowski,0.5,False,0.8185622096061707,0.5615530014038086,2.5987625122070312e-05,0,wikitext,nlpaueb/sec-bert-base
minkowski,0.5,True,1.1247485876083374,0.5627200603485107,3.039836883544922e-05,0,wikitext,nlpaueb/sec-bert-base
minkowski,0.75,False,0.9484378099441528,0.5623033046722412,2.4557113647460938e-05,0,wikitext,nlpaueb/sec-bert-base
minkowski,0.75,True,1.0478380918502808,0.563154935836792,3.230571746826172e-05,0,wikitext,nlpaueb/sec-bert-base
minkowski,1.0,False,0.9820976257324219,0.5624980926513672,2.8014183044433594e-05,0,wikitext,nlpaueb/sec-bert-base
minkowski,1.0,True,1.0968506336212158,0.5634942054748535,3.993511199951172e-05,0,wikitext,nlpaueb/sec-bert-base
chebyshev,0.0,False,0.21819640696048737,0.5647270679473877,1.71661376953125e-05,0,wikitext,nlpaueb/sec-bert-base
chebyshev,0.0,True,1.2605319023132324,0.5632228851318359,2.8967857360839844e-05,0,wikitext,nlpaueb/sec-bert-base
chebyshev,0.25,False,0.27034521102905273,0.5643939971923828,1.6450881958007812e-05,0,wikitext,nlpaueb/sec-bert-base
chebyshev,0.25,True,1.180856704711914,0.5638530254364014,2.8848648071289062e-05,0,wikitext,nlpaueb/sec-bert-base
chebyshev,0.5,False,0.3107447028160095,0.5648109912872314,1.6570091247558594e-05,0,wikitext,nlpaueb/sec-bert-base
chebyshev,0.5,True,1.1643521785736084,0.5665178298950195,2.467632293701172e-05,0,wikitext,nlpaueb/sec-bert-base
chebyshev,0.75,False,0.3400536775588989,0.565727949142456,1.6450881958007812e-05,0,wikitext,nlpaueb/sec-bert-base
chebyshev,0.75,True,1.037591814994812,0.5649199485778809,2.4437904357910156e-05,0,wikitext,nlpaueb/sec-bert-base
chebyshev,1.0,False,0.3379177451133728,0.5657939910888672,1.5020370483398438e-05,0,wikitext,nlpaueb/sec-bert-base
chebyshev,1.0,True,1.0342450141906738,0.565432071685791,2.3365020751953125e-05,0,wikitext,nlpaueb/sec-bert-base
canberra,0.0,False,208.85992431640625,0.564072847366333,2.0623207092285156e-05,0,wikitext,nlpaueb/sec-bert-base
canberra,0.0,True,1.978912115097046,0.5668091773986816,2.682209014892578e-05,0,wikitext,nlpaueb/sec-bert-base
canberra,0.25,False,213.87869262695312,0.5668783187866211,2.110004425048828e-05,0,wikitext,nlpaueb/sec-bert-base
canberra,0.25,True,1.9836292266845703,0.5673408508300781,2.9921531677246094e-05,0,wikitext,nlpaueb/sec-bert-base
canberra,0.5,False,236.12118530273438,0.5675411224365234,2.8967857360839844e-05,0,wikitext,nlpaueb/sec-bert-base
canberra,0.5,True,1.9867923259735107,0.5673043727874756,2.5987625122070312e-05,0,wikitext,nlpaueb/sec-bert-base
canberra,0.75,False,253.61219787597656,0.5679512023925781,2.0384788513183594e-05,0,wikitext,nlpaueb/sec-bert-base
canberra,0.75,True,1.9881489276885986,0.5677127838134766,2.658367156982422e-05,0,wikitext,nlpaueb/sec-bert-base
canberra,1.0,False,255.85821533203125,0.568047046661377,2.300739288330078e-05,0,wikitext,nlpaueb/sec-bert-base
canberra,1.0,True,1.988793134689331,0.5681557655334473,3.24249267578125e-05,0,wikitext,nlpaueb/sec-bert-base
mahalanobis,0.0,False,1.2494083588875855,0.7102041244506836,0.07735168933868408,1,wikitext,nlpaueb/sec-bert-base
mahalanobis,0.0,True,0.6725264433406467,0.5516982078552246,9.000301361083984e-05,1,wikitext,nlpaueb/sec-bert-base
mahalanobis,0.25,False,1.5102753805353506,0.7122220993041992,0.07931160926818848,1,wikitext,nlpaueb/sec-bert-base
mahalanobis,0.25,True,0.871203076570346,0.5482919216156006,8.7738037109375e-05,1,wikitext,nlpaueb/sec-bert-base
mahalanobis,0.5,False,1.9848645687532593,0.7211089134216309,0.08002495765686035,1,wikitext,nlpaueb/sec-bert-base
mahalanobis,0.5,True,0.9951272588966523,0.5483391284942627,0.00010466575622558594,1,wikitext,nlpaueb/sec-bert-base
mahalanobis,0.75,False,2.2590469461689575,0.7091131210327148,0.07864058017730713,1,wikitext,nlpaueb/sec-bert-base
mahalanobis,0.75,True,1.1569280983715404,0.5478701591491699,8.83340835571289e-05,1,wikitext,nlpaueb/sec-bert-base
mahalanobis,1.0,False,2.147245458542813,0.71840500831604,0.07835876941680908,1,wikitext,nlpaueb/sec-bert-base
mahalanobis,1.0,True,0.964987323563023,0.5483448505401611,0.00010836124420166016,1,wikitext,nlpaueb/sec-bert-base
euclidean,0.0,False,1.2435277700424194,0.5495040416717529,1.8477439880371094e-05,1,wikitext,nlpaueb/sec-bert-base
euclidean,0.0,True,0.6695496439933777,0.5497357845306396,2.47955322265625e-05,1,wikitext,nlpaueb/sec-bert-base
euclidean,0.25,False,1.4960087537765503,0.5489799976348877,2.0503997802734375e-05,1,wikitext,nlpaueb/sec-bert-base
euclidean,0.25,True,0.8002788424491882,0.5498919486999512,2.7418136596679688e-05,1,wikitext,nlpaueb/sec-bert-base
euclidean,0.5,False,1.9082396030426025,0.5525338649749756,2.002716064453125e-05,1,wikitext,nlpaueb/sec-bert-base
euclidean,0.5,True,1.0164058208465576,0.5605449676513672,2.491474151611328e-05,1,wikitext,nlpaueb/sec-bert-base
euclidean,0.75,False,2.186354637145996,0.5558080673217773,5.4955482482910156e-05,1,wikitext,nlpaueb/sec-bert-base
euclidean,0.75,True,1.0871318578720093,0.556210994720459,2.5987625122070312e-05,1,wikitext,nlpaueb/sec-bert-base
euclidean,1.0,False,2.1986966133117676,0.559600830078125,2.2411346435546875e-05,1,wikitext,nlpaueb/sec-bert-base
euclidean,1.0,True,0.9128186106681824,0.5811209678649902,2.2649765014648438e-05,1,wikitext,nlpaueb/sec-bert-base
manhattan,0.0,False,27.542037963867188,0.593623161315918,1.6927719116210938e-05,1,wikitext,nlpaueb/sec-bert-base
manhattan,0.0,True,0.9461208581924438,0.6121528148651123,2.0384788513183594e-05,1,wikitext,nlpaueb/sec-bert-base
manhattan,0.25,False,31.562164306640625,0.6178207397460938,1.621246337890625e-05,1,wikitext,nlpaueb/sec-bert-base
manhattan,0.25,True,1.1505126953125,0.6163280010223389,1.9788742065429688e-05,1,wikitext,nlpaueb/sec-bert-base
manhattan,0.5,False,41.99049377441406,0.6185340881347656,1.5139579772949219e-05,1,wikitext,nlpaueb/sec-bert-base
manhattan,0.5,True,1.350172519683838,0.6169500350952148,2.0384788513183594e-05,1,wikitext,nlpaueb/sec-bert-base
manhattan,0.75,False,46.682212829589844,0.6220741271972656,1.5974044799804688e-05,1,wikitext,nlpaueb/sec-bert-base
manhattan,0.75,True,1.50762939453125,0.6220149993896484,2.2649765014648438e-05,1,wikitext,nlpaueb/sec-bert-base
manhattan,1.0,False,51.45172882080078,0.6224071979522705,1.5497207641601562e-05,1,wikitext,nlpaueb/sec-bert-base
manhattan,1.0,True,1.5310978889465332,0.6236650943756104,2.1457672119140625e-05,1,wikitext,nlpaueb/sec-bert-base
minkowski,0.0,False,0.4788459837436676,0.6195290088653564,2.3126602172851562e-05,1,wikitext,nlpaueb/sec-bert-base
minkowski,0.0,True,0.5969818830490112,0.6183412075042725,3.7550926208496094e-05,1,wikitext,nlpaueb/sec-bert-base
minkowski,0.25,False,0.5605953335762024,0.6176199913024902,2.1457672119140625e-05,1,wikitext,nlpaueb/sec-bert-base
minkowski,0.25,True,0.7159931659698486,0.6202309131622314,2.5987625122070312e-05,1,wikitext,nlpaueb/sec-bert-base
minkowski,0.5,False,0.7644929885864258,0.621229887008667,2.2411346435546875e-05,1,wikitext,nlpaueb/sec-bert-base
minkowski,0.5,True,0.8827527761459351,0.6231508255004883,3.707408905029297e-05,1,wikitext,nlpaueb/sec-bert-base
minkowski,0.75,False,0.8440802693367004,0.6192450523376465,2.396106719970703e-05,1,wikitext,nlpaueb/sec-bert-base
minkowski,0.75,True,0.9393616318702698,0.6194987297058105,2.8014183044433594e-05,1,wikitext,nlpaueb/sec-bert-base
minkowski,1.0,False,0.927216112613678,0.6198961734771729,2.205371856689453e-05,1,wikitext,nlpaueb/sec-bert-base
minkowski,1.0,True,0.9229287505149841,0.6199557781219482,2.6106834411621094e-05,1,wikitext,nlpaueb/sec-bert-base
chebyshev,0.0,False,0.13451117277145386,0.6209089756011963,1.5139579772949219e-05,1,wikitext,nlpaueb/sec-bert-base
chebyshev,0.0,True,0.4920915365219116,0.6198980808258057,2.3603439331054688e-05,1,wikitext,nlpaueb/sec-bert-base
chebyshev,0.25,False,0.1885538548231125,0.6238448619842529,1.5616416931152344e-05,1,wikitext,nlpaueb/sec-bert-base
chebyshev,0.25,True,0.6258904933929443,0.6266140937805176,3.3020973205566406e-05,1,wikitext,nlpaueb/sec-bert-base
chebyshev,0.5,False,0.25238391757011414,0.6287710666656494,1.4901161193847656e-05,1,wikitext,nlpaueb/sec-bert-base
chebyshev,0.5,True,0.7484818696975708,0.6360230445861816,2.5033950805664062e-05,1,wikitext,nlpaueb/sec-bert-base
chebyshev,0.75,False,0.3071051836013794,0.6316919326782227,1.6570091247558594e-05,1,wikitext,nlpaueb/sec-bert-base
chebyshev,0.75,True,0.7834182381629944,0.6293809413909912,2.2530555725097656e-05,1,wikitext,nlpaueb/sec-bert-base
chebyshev,1.0,False,0.2913602590560913,0.6244380474090576,1.5139579772949219e-05,1,wikitext,nlpaueb/sec-bert-base
chebyshev,1.0,True,0.7662641406059265,0.6282820701599121,2.205371856689453e-05,1,wikitext,nlpaueb/sec-bert-base
canberra,0.0,False,179.982421875,0.6268811225891113,2.002716064453125e-05,1,wikitext,nlpaueb/sec-bert-base
canberra,0.0,True,1.9797784090042114,0.6296660900115967,2.467632293701172e-05,1,wikitext,nlpaueb/sec-bert-base
canberra,0.25,False,192.37481689453125,0.6259839534759521,1.9431114196777344e-05,1,wikitext,nlpaueb/sec-bert-base
canberra,0.25,True,1.9823803901672363,0.6338660717010498,3.540515899658203e-05,1,wikitext,nlpaueb/sec-bert-base
canberra,0.5,False,216.129150390625,0.6340758800506592,1.9431114196777344e-05,1,wikitext,nlpaueb/sec-bert-base
canberra,0.5,True,1.9829341173171997,0.6304221153259277,2.5033950805664062e-05,1,wikitext,nlpaueb/sec-bert-base
canberra,0.75,False,234.25782775878906,0.6335270404815674,2.086162567138672e-05,1,wikitext,nlpaueb/sec-bert-base
canberra,0.75,True,1.9857333898544312,0.635901927947998,3.5881996154785156e-05,1,wikitext,nlpaueb/sec-bert-base
canberra,1.0,False,236.84375,0.6305389404296875,2.1576881408691406e-05,1,wikitext,nlpaueb/sec-bert-base
canberra,1.0,True,1.9859988689422607,0.6293649673461914,2.4557113647460938e-05,1,wikitext,nlpaueb/sec-bert-base
mahalanobis,0.0,False,1.0911454084114218,0.721351146697998,0.07693755626678467,2,wikitext,nlpaueb/sec-bert-base
mahalanobis,0.0,True,0.06144322905098247,0.551278829574585,8.594989776611328e-05,2,wikitext,nlpaueb/sec-bert-base
mahalanobis,0.25,False,1.3441671511458422,0.7160971164703369,0.0782235860824585,2,wikitext,nlpaueb/sec-bert-base
mahalanobis,0.25,True,0.028590221557692037,0.5497801303863525,9.560585021972656e-05,2,wikitext,nlpaueb/sec-bert-base
mahalanobis,0.5,False,1.9004213493961928,0.7101879119873047,0.07829833030700684,2,wikitext,nlpaueb/sec-bert-base
mahalanobis,0.5,True,0.1689872230408947,0.5496580600738525,9.417533874511719e-05,2,wikitext,nlpaueb/sec-bert-base
mahalanobis,0.75,False,2.0497907281345222,0.7087547779083252,0.07832205295562744,2,wikitext,nlpaueb/sec-bert-base
mahalanobis,0.75,True,0.29257489646718754,0.5507500171661377,9.298324584960938e-05,2,wikitext,nlpaueb/sec-bert-base
mahalanobis,1.0,False,2.100205777665482,0.7114119529724121,0.07919657230377197,2,wikitext,nlpaueb/sec-bert-base
mahalanobis,1.0,True,0.22225930573384517,0.5545599460601807,8.559226989746094e-05,2,wikitext,nlpaueb/sec-bert-base
euclidean,0.0,False,1.0857257843017578,0.564939022064209,2.0503997802734375e-05,2,wikitext,nlpaueb/sec-bert-base
euclidean,0.0,True,0.06113559380173683,0.5565838813781738,2.658367156982422e-05,2,wikitext,nlpaueb/sec-bert-base
euclidean,0.25,False,1.4004342555999756,0.5549020767211914,2.002716064453125e-05,2,wikitext,nlpaueb/sec-bert-base
euclidean,0.25,True,0.07240508496761322,0.572016716003418,2.8014183044433594e-05,2,wikitext,nlpaueb/sec-bert-base
euclidean,0.5,False,1.7985914945602417,0.6389119625091553,2.110004425048828e-05,2,wikitext,nlpaueb/sec-bert-base
euclidean,0.5,True,0.18630023300647736,0.6835992336273193,3.0159950256347656e-05,2,wikitext,nlpaueb/sec-bert-base
euclidean,0.75,False,2.0121970176696777,0.7589399814605713,2.1457672119140625e-05,2,wikitext,nlpaueb/sec-bert-base
euclidean,0.75,True,0.1613684594631195,0.752495288848877,2.4437904357910156e-05,2,wikitext,nlpaueb/sec-bert-base
euclidean,1.0,False,2.0969290733337402,0.6642642021179199,1.895427703857422e-05,2,wikitext,nlpaueb/sec-bert-base
euclidean,1.0,True,0.2987399101257324,0.6625027656555176,2.5033950805664062e-05,2,wikitext,nlpaueb/sec-bert-base
manhattan,0.0,False,23.79963493347168,0.6479072570800781,1.609325408935547e-05,2,wikitext,nlpaueb/sec-bert-base
manhattan,0.0,True,0.0755309984087944,0.6589930057525635,2.384185791015625e-05,2,wikitext,nlpaueb/sec-bert-base
manhattan,0.25,False,30.30804443359375,0.6518559455871582,1.8477439880371094e-05,2,wikitext,nlpaueb/sec-bert-base
manhattan,0.25,True,0.07833625376224518,0.666766881942749,2.2530555725097656e-05,2,wikitext,nlpaueb/sec-bert-base
manhattan,0.5,False,40.257049560546875,0.6630520820617676,1.8477439880371094e-05,2,wikitext,nlpaueb/sec-bert-base
manhattan,0.5,True,0.11592759937047958,0.6431829929351807,2.1576881408691406e-05,2,wikitext,nlpaueb/sec-bert-base
manhattan,0.75,False,45.837791442871094,0.6383318901062012,1.7523765563964844e-05,2,wikitext,nlpaueb/sec-bert-base
manhattan,0.75,True,0.3158401846885681,0.6376199722290039,2.288818359375e-05,2,wikitext,nlpaueb/sec-bert-base
manhattan,1.0,False,46.56149673461914,0.6321160793304443,1.5854835510253906e-05,2,wikitext,nlpaueb/sec-bert-base
manhattan,1.0,True,0.29074302315711975,0.6376137733459473,2.5033950805664062e-05,2,wikitext,nlpaueb/sec-bert-base
minkowski,0.0,False,0.4232519865036011,0.6348669528961182,2.491474151611328e-05,2,wikitext,nlpaueb/sec-bert-base
minkowski,0.0,True,0.05925019830465317,0.6380038261413574,4.0650367736816406e-05,2,wikitext,nlpaueb/sec-bert-base
minkowski,0.25,False,0.5364934802055359,0.6359350681304932,2.8014183044433594e-05,2,wikitext,nlpaueb/sec-bert-base
minkowski,0.25,True,0.03561827540397644,0.6379237174987793,2.956390380859375e-05,2,wikitext,nlpaueb/sec-bert-base
minkowski,0.5,False,0.7027955651283264,0.6309828758239746,2.658367156982422e-05,2,wikitext,nlpaueb/sec-bert-base
minkowski,0.5,True,0.1483544111251831,0.6288042068481445,3.504753112792969e-05,2,wikitext,nlpaueb/sec-bert-base
minkowski,0.75,False,0.8076315522193909,0.6307172775268555,2.5153160095214844e-05,2,wikitext,nlpaueb/sec-bert-base
minkowski,0.75,True,0.2597799301147461,0.6250550746917725,2.9087066650390625e-05,2,wikitext,nlpaueb/sec-bert-base
minkowski,1.0,False,0.8241370916366577,0.6139090061187744,2.5510787963867188e-05,2,wikitext,nlpaueb/sec-bert-base
minkowski,1.0,True,0.3456535041332245,0.6277732849121094,2.944469451904297e-05,2,wikitext,nlpaueb/sec-bert-base
chebyshev,0.0,False,0.14500552415847778,0.6306171417236328,3.3974647521972656e-05,2,wikitext,nlpaueb/sec-bert-base
chebyshev,0.0,True,0.05880231037735939,0.628748893737793,2.6106834411621094e-05,2,wikitext,nlpaueb/sec-bert-base
chebyshev,0.25,False,0.16221760213375092,0.6477377414703369,1.7642974853515625e-05,2,wikitext,nlpaueb/sec-bert-base
chebyshev,0.25,True,0.054445087909698486,0.6246871948242188,2.5153160095214844e-05,2,wikitext,nlpaueb/sec-bert-base
chebyshev,0.5,False,0.24181395769119263,0.6187751293182373,2.205371856689453e-05,2,wikitext,nlpaueb/sec-bert-base
chebyshev,0.5,True,0.14757539331912994,0.6276991367340088,2.6464462280273438e-05,2,wikitext,nlpaueb/sec-bert-base
chebyshev,0.75,False,0.280674546957016,0.6233119964599609,1.704692840576172e-05,2,wikitext,nlpaueb/sec-bert-base
chebyshev,0.75,True,0.16065195202827454,0.6242749691009521,2.658367156982422e-05,2,wikitext,nlpaueb/sec-bert-base
chebyshev,1.0,False,0.29022759199142456,0.6182773113250732,1.8358230590820312e-05,2,wikitext,nlpaueb/sec-bert-base
chebyshev,1.0,True,0.21703672409057617,0.627554178237915,2.5987625122070312e-05,2,wikitext,nlpaueb/sec-bert-base
canberra,0.0,False,153.63063049316406,0.6215231418609619,2.5510787963867188e-05,2,wikitext,nlpaueb/sec-bert-base
canberra,0.0,True,1.6870789527893066,0.6135280132293701,3.0994415283203125e-05,2,wikitext,nlpaueb/sec-bert-base
canberra,0.25,False,174.1056365966797,0.6099779605865479,2.491474151611328e-05,2,wikitext,nlpaueb/sec-bert-base
canberra,0.25,True,1.8827911615371704,0.6065249443054199,3.063678741455078e-05,2,wikitext,nlpaueb/sec-bert-base
canberra,0.5,False,209.1793212890625,0.6090261936187744,3.218650817871094e-05,2,wikitext,nlpaueb/sec-bert-base
canberra,0.5,True,1.9741458892822266,0.6142230033874512,3.3020973205566406e-05,2,wikitext,nlpaueb/sec-bert-base
canberra,0.75,False,225.20196533203125,0.6225700378417969,2.3365020751953125e-05,2,wikitext,nlpaueb/sec-bert-base
canberra,0.75,True,1.965350866317749,0.6148202419281006,3.0994415283203125e-05,2,wikitext,nlpaueb/sec-bert-base
canberra,1.0,False,231.80084228515625,0.6058018207550049,2.574920654296875e-05,2,wikitext,nlpaueb/sec-bert-base
canberra,1.0,True,1.9832165241241455,0.611173152923584,3.0994415283203125e-05,2,wikitext,nlpaueb/sec-bert-base
mahalanobis,0.0,False,3.8490528875794032,0.7257249355316162,0.07927334308624268,0,wikitext,bert-base-uncased
mahalanobis,0.0,True,3.495449551622845,0.5652401447296143,8.666515350341797e-05,0,wikitext,bert-base-uncased
mahalanobis,0.25,False,4.499736052288183,0.7363529205322266,0.08027243614196777,0,wikitext,bert-base-uncased
mahalanobis,0.25,True,3.8679441908264938,0.5644481182098389,9.107589721679688e-05,0,wikitext,bert-base-uncased
mahalanobis,0.5,False,4.764112024148616,0.7355618476867676,0.0791921615600586,0,wikitext,bert-base-uncased
mahalanobis,0.5,True,3.8765794712046886,0.566213846206665,8.487701416015625e-05,0,wikitext,bert-base-uncased
mahalanobis,0.75,False,4.933267013022935,0.7348227500915527,0.0805586576461792,0,wikitext,bert-base-uncased
mahalanobis,0.75,True,3.819187133084561,0.5669779777526855,9.417533874511719e-05,0,wikitext,bert-base-uncased
mahalanobis,1.0,False,5.005705776539207,0.7344861030578613,0.08105158805847168,0,wikitext,bert-base-uncased
mahalanobis,1.0,True,3.9754662238242737,0.5638978481292725,9.167194366455078e-05,0,wikitext,bert-base-uncased
euclidean,0.0,False,3.8513870239257812,0.5687141418457031,1.800060272216797e-05,0,wikitext,bert-base-uncased
euclidean,0.0,True,3.4971446990966797,0.5679597854614258,2.4080276489257812e-05,0,wikitext,bert-base-uncased
euclidean,0.25,False,4.4912543296813965,0.5676329135894775,1.6450881958007812e-05,0,wikitext,bert-base-uncased
euclidean,0.25,True,3.793825387954712,0.5672428607940674,2.288818359375e-05,0,wikitext,bert-base-uncased
euclidean,0.5,False,4.774100303649902,0.5715839862823486,1.800060272216797e-05,0,wikitext,bert-base-uncased
euclidean,0.5,True,3.790855884552002,0.569504976272583,2.753734588623047e-05,0,wikitext,bert-base-uncased
euclidean,0.75,False,4.9770917892456055,0.5695469379425049,1.7642974853515625e-05,0,wikitext,bert-base-uncased
euclidean,0.75,True,3.781435012817383,0.5714437961578369,2.3484230041503906e-05,0,wikitext,bert-base-uncased
euclidean,1.0,False,5.06380558013916,0.5728929042816162,2.658367156982422e-05,0,wikitext,bert-base-uncased
euclidean,1.0,True,3.9955649375915527,0.5729398727416992,2.3365020751953125e-05,0,wikitext,bert-base-uncased
manhattan,0.0,False,82.74518585205078,0.5738029479980469,1.537799835205078e-05,0,wikitext,bert-base-uncased
manhattan,0.0,True,4.363051414489746,0.572296142578125,2.0503997802734375e-05,0,wikitext,bert-base-uncased
manhattan,0.25,False,95.60604858398438,0.5708262920379639,1.5497207641601562e-05,0,wikitext,bert-base-uncased
manhattan,0.25,True,5.305190086364746,0.5727238655090332,2.4199485778808594e-05,0,wikitext,bert-base-uncased
manhattan,0.5,False,100.61549377441406,0.5715818405151367,1.430511474609375e-05,0,wikitext,bert-base-uncased
manhattan,0.5,True,5.167087554931641,0.5858361721038818,2.0503997802734375e-05,0,wikitext,bert-base-uncased
manhattan,0.75,False,106.31689453125,0.5779006481170654,1.5735626220703125e-05,0,wikitext,bert-base-uncased
manhattan,0.75,True,5.3927764892578125,0.5935618877410889,2.491474151611328e-05,0,wikitext,bert-base-uncased
manhattan,1.0,False,106.96603393554688,0.5938169956207275,1.633167266845703e-05,0,wikitext,bert-base-uncased
manhattan,1.0,True,5.446464538574219,0.583763837814331,2.193450927734375e-05,0,wikitext,bert-base-uncased
minkowski,0.0,False,1.5969672203063965,0.5752050876617432,2.4437904357910156e-05,0,wikitext,bert-base-uncased
minkowski,0.0,True,3.377017021179199,0.5822701454162598,3.3974647521972656e-05,0,wikitext,bert-base-uncased
minkowski,0.25,False,1.8619282245635986,0.5853338241577148,2.491474151611328e-05,0,wikitext,bert-base-uncased
minkowski,0.25,True,3.4712274074554443,0.581373929977417,3.063678741455078e-05,0,wikitext,bert-base-uncased
minkowski,0.5,False,1.91464102268219,0.5741498470306396,2.4557113647460938e-05,0,wikitext,bert-base-uncased
minkowski,0.5,True,3.37961745262146,0.58148193359375,2.7060508728027344e-05,0,wikitext,bert-base-uncased
minkowski,0.75,False,2.0234181880950928,0.5724589824676514,2.4080276489257812e-05,0,wikitext,bert-base-uncased
minkowski,0.75,True,3.5219297409057617,0.5750329494476318,3.254413604736328e-05,0,wikitext,bert-base-uncased
minkowski,1.0,False,2.0012145042419434,0.5737080574035645,2.3603439331054688e-05,0,wikitext,bert-base-uncased
minkowski,1.0,True,3.4291369915008545,0.575732946395874,3.254413604736328e-05,0,wikitext,bert-base-uncased
chebyshev,0.0,False,0.9337611198425293,0.5707700252532959,1.7523765563964844e-05,0,wikitext,bert-base-uncased
chebyshev,0.0,True,3.3459811210632324,0.5728456974029541,2.4199485778808594e-05,0,wikitext,bert-base-uncased
chebyshev,0.25,False,1.1190242767333984,0.5742530822753906,1.811981201171875e-05,0,wikitext,bert-base-uncased
chebyshev,0.25,True,3.2136483192443848,0.5745143890380859,4.2438507080078125e-05,0,wikitext,bert-base-uncased
chebyshev,0.5,False,0.9810009002685547,0.5706062316894531,1.7404556274414062e-05,0,wikitext,bert-base-uncased
chebyshev,0.5,True,3.093851089477539,0.5773577690124512,2.5153160095214844e-05,0,wikitext,bert-base-uncased
chebyshev,0.75,False,1.0139093399047852,0.5726768970489502,1.5497207641601562e-05,0,wikitext,bert-base-uncased
chebyshev,0.75,True,3.0132408142089844,0.5735571384429932,2.6464462280273438e-05,0,wikitext,bert-base-uncased
chebyshev,1.0,False,1.1305575370788574,0.5724170207977295,2.300739288330078e-05,0,wikitext,bert-base-uncased
chebyshev,1.0,True,3.028346061706543,0.5715322494506836,2.491474151611328e-05,0,wikitext,bert-base-uncased
canberra,0.0,False,272.3231201171875,0.5714929103851318,2.288818359375e-05,0,wikitext,bert-base-uncased
canberra,0.0,True,1.9871654510498047,0.5719187259674072,2.86102294921875e-05,0,wikitext,bert-base-uncased
canberra,0.25,False,299.35955810546875,0.5724151134490967,2.2530555725097656e-05,0,wikitext,bert-base-uncased
canberra,0.25,True,1.9885057210922241,0.5782079696655273,3.600120544433594e-05,0,wikitext,bert-base-uncased
canberra,0.5,False,319.5982666015625,0.5786430835723877,2.2172927856445312e-05,0,wikitext,bert-base-uncased
canberra,0.5,True,1.9883006811141968,0.5733151435852051,2.8133392333984375e-05,0,wikitext,bert-base-uncased
canberra,0.75,False,328.7862243652344,0.5720348358154297,2.0623207092285156e-05,0,wikitext,bert-base-uncased
canberra,0.75,True,1.98812735080719,0.5716729164123535,2.6226043701171875e-05,0,wikitext,bert-base-uncased
canberra,1.0,False,334.39105224609375,0.5715761184692383,2.1457672119140625e-05,0,wikitext,bert-base-uncased
canberra,1.0,True,1.989100456237793,0.5721268653869629,2.872943878173828e-05,0,wikitext,bert-base-uncased
mahalanobis,0.0,False,1.9909939970500339,0.7422988414764404,0.08599114418029785,1,wikitext,bert-base-uncased
mahalanobis,0.0,True,0.913020086876437,0.5558462142944336,9.393692016601562e-05,1,wikitext,bert-base-uncased
mahalanobis,0.25,False,3.361369573150708,0.7501230239868164,0.07805991172790527,1,wikitext,bert-base-uncased
mahalanobis,0.25,True,1.5316167204031381,0.584240198135376,8.940696716308594e-05,1,wikitext,bert-base-uncased
mahalanobis,0.5,False,3.8315265202490725,0.7947077751159668,0.08398771286010742,1,wikitext,bert-base-uncased
mahalanobis,0.5,True,1.7700842064761515,0.5994069576263428,7.95125961303711e-05,1,wikitext,bert-base-uncased
mahalanobis,0.75,False,4.005174218515639,0.7853062152862549,0.07923853397369385,1,wikitext,bert-base-uncased
mahalanobis,0.75,True,1.6274319251213434,0.6049580574035645,8.249282836914062e-05,1,wikitext,bert-base-uncased
mahalanobis,1.0,False,3.9563165795327917,0.7940490245819092,0.07888650894165039,1,wikitext,bert-base-uncased
mahalanobis,1.0,True,2.014696505605743,0.6138331890106201,9.548664093017578e-05,1,wikitext,bert-base-uncased
euclidean,0.0,False,1.9828622341156006,0.6382961273193359,1.7523765563964844e-05,1,wikitext,bert-base-uncased
euclidean,0.0,True,0.9090540409088135,0.6422576904296875,2.4557113647460938e-05,1,wikitext,bert-base-uncased
euclidean,0.25,False,3.275038242340088,0.6378757953643799,1.9073486328125e-05,1,wikitext,bert-base-uncased
euclidean,0.25,True,1.5421831607818604,0.6379809379577637,2.968311309814453e-05,1,wikitext,bert-base-uncased
euclidean,0.5,False,3.818798780441284,0.6308670043945312,1.7881393432617188e-05,1,wikitext,bert-base-uncased
euclidean,0.5,True,1.6340796947479248,0.6309299468994141,2.5153160095214844e-05,1,wikitext,bert-base-uncased
euclidean,0.75,False,3.8250162601470947,0.6323318481445312,1.6808509826660156e-05,1,wikitext,bert-base-uncased
euclidean,0.75,True,1.9996312856674194,0.6301758289337158,2.5033950805664062e-05,1,wikitext,bert-base-uncased
euclidean,1.0,False,3.987628698348999,0.629410982131958,1.9550323486328125e-05,1,wikitext,bert-base-uncased
euclidean,1.0,True,1.8339256048202515,0.6259801387786865,2.4437904357910156e-05,1,wikitext,bert-base-uncased
manhattan,0.0,False,43.594058990478516,0.6232709884643555,1.5020370483398438e-05,1,wikitext,bert-base-uncased
manhattan,0.0,True,1.2829930782318115,0.619661808013916,3.147125244140625e-05,1,wikitext,bert-base-uncased
manhattan,0.25,False,69.88265228271484,0.6164937019348145,1.537799835205078e-05,1,wikitext,bert-base-uncased
manhattan,0.25,True,1.997786045074463,0.6168830394744873,2.586841583251953e-05,1,wikitext,bert-base-uncased
manhattan,0.5,False,81.26253509521484,0.6177761554718018,1.5854835510253906e-05,1,wikitext,bert-base-uncased
manhattan,0.5,True,1.9429352283477783,0.6171689033508301,2.3365020751953125e-05,1,wikitext,bert-base-uncased
manhattan,0.75,False,84.66092681884766,0.6187090873718262,1.6689300537109375e-05,1,wikitext,bert-base-uncased
manhattan,0.75,True,2.112332344055176,0.6167209148406982,2.396106719970703e-05,1,wikitext,bert-base-uncased
manhattan,1.0,False,83.33670043945312,0.6119120121002197,1.7523765563964844e-05,1,wikitext,bert-base-uncased
manhattan,1.0,True,2.046616554260254,0.6127052307128906,2.3484230041503906e-05,1,wikitext,bert-base-uncased
minkowski,0.0,False,0.7783949375152588,0.6114199161529541,2.586841583251953e-05,1,wikitext,bert-base-uncased
minkowski,0.0,True,0.8115052580833435,0.6124720573425293,2.956390380859375e-05,1,wikitext,bert-base-uncased
minkowski,0.25,False,1.359900951385498,0.6096999645233154,2.4080276489257812e-05,1,wikitext,bert-base-uncased
minkowski,0.25,True,1.6646627187728882,0.6068458557128906,2.9921531677246094e-05,1,wikitext,bert-base-uncased
minkowski,0.5,False,1.529171347618103,0.6082248687744141,2.396106719970703e-05,1,wikitext,bert-base-uncased
minkowski,0.5,True,1.5977169275283813,0.6086959838867188,2.7298927307128906e-05,1,wikitext,bert-base-uncased
minkowski,0.75,False,1.600053310394287,0.6072671413421631,2.491474151611328e-05,1,wikitext,bert-base-uncased
minkowski,0.75,True,1.766564965248108,0.6053400039672852,2.8967857360839844e-05,1,wikitext,bert-base-uncased
minkowski,1.0,False,1.5453468561172485,0.6046741008758545,2.6941299438476562e-05,1,wikitext,bert-base-uncased
minkowski,1.0,True,1.8784523010253906,0.6030809879302979,2.956390380859375e-05,1,wikitext,bert-base-uncased
chebyshev,0.0,False,0.37357306480407715,0.6076111793518066,1.609325408935547e-05,1,wikitext,bert-base-uncased
chebyshev,0.0,True,0.6823847889900208,0.6053388118743896,2.491474151611328e-05,1,wikitext,bert-base-uncased
chebyshev,0.25,False,0.8617238998413086,0.6032929420471191,1.71661376953125e-05,1,wikitext,bert-base-uncased
chebyshev,0.25,True,1.6318625211715698,0.6045911312103271,2.753734588623047e-05,1,wikitext,bert-base-uncased
chebyshev,0.5,False,0.8224921226501465,0.6014783382415771,1.8358230590820312e-05,1,wikitext,bert-base-uncased
chebyshev,0.5,True,1.8298370838165283,0.6017630100250244,2.682209014892578e-05,1,wikitext,bert-base-uncased
chebyshev,0.75,False,0.9618263244628906,0.5979182720184326,1.8715858459472656e-05,1,wikitext,bert-base-uncased
chebyshev,0.75,True,1.7852799892425537,0.6057100296020508,2.6941299438476562e-05,1,wikitext,bert-base-uncased
chebyshev,1.0,False,0.8221516609191895,0.599463939666748,1.7404556274414062e-05,1,wikitext,bert-base-uncased
chebyshev,1.0,True,1.7671515941619873,0.5975098609924316,2.849102020263672e-05,1,wikitext,bert-base-uncased
canberra,0.0,False,188.01889038085938,0.5957567691802979,2.300739288330078e-05,1,wikitext,bert-base-uncased
canberra,0.0,True,1.9826164245605469,0.5974810123443604,3.993511199951172e-05,1,wikitext,bert-base-uncased
canberra,0.25,False,268.73773193359375,0.5968630313873291,2.491474151611328e-05,1,wikitext,bert-base-uncased
canberra,0.25,True,1.9876103401184082,0.5990331172943115,3.0994415283203125e-05,1,wikitext,bert-base-uncased
canberra,0.5,False,290.45233154296875,0.5959110260009766,2.4080276489257812e-05,1,wikitext,bert-base-uncased
canberra,0.5,True,1.9887964725494385,0.5959720611572266,3.2067298889160156e-05,1,wikitext,bert-base-uncased
canberra,0.75,False,294.95526123046875,0.597294807434082,2.5510787963867188e-05,1,wikitext,bert-base-uncased
canberra,0.75,True,1.9892666339874268,0.6053500175476074,2.956390380859375e-05,1,wikitext,bert-base-uncased
canberra,1.0,False,293.48175048828125,0.6037750244140625,2.4437904357910156e-05,1,wikitext,bert-base-uncased
canberra,1.0,True,1.9891126155853271,0.5970239639282227,3.3020973205566406e-05,1,wikitext,bert-base-uncased
mahalanobis,0.0,False,1.393895010840266,0.7688918113708496,0.09616386890411377,2,wikitext,bert-base-uncased
mahalanobis,0.0,True,0.21752573007753673,0.5717289447784424,0.00010895729064941406,2,wikitext,bert-base-uncased
mahalanobis,0.25,False,2.548007076741093,0.8012857437133789,0.09805595874786377,2,wikitext,bert-base-uncased
mahalanobis,0.25,True,0.9792266971999926,0.5818490982055664,0.00010156631469726562,2,wikitext,bert-base-uncased
mahalanobis,0.5,False,3.1787524374435945,0.7994661331176758,0.0974804162979126,2,wikitext,bert-base-uncased
mahalanobis,0.5,True,1.116979473536414,0.5841798782348633,9.894371032714844e-05,2,wikitext,bert-base-uncased
mahalanobis,0.75,False,3.0791792336593957,0.8083858489990234,0.09653747081756592,2,wikitext,bert-base-uncased
mahalanobis,0.75,True,1.2990733247245487,0.5706081390380859,9.942054748535156e-05,2,wikitext,bert-base-uncased
mahalanobis,1.0,False,3.2066338654721918,0.7878210544586182,0.0976870059967041,2,wikitext,bert-base-uncased
mahalanobis,1.0,True,1.2688119388327346,0.5716238021850586,9.810924530029297e-05,2,wikitext,bert-base-uncased
euclidean,0.0,False,1.3869106769561768,0.6077828407287598,2.2172927856445312e-05,2,wikitext,bert-base-uncased
euclidean,0.0,True,0.2171303778886795,0.6217029094696045,2.8848648071289062e-05,2,wikitext,bert-base-uncased
euclidean,0.25,False,2.4610610008239746,0.621272087097168,2.1457672119140625e-05,2,wikitext,bert-base-uncased
euclidean,0.25,True,1.0632742643356323,0.6142878532409668,2.8014183044433594e-05,2,wikitext,bert-base-uncased
euclidean,0.5,False,2.9528050422668457,0.6149461269378662,2.300739288330078e-05,2,wikitext,bert-base-uncased
euclidean,0.5,True,1.1685917377471924,0.5991842746734619,3.0159950256347656e-05,2,wikitext,bert-base-uncased
euclidean,0.75,False,3.3011791706085205,0.5952062606811523,2.1576881408691406e-05,2,wikitext,bert-base-uncased
euclidean,0.75,True,1.1008886098861694,0.598175048828125,3.361701965332031e-05,2,wikitext,bert-base-uncased
euclidean,1.0,False,3.2217352390289307,0.5927181243896484,2.8014183044433594e-05,2,wikitext,bert-base-uncased
euclidean,1.0,True,1.2149343490600586,0.5957250595092773,2.849102020263672e-05,2,wikitext,bert-base-uncased
manhattan,0.0,False,30.826698303222656,0.598534107208252,1.5497207641601562e-05,2,wikitext,bert-base-uncased
manhattan,0.0,True,0.25565198063850403,0.6010129451751709,2.4557113647460938e-05,2,wikitext,bert-base-uncased
manhattan,0.25,False,55.10923767089844,0.5915920734405518,1.7523765563964844e-05,2,wikitext,bert-base-uncased
manhattan,0.25,True,1.3259598016738892,0.5921821594238281,2.6464462280273438e-05,2,wikitext,bert-base-uncased
manhattan,0.5,False,64.8827133178711,0.5913300514221191,2.384185791015625e-05,2,wikitext,bert-base-uncased
manhattan,0.5,True,1.413803219795227,0.5940711498260498,2.7894973754882812e-05,2,wikitext,bert-base-uncased
manhattan,0.75,False,66.30572509765625,0.5977671146392822,2.086162567138672e-05,2,wikitext,bert-base-uncased
manhattan,0.75,True,1.6128127574920654,0.6137557029724121,2.7060508728027344e-05,2,wikitext,bert-base-uncased
manhattan,1.0,False,68.96571350097656,0.586989164352417,2.09808349609375e-05,2,wikitext,bert-base-uncased
manhattan,1.0,True,1.7172093391418457,0.5935571193695068,2.6464462280273438e-05,2,wikitext,bert-base-uncased
minkowski,0.0,False,0.5350321531295776,0.6039979457855225,2.9087066650390625e-05,2,wikitext,bert-base-uncased
minkowski,0.0,True,0.2134491205215454,0.5978460311889648,3.409385681152344e-05,2,wikitext,bert-base-uncased
minkowski,0.25,False,1.0741504430770874,0.5922577381134033,2.658367156982422e-05,2,wikitext,bert-base-uncased
minkowski,0.25,True,0.8279305100440979,0.5889370441436768,3.457069396972656e-05,2,wikitext,bert-base-uncased
minkowski,0.5,False,1.3398606777191162,0.6031832695007324,3.1113624572753906e-05,2,wikitext,bert-base-uncased
minkowski,0.5,True,0.9751635789871216,0.6053082942962646,3.540515899658203e-05,2,wikitext,bert-base-uncased
minkowski,0.75,False,1.2997465133666992,0.6112809181213379,2.7418136596679688e-05,2,wikitext,bert-base-uncased
minkowski,0.75,True,1.1009931564331055,0.6011409759521484,3.4928321838378906e-05,2,wikitext,bert-base-uncased
minkowski,1.0,False,1.294825792312622,0.6069347858428955,3.1828880310058594e-05,2,wikitext,bert-base-uncased
minkowski,1.0,True,1.1793574094772339,0.5944750308990479,3.62396240234375e-05,2,wikitext,bert-base-uncased
chebyshev,0.0,False,0.17253732681274414,0.5859642028808594,1.7523765563964844e-05,2,wikitext,bert-base-uncased
chebyshev,0.0,True,0.2128748893737793,0.593163013458252,3.349781036376953e-05,2,wikitext,bert-base-uncased
chebyshev,0.25,False,0.5548350811004639,0.5891768932342529,3.6597251892089844e-05,2,wikitext,bert-base-uncased
chebyshev,0.25,True,0.9112255573272705,0.587285041809082,3.0994415283203125e-05,2,wikitext,bert-base-uncased
chebyshev,0.5,False,0.5932481288909912,0.5874760150909424,1.8596649169921875e-05,2,wikitext,bert-base-uncased
chebyshev,0.5,True,1.1229983568191528,0.5980947017669678,3.2067298889160156e-05,2,wikitext,bert-base-uncased
chebyshev,0.75,False,0.7024226188659668,0.5903122425079346,2.002716064453125e-05,2,wikitext,bert-base-uncased
chebyshev,0.75,True,0.9745374321937561,0.5865678787231445,3.1948089599609375e-05,2,wikitext,bert-base-uncased
chebyshev,1.0,False,0.6674261093139648,0.5805380344390869,2.002716064453125e-05,2,wikitext,bert-base-uncased
chebyshev,1.0,True,1.1824920177459717,0.5818359851837158,3.1948089599609375e-05,2,wikitext,bert-base-uncased
canberra,0.0,False,144.53964233398438,0.5817327499389648,2.9921531677246094e-05,2,wikitext,bert-base-uncased
canberra,0.0,True,2.0,0.5865280628204346,3.4928321838378906e-05,2,wikitext,bert-base-uncased
canberra,0.25,False,212.17788696289062,0.5881779193878174,2.6464462280273438e-05,2,wikitext,bert-base-uncased
canberra,0.25,True,1.9939460754394531,0.5883641242980957,3.409385681152344e-05,2,wikitext,bert-base-uncased
canberra,0.5,False,241.1446533203125,0.5823960304260254,2.574920654296875e-05,2,wikitext,bert-base-uncased
canberra,0.5,True,1.994506597518921,0.5840959548950195,3.540515899658203e-05,2,wikitext,bert-base-uncased
canberra,0.75,False,245.37222290039062,0.5847611427307129,2.849102020263672e-05,2,wikitext,bert-base-uncased
canberra,0.75,True,1.9933613538742065,0.5837917327880859,3.445148468017578e-05,2,wikitext,bert-base-uncased
canberra,1.0,False,248.22097778320312,0.5841147899627686,2.6464462280273438e-05,2,wikitext,bert-base-uncased
canberra,1.0,True,1.9937442541122437,0.5891661643981934,3.3974647521972656e-05,2,wikitext,bert-base-uncased
mahalanobis,0.0,False,1.2821315078838358,0.7174060344696045,0.07913839817047119,0,ag_news,nlpaueb/sec-bert-base
mahalanobis,0.0,True,0.4719459875838328,0.530224084854126,8.64267349243164e-05,0,ag_news,nlpaueb/sec-bert-base
mahalanobis,0.25,False,1.6369691312182517,0.7100250720977783,0.08001470565795898,0,ag_news,nlpaueb/sec-bert-base
mahalanobis,0.25,True,0.6721603714843954,0.5325701236724854,8.404254913330078e-05,0,ag_news,nlpaueb/sec-bert-base
mahalanobis,0.5,False,2.426200617592529,0.7005579471588135,0.07890653610229492,0,ag_news,nlpaueb/sec-bert-base
mahalanobis,0.5,True,1.0705255375044809,0.5345799922943115,8.738040924072266e-05,0,ag_news,nlpaueb/sec-bert-base
mahalanobis,0.75,False,2.7846224293649238,0.6945710182189941,0.07928335666656494,0,ag_news,nlpaueb/sec-bert-base
mahalanobis,0.75,True,1.1268637799103998,0.5321800708770752,0.00010704994201660156,0,ag_news,nlpaueb/sec-bert-base
mahalanobis,1.0,False,3.2623759939726478,0.693260908126831,0.07947707176208496,0,ag_news,nlpaueb/sec-bert-base
mahalanobis,1.0,True,1.436346489075365,0.532149076461792,0.00010538101196289062,0,ag_news,nlpaueb/sec-bert-base
euclidean,0.0,False,1.2760255336761475,0.5311019420623779,1.9550323486328125e-05,0,ag_news,nlpaueb/sec-bert-base
euclidean,0.0,True,0.46961987018585205,0.5306191444396973,2.8371810913085938e-05,0,ag_news,nlpaueb/sec-bert-base
euclidean,0.25,False,1.5355165004730225,0.5318410396575928,1.8477439880371094e-05,0,ag_news,nlpaueb/sec-bert-base
euclidean,0.25,True,0.594363272190094,0.534538984298706,2.765655517578125e-05,0,ag_news,nlpaueb/sec-bert-base
euclidean,0.5,False,2.3259074687957764,0.5304367542266846,1.895427703857422e-05,0,ag_news,nlpaueb/sec-bert-base
euclidean,0.5,True,1.0014100074768066,0.533149242401123,2.5153160095214844e-05,0,ag_news,nlpaueb/sec-bert-base
euclidean,0.75,False,2.920229196548462,0.5315828323364258,2.193450927734375e-05,0,ag_news,nlpaueb/sec-bert-base
euclidean,0.75,True,1.2798787355422974,0.5346939563751221,2.6464462280273438e-05,0,ag_news,nlpaueb/sec-bert-base
euclidean,1.0,False,3.359438896179199,0.5355618000030518,1.9431114196777344e-05,0,ag_news,nlpaueb/sec-bert-base
euclidean,1.0,True,1.4246753454208374,0.5336618423461914,2.5153160095214844e-05,0,ag_news,nlpaueb/sec-bert-base
manhattan,0.0,False,28.459339141845703,0.5335159301757812,1.609325408935547e-05,0,ag_news,nlpaueb/sec-bert-base
manhattan,0.0,True,0.6641149520874023,0.5369060039520264,2.7418136596679688e-05,0,ag_news,nlpaueb/sec-bert-base
manhattan,0.25,False,36.90717697143555,0.5353260040283203,1.7881393432617188e-05,0,ag_news,nlpaueb/sec-bert-base
manhattan,0.25,True,0.8506163358688354,0.5349109172821045,2.4557113647460938e-05,0,ag_news,nlpaueb/sec-bert-base
manhattan,0.5,False,52.191871643066406,0.552750825881958,1.7642974853515625e-05,0,ag_news,nlpaueb/sec-bert-base
manhattan,0.5,True,1.059716820716858,0.540147066116333,2.2411346435546875e-05,0,ag_news,nlpaueb/sec-bert-base
manhattan,0.75,False,63.75176239013672,0.5508148670196533,2.193450927734375e-05,0,ag_news,nlpaueb/sec-bert-base
manhattan,0.75,True,1.4508391618728638,0.5405073165893555,2.2649765014648438e-05,0,ag_news,nlpaueb/sec-bert-base
manhattan,1.0,False,74.10124206542969,0.5540502071380615,1.621246337890625e-05,0,ag_news,nlpaueb/sec-bert-base
manhattan,1.0,True,1.6697748899459839,0.5472030639648438,2.5391578674316406e-05,0,ag_news,nlpaueb/sec-bert-base
minkowski,0.0,False,0.4886859953403473,0.5455811023712158,2.956390380859375e-05,0,ag_news,nlpaueb/sec-bert-base
minkowski,0.0,True,0.41840124130249023,0.5465338230133057,2.6941299438476562e-05,0,ag_news,nlpaueb/sec-bert-base
minkowski,0.25,False,0.6714507937431335,0.5449461936950684,4.208087921142578e-05,0,ag_news,nlpaueb/sec-bert-base
minkowski,0.25,True,0.7518672347068787,0.5475850105285645,3.3974647521972656e-05,0,ag_news,nlpaueb/sec-bert-base
minkowski,0.5,False,0.9350711107254028,0.5455822944641113,2.849102020263672e-05,0,ag_news,nlpaueb/sec-bert-base
minkowski,0.5,True,1.082982063293457,0.5518310070037842,3.135204315185547e-05,0,ag_news,nlpaueb/sec-bert-base
minkowski,0.75,False,1.0838431119918823,0.5766322612762451,3.4928321838378906e-05,0,ag_news,nlpaueb/sec-bert-base
minkowski,0.75,True,1.2616651058197021,0.5498900413513184,3.3020973205566406e-05,0,ag_news,nlpaueb/sec-bert-base
minkowski,1.0,False,1.2693817615509033,0.5603599548339844,2.5272369384765625e-05,0,ag_news,nlpaueb/sec-bert-base
minkowski,1.0,True,1.4818953275680542,0.5535318851470947,2.8014183044433594e-05,0,ag_news,nlpaueb/sec-bert-base
chebyshev,0.0,False,0.12690794467926025,0.5666089057922363,1.800060272216797e-05,0,ag_news,nlpaueb/sec-bert-base
chebyshev,0.0,True,0.33509591221809387,0.555729866027832,2.3484230041503906e-05,0,ag_news,nlpaueb/sec-bert-base
chebyshev,0.25,False,0.1746254563331604,0.5621988773345947,1.609325408935547e-05,0,ag_news,nlpaueb/sec-bert-base
chebyshev,0.25,True,0.658118724822998,0.5500779151916504,2.4557113647460938e-05,0,ag_news,nlpaueb/sec-bert-base
chebyshev,0.5,False,0.2560957670211792,0.5604557991027832,1.6570091247558594e-05,0,ag_news,nlpaueb/sec-bert-base
chebyshev,0.5,True,1.0395817756652832,0.5672080516815186,2.193450927734375e-05,0,ag_news,nlpaueb/sec-bert-base
chebyshev,0.75,False,0.2904425263404846,0.5818219184875488,1.800060272216797e-05,0,ag_news,nlpaueb/sec-bert-base
chebyshev,0.75,True,1.2828119993209839,0.5728631019592285,2.4080276489257812e-05,0,ag_news,nlpaueb/sec-bert-base
chebyshev,1.0,False,0.3275534510612488,0.5579161643981934,1.800060272216797e-05,0,ag_news,nlpaueb/sec-bert-base
chebyshev,1.0,True,1.2963751554489136,0.5551221370697021,2.181529998779297e-05,0,ag_news,nlpaueb/sec-bert-base
canberra,0.0,False,173.40414428710938,0.5548689365386963,2.0623207092285156e-05,0,ag_news,nlpaueb/sec-bert-base
canberra,0.0,True,1.9888396263122559,0.5663619041442871,2.682209014892578e-05,0,ag_news,nlpaueb/sec-bert-base
canberra,0.25,False,197.806884765625,0.5611388683319092,2.5033950805664062e-05,0,ag_news,nlpaueb/sec-bert-base
canberra,0.25,True,1.9875667095184326,0.5700910091400146,3.993511199951172e-05,0,ag_news,nlpaueb/sec-bert-base
canberra,0.5,False,251.25550842285156,0.5555458068847656,2.0503997802734375e-05,0,ag_news,nlpaueb/sec-bert-base
canberra,0.5,True,1.9967939853668213,0.5644772052764893,2.5987625122070312e-05,0,ag_news,nlpaueb/sec-bert-base
canberra,0.75,False,269.7093811035156,0.5700080394744873,2.2411346435546875e-05,0,ag_news,nlpaueb/sec-bert-base
canberra,0.75,True,1.9957948923110962,0.5656130313873291,2.6702880859375e-05,0,ag_news,nlpaueb/sec-bert-base
canberra,1.0,False,290.1494140625,0.5684349536895752,2.1576881408691406e-05,0,ag_news,nlpaueb/sec-bert-base
canberra,1.0,True,1.9949405193328857,0.568551778793335,2.7060508728027344e-05,0,ag_news,nlpaueb/sec-bert-base
mahalanobis,0.0,False,1.3590466340474217,0.6082348823547363,0.07780444622039795,1,ag_news,nlpaueb/sec-bert-base
mahalanobis,0.0,True,0.7646947534129068,0.4257237911224365,8.404254913330078e-05,1,ag_news,nlpaueb/sec-bert-base
mahalanobis,0.25,False,1.9327508818206074,0.5933859348297119,0.07774055004119873,1,ag_news,nlpaueb/sec-bert-base
mahalanobis,0.25,True,1.3067656190722206,0.4258460998535156,8.690357208251953e-05,1,ag_news,nlpaueb/sec-bert-base
mahalanobis,0.5,False,2.6557166978792393,0.5947360992431641,0.07790207862854004,1,ag_news,nlpaueb/sec-bert-base
mahalanobis,0.5,True,1.7999751305710248,0.4252431392669678,8.20159912109375e-05,1,ag_news,nlpaueb/sec-bert-base
mahalanobis,0.75,False,3.04419483289805,0.5951297283172607,0.07796597480773926,1,ag_news,nlpaueb/sec-bert-base
mahalanobis,0.75,True,2.053924956044783,0.42688512802124023,7.95125961303711e-05,1,ag_news,nlpaueb/sec-bert-base
mahalanobis,1.0,False,3.4740119045855073,0.586226224899292,0.07731795310974121,1,ag_news,nlpaueb/sec-bert-base
mahalanobis,1.0,True,2.3312633305981256,0.42804408073425293,8.082389831542969e-05,1,ag_news,nlpaueb/sec-bert-base
euclidean,0.0,False,1.3523051738739014,0.4272019863128662,1.7404556274414062e-05,1,ag_news,nlpaueb/sec-bert-base
euclidean,0.0,True,0.7608693838119507,0.4286971092224121,2.396106719970703e-05,1,ag_news,nlpaueb/sec-bert-base
euclidean,0.25,False,1.9356187582015991,0.42687010765075684,1.8477439880371094e-05,1,ag_news,nlpaueb/sec-bert-base
euclidean,0.25,True,1.3705750703811646,0.43258118629455566,2.6464462280273438e-05,1,ag_news,nlpaueb/sec-bert-base
euclidean,0.5,False,2.7317659854888916,0.42775821685791016,1.811981201171875e-05,1,ag_news,nlpaueb/sec-bert-base
euclidean,0.5,True,1.8361033201217651,0.4286000728607178,2.2411346435546875e-05,1,ag_news,nlpaueb/sec-bert-base
euclidean,0.75,False,3.1296463012695312,0.42649292945861816,1.71661376953125e-05,1,ag_news,nlpaueb/sec-bert-base
euclidean,0.75,True,2.0792577266693115,0.4280250072479248,2.4437904357910156e-05,1,ag_news,nlpaueb/sec-bert-base
euclidean,1.0,False,3.6155858039855957,0.43398118019104004,1.6450881958007812e-05,1,ag_news,nlpaueb/sec-bert-base
euclidean,1.0,True,2.3955605030059814,0.4553077220916748,2.4437904357910156e-05,1,ag_news,nlpaueb/sec-bert-base
manhattan,0.0,False,30.380279541015625,0.48821091651916504,1.6570091247558594e-05,1,ag_news,nlpaueb/sec-bert-base
manhattan,0.0,True,0.8962548971176147,0.5292949676513672,3.3020973205566406e-05,1,ag_news,nlpaueb/sec-bert-base
manhattan,0.25,False,40.45365524291992,0.5617978572845459,1.8477439880371094e-05,1,ag_news,nlpaueb/sec-bert-base
manhattan,0.25,True,1.2478117942810059,0.5631129741668701,2.396106719970703e-05,1,ag_news,nlpaueb/sec-bert-base
manhattan,0.5,False,58.898712158203125,0.547468900680542,1.800060272216797e-05,1,ag_news,nlpaueb/sec-bert-base
manhattan,0.5,True,1.8442187309265137,0.5314431190490723,2.384185791015625e-05,1,ag_news,nlpaueb/sec-bert-base
manhattan,0.75,False,69.23495483398438,0.5249269008636475,1.7642974853515625e-05,1,ag_news,nlpaueb/sec-bert-base
manhattan,0.75,True,2.2538509368896484,0.5187571048736572,2.2411346435546875e-05,1,ag_news,nlpaueb/sec-bert-base
manhattan,1.0,False,79.33206176757812,0.5143899917602539,1.5974044799804688e-05,1,ag_news,nlpaueb/sec-bert-base
manhattan,1.0,True,2.5415923595428467,0.5113708972930908,2.2530555725097656e-05,1,ag_news,nlpaueb/sec-bert-base
minkowski,0.0,False,0.5155326128005981,0.5094988346099854,2.6464462280273438e-05,1,ag_news,nlpaueb/sec-bert-base
minkowski,0.0,True,0.7478899359703064,0.5095701217651367,3.1113624572753906e-05,1,ag_news,nlpaueb/sec-bert-base
minkowski,0.25,False,0.7421959638595581,0.5062017440795898,2.3365020751953125e-05,1,ag_news,nlpaueb/sec-bert-base
minkowski,0.25,True,1.2685261964797974,0.5041999816894531,2.849102020263672e-05,1,ag_news,nlpaueb/sec-bert-base
minkowski,0.5,False,1.073957085609436,0.5020079612731934,2.7894973754882812e-05,1,ag_news,nlpaueb/sec-bert-base
minkowski,0.5,True,1.975023865699768,0.4991579055786133,2.8014183044433594e-05,1,ag_news,nlpaueb/sec-bert-base
minkowski,0.75,False,1.209071159362793,0.5014159679412842,2.5391578674316406e-05,1,ag_news,nlpaueb/sec-bert-base
minkowski,0.75,True,2.0785865783691406,0.497391939163208,3.0994415283203125e-05,1,ag_news,nlpaueb/sec-bert-base
minkowski,1.0,False,1.377356767654419,0.49458909034729004,2.4557113647460938e-05,1,ag_news,nlpaueb/sec-bert-base
minkowski,1.0,True,2.398629903793335,0.49377989768981934,3.039836883544922e-05,1,ag_news,nlpaueb/sec-bert-base
chebyshev,0.0,False,0.14058883488178253,0.49283790588378906,1.704692840576172e-05,1,ag_news,nlpaueb/sec-bert-base
chebyshev,0.0,True,0.7458570599555969,0.49299001693725586,2.658367156982422e-05,1,ag_news,nlpaueb/sec-bert-base
chebyshev,0.25,False,0.2383119761943817,0.49147868156433105,1.5854835510253906e-05,1,ag_news,nlpaueb/sec-bert-base
chebyshev,0.25,True,1.2494370937347412,0.49349403381347656,2.562999725341797e-05,1,ag_news,nlpaueb/sec-bert-base
chebyshev,0.5,False,0.31275802850723267,0.4948720932006836,1.633167266845703e-05,1,ag_news,nlpaueb/sec-bert-base
chebyshev,0.5,True,1.728198766708374,0.4933009147644043,2.5510787963867188e-05,1,ag_news,nlpaueb/sec-bert-base
chebyshev,0.75,False,0.34330055117607117,0.4902830123901367,1.5139579772949219e-05,1,ag_news,nlpaueb/sec-bert-base
chebyshev,0.75,True,2.0492360591888428,0.4870128631591797,2.574920654296875e-05,1,ag_news,nlpaueb/sec-bert-base
chebyshev,1.0,False,0.39913201332092285,0.48309922218322754,1.5020370483398438e-05,1,ag_news,nlpaueb/sec-bert-base
chebyshev,1.0,True,2.3877809047698975,0.4840729236602783,2.491474151611328e-05,1,ag_news,nlpaueb/sec-bert-base
canberra,0.0,False,183.08352661132812,0.4824798107147217,2.300739288330078e-05,1,ag_news,nlpaueb/sec-bert-base
canberra,0.0,True,1.992119312286377,0.48317909240722656,2.944469451904297e-05,1,ag_news,nlpaueb/sec-bert-base
canberra,0.25,False,221.05694580078125,0.47873997688293457,2.6464462280273438e-05,1,ag_news,nlpaueb/sec-bert-base
canberra,0.25,True,1.9883238077163696,0.48035192489624023,3.2067298889160156e-05,1,ag_news,nlpaueb/sec-bert-base
canberra,0.5,False,267.6883544921875,0.4796438217163086,2.193450927734375e-05,1,ag_news,nlpaueb/sec-bert-base
canberra,0.5,True,1.9889755249023438,0.47865915298461914,2.944469451904297e-05,1,ag_news,nlpaueb/sec-bert-base
canberra,0.75,False,302.2989501953125,0.4791750907897949,3.159046173095703e-05,1,ag_news,nlpaueb/sec-bert-base
canberra,0.75,True,1.9951399564743042,0.48355674743652344,3.24249267578125e-05,1,ag_news,nlpaueb/sec-bert-base
canberra,1.0,False,307.72906494140625,0.4771890640258789,2.396106719970703e-05,1,ag_news,nlpaueb/sec-bert-base
canberra,1.0,True,1.990767478942871,0.4752788543701172,3.123283386230469e-05,1,ag_news,nlpaueb/sec-bert-base
mahalanobis,0.0,False,1.1463338995860013,0.7277979850769043,0.07801198959350586,2,ag_news,nlpaueb/sec-bert-base
mahalanobis,0.0,True,0.2084572112534608,0.5505468845367432,8.690357208251953e-05,2,ag_news,nlpaueb/sec-bert-base
mahalanobis,0.25,False,1.5193603281734105,0.7073431015014648,0.07711338996887207,2,ag_news,nlpaueb/sec-bert-base
mahalanobis,0.25,True,0.017625546577708553,0.5497457981109619,8.893013000488281e-05,2,ag_news,nlpaueb/sec-bert-base
mahalanobis,0.5,False,2.2431362827055317,0.7119901180267334,0.07800006866455078,2,ag_news,nlpaueb/sec-bert-base
mahalanobis,0.5,True,0.22324523439982563,0.5501759052276611,9.071826934814453e-05,2,ag_news,nlpaueb/sec-bert-base
mahalanobis,0.75,False,2.8535758373925586,0.7108590602874756,0.07859861850738525,2,ag_news,nlpaueb/sec-bert-base
mahalanobis,0.75,True,0.4727013745692886,0.5574841499328613,0.00011098384857177734,2,ag_news,nlpaueb/sec-bert-base
mahalanobis,1.0,False,3.2507582189537207,0.717278003692627,0.07953405380249023,2,ag_news,nlpaueb/sec-bert-base
mahalanobis,1.0,True,0.5489409351373855,0.5521411895751953,0.00010561943054199219,2,ag_news,nlpaueb/sec-bert-base
euclidean,0.0,False,1.1406540870666504,0.5862867832183838,1.9431114196777344e-05,2,ag_news,nlpaueb/sec-bert-base
euclidean,0.0,True,0.20741695165634155,0.6302101612091064,2.6106834411621094e-05,2,ag_news,nlpaueb/sec-bert-base
euclidean,0.25,False,1.686635136604309,0.6606400012969971,1.9073486328125e-05,2,ag_news,nlpaueb/sec-bert-base
euclidean,0.25,True,0.1373147815465927,0.6814701557159424,2.6702880859375e-05,2,ag_news,nlpaueb/sec-bert-base
euclidean,0.5,False,2.427034854888916,0.6568880081176758,1.9431114196777344e-05,2,ag_news,nlpaueb/sec-bert-base
euclidean,0.5,True,0.30586540699005127,0.6560497283935547,2.6106834411621094e-05,2,ag_news,nlpaueb/sec-bert-base
euclidean,0.75,False,2.7477052211761475,0.6542940139770508,2.0384788513183594e-05,2,ag_news,nlpaueb/sec-bert-base
euclidean,0.75,True,0.4775024652481079,0.6481099128723145,2.753734588623047e-05,2,ag_news,nlpaueb/sec-bert-base
euclidean,1.0,False,3.2499401569366455,0.6350929737091064,1.9431114196777344e-05,2,ag_news,nlpaueb/sec-bert-base
euclidean,1.0,True,0.5716588497161865,0.6336188316345215,2.8848648071289062e-05,2,ag_news,nlpaueb/sec-bert-base
manhattan,0.0,False,25.428464889526367,0.6339418888092041,1.7404556274414062e-05,2,ag_news,nlpaueb/sec-bert-base
manhattan,0.0,True,0.22905603051185608,0.6269810199737549,2.753734588623047e-05,2,ag_news,nlpaueb/sec-bert-base
manhattan,0.25,False,35.003211975097656,0.630079984664917,1.9073486328125e-05,2,ag_news,nlpaueb/sec-bert-base
manhattan,0.25,True,0.049305692315101624,0.6387550830841064,2.4437904357910156e-05,2,ag_news,nlpaueb/sec-bert-base
manhattan,0.5,False,48.582481384277344,0.628525972366333,1.6927719116210938e-05,2,ag_news,nlpaueb/sec-bert-base
manhattan,0.5,True,0.4304819405078888,0.6229870319366455,2.4080276489257812e-05,2,ag_news,nlpaueb/sec-bert-base
manhattan,0.75,False,62.730003356933594,0.6219830513000488,2.4199485778808594e-05,2,ag_news,nlpaueb/sec-bert-base
manhattan,0.75,True,0.6416187882423401,0.6218171119689941,2.586841583251953e-05,2,ag_news,nlpaueb/sec-bert-base
manhattan,1.0,False,71.1375732421875,0.621351957321167,2.3603439331054688e-05,2,ag_news,nlpaueb/sec-bert-base
manhattan,1.0,True,0.765202522277832,0.6219861507415771,2.7179718017578125e-05,2,ag_news,nlpaueb/sec-bert-base
minkowski,0.0,False,0.43892335891723633,0.6167669296264648,2.6702880859375e-05,2,ag_news,nlpaueb/sec-bert-base
minkowski,0.0,True,0.20624227821826935,0.6131258010864258,3.230571746826172e-05,2,ag_news,nlpaueb/sec-bert-base
minkowski,0.25,False,0.6036694645881653,0.6175868511199951,2.7894973754882812e-05,2,ag_news,nlpaueb/sec-bert-base
minkowski,0.25,True,0.1388120800256729,0.6203210353851318,3.063678741455078e-05,2,ag_news,nlpaueb/sec-bert-base
minkowski,0.5,False,0.8855600953102112,0.6236739158630371,2.753734588623047e-05,2,ag_news,nlpaueb/sec-bert-base
minkowski,0.5,True,0.17038694024085999,0.614717960357666,3.135204315185547e-05,2,ag_news,nlpaueb/sec-bert-base
minkowski,0.75,False,1.080338478088379,0.6130650043487549,3.910064697265625e-05,2,ag_news,nlpaueb/sec-bert-base
minkowski,0.75,True,0.4274372160434723,0.6117651462554932,3.1948089599609375e-05,2,ag_news,nlpaueb/sec-bert-base
minkowski,1.0,False,1.2098573446273804,0.6086668968200684,2.753734588623047e-05,2,ag_news,nlpaueb/sec-bert-base
minkowski,1.0,True,0.5477876663208008,0.6128318309783936,3.1948089599609375e-05,2,ag_news,nlpaueb/sec-bert-base
chebyshev,0.0,False,0.12431392073631287,0.6116180419921875,1.800060272216797e-05,2,ag_news,nlpaueb/sec-bert-base
chebyshev,0.0,True,0.20614804327487946,0.6069037914276123,3.0040740966796875e-05,2,ag_news,nlpaueb/sec-bert-base
chebyshev,0.25,False,0.1742667555809021,0.6078577041625977,1.6927719116210938e-05,2,ag_news,nlpaueb/sec-bert-base
chebyshev,0.25,True,0.043740302324295044,0.6060559749603271,2.753734588623047e-05,2,ag_news,nlpaueb/sec-bert-base
chebyshev,0.5,False,0.2555704116821289,0.6034488677978516,1.800060272216797e-05,2,ag_news,nlpaueb/sec-bert-base
chebyshev,0.5,True,0.15622490644454956,0.6040151119232178,2.872943878173828e-05,2,ag_news,nlpaueb/sec-bert-base
chebyshev,0.75,False,0.3130089342594147,0.6042351722717285,1.811981201171875e-05,2,ag_news,nlpaueb/sec-bert-base
chebyshev,0.75,True,0.5117560625076294,0.5992257595062256,2.5391578674316406e-05,2,ag_news,nlpaueb/sec-bert-base
chebyshev,1.0,False,0.3401753008365631,0.6060981750488281,1.6689300537109375e-05,2,ag_news,nlpaueb/sec-bert-base
chebyshev,1.0,True,0.49502894282341003,0.6123390197753906,3.635883331298828e-05,2,ag_news,nlpaueb/sec-bert-base
canberra,0.0,False,159.8185272216797,0.6056129932403564,2.849102020263672e-05,2,ag_news,nlpaueb/sec-bert-base
canberra,0.0,True,1.9866282939910889,0.6038899421691895,3.3020973205566406e-05,2,ag_news,nlpaueb/sec-bert-base
canberra,0.25,False,185.73728942871094,0.6317479610443115,2.6226043701171875e-05,2,ag_news,nlpaueb/sec-bert-base
canberra,0.25,True,1.9930810928344727,0.623680830001831,3.2901763916015625e-05,2,ag_news,nlpaueb/sec-bert-base
canberra,0.5,False,234.668212890625,0.6036338806152344,2.777576446533203e-05,2,ag_news,nlpaueb/sec-bert-base
canberra,0.5,True,1.986905813217163,0.6478180885314941,3.409385681152344e-05,2,ag_news,nlpaueb/sec-bert-base
canberra,0.75,False,264.07135009765625,0.6526360511779785,2.7894973754882812e-05,2,ag_news,nlpaueb/sec-bert-base
canberra,0.75,True,1.9885590076446533,0.6239001750946045,3.3974647521972656e-05,2,ag_news,nlpaueb/sec-bert-base
canberra,1.0,False,290.0157165527344,0.6042952537536621,2.5391578674316406e-05,2,ag_news,nlpaueb/sec-bert-base
canberra,1.0,True,1.9866795539855957,0.5899159908294678,3.24249267578125e-05,2,ag_news,nlpaueb/sec-bert-base
mahalanobis,0.0,False,1.575882406604342,0.7059121131896973,0.08001899719238281,0,ag_news,bert-base-uncased
mahalanobis,0.0,True,0.34259984082801986,0.5085618495941162,8.654594421386719e-05,0,ag_news,bert-base-uncased
mahalanobis,0.25,False,3.127109706858857,0.6743607521057129,0.08110296726226807,0,ag_news,bert-base-uncased
mahalanobis,0.25,True,1.4578657923448397,0.5099210739135742,8.702278137207031e-05,0,ag_news,bert-base-uncased
mahalanobis,0.5,False,4.371742500294313,0.66823410987854,0.07851302623748779,0,ag_news,bert-base-uncased
mahalanobis,0.5,True,1.6781346285523844,0.5097579956054688,0.00010037422180175781,0,ag_news,bert-base-uncased
mahalanobis,0.75,False,4.945742495826636,0.6808702945709229,0.07970654964447021,0,ag_news,bert-base-uncased
mahalanobis,0.75,True,1.9537392509180247,0.5096337795257568,9.000301361083984e-05,0,ag_news,bert-base-uncased
mahalanobis,1.0,False,5.088675629427003,0.6731071472167969,0.0803220272064209,0,ag_news,bert-base-uncased
mahalanobis,1.0,True,2.11185671851573,0.5114459991455078,0.00010001659393310547,0,ag_news,bert-base-uncased
euclidean,0.0,False,1.5683051347732544,0.5121920108795166,1.895427703857422e-05,0,ag_news,bert-base-uncased
euclidean,0.0,True,0.3409016728401184,0.5122208595275879,2.4437904357910156e-05,0,ag_news,bert-base-uncased
euclidean,0.25,False,3.0080885887145996,0.515192985534668,1.9550323486328125e-05,0,ag_news,bert-base-uncased
euclidean,0.25,True,1.2956007719039917,0.512969970703125,2.6941299438476562e-05,0,ag_news,bert-base-uncased
euclidean,0.5,False,4.341127395629883,0.5114669799804688,1.800060272216797e-05,0,ag_news,bert-base-uncased
euclidean,0.5,True,1.6630380153656006,0.5141372680664062,2.4437904357910156e-05,0,ag_news,bert-base-uncased
euclidean,0.75,False,4.923855781555176,0.5120539665222168,2.1219253540039062e-05,0,ag_news,bert-base-uncased
euclidean,0.75,True,1.8593807220458984,0.5146889686584473,2.300739288330078e-05,0,ag_news,bert-base-uncased
euclidean,1.0,False,4.999287128448486,0.5161359310150146,1.704692840576172e-05,0,ag_news,bert-base-uncased
euclidean,1.0,True,2.029064893722534,0.5154290199279785,3.4332275390625e-05,0,ag_news,bert-base-uncased
manhattan,0.0,False,35.06015396118164,0.5173439979553223,2.2530555725097656e-05,0,ag_news,bert-base-uncased
manhattan,0.0,True,0.3527769446372986,0.5162088871002197,2.384185791015625e-05,0,ag_news,bert-base-uncased
manhattan,0.25,False,65.88409423828125,0.5151700973510742,1.5139579772949219e-05,0,ag_news,bert-base-uncased
manhattan,0.25,True,1.2846530675888062,0.5165832042694092,2.396106719970703e-05,0,ag_news,bert-base-uncased
manhattan,0.5,False,95.56505584716797,0.5149519443511963,1.7404556274414062e-05,0,ag_news,bert-base-uncased
manhattan,0.5,True,2.0032358169555664,0.5144269466400146,2.4557113647460938e-05,0,ag_news,bert-base-uncased
manhattan,0.75,False,106.39946746826172,0.5151591300964355,1.537799835205078e-05,0,ag_news,bert-base-uncased
manhattan,0.75,True,2.203589677810669,0.5163941383361816,2.372264862060547e-05,0,ag_news,bert-base-uncased
manhattan,1.0,False,109.57806396484375,0.5165338516235352,1.7523765563964844e-05,0,ag_news,bert-base-uncased
manhattan,1.0,True,2.560230016708374,0.5174627304077148,2.491474151611328e-05,0,ag_news,bert-base-uncased
minkowski,0.0,False,0.6021384596824646,0.5158421993255615,2.491474151611328e-05,0,ag_news,bert-base-uncased
minkowski,0.0,True,0.34069231152534485,0.5162160396575928,2.6345252990722656e-05,0,ag_news,bert-base-uncased
minkowski,0.25,False,1.2639693021774292,0.5172789096832275,2.5033950805664062e-05,0,ag_news,bert-base-uncased
minkowski,0.25,True,1.3964132070541382,0.5157191753387451,2.6106834411621094e-05,0,ag_news,bert-base-uncased
minkowski,0.5,False,1.7440487146377563,0.5182812213897705,2.3603439331054688e-05,0,ag_news,bert-base-uncased
minkowski,0.5,True,1.7765436172485352,0.5163860321044922,2.5987625122070312e-05,0,ag_news,bert-base-uncased
minkowski,0.75,False,1.9535539150238037,0.5357828140258789,2.8371810913085938e-05,0,ag_news,bert-base-uncased
minkowski,0.75,True,1.9324815273284912,0.5202040672302246,2.5510787963867188e-05,0,ag_news,bert-base-uncased
minkowski,1.0,False,2.018634080886841,0.5276679992675781,2.753734588623047e-05,0,ag_news,bert-base-uncased
minkowski,1.0,True,1.9780546426773071,0.5262582302093506,2.8014183044433594e-05,0,ag_news,bert-base-uncased
chebyshev,0.0,False,0.20598649978637695,0.5174300670623779,1.8596649169921875e-05,0,ag_news,bert-base-uncased
chebyshev,0.0,True,0.34068724513053894,0.5167570114135742,2.5033950805664062e-05,0,ag_news,bert-base-uncased
chebyshev,0.25,False,0.7407915592193604,0.5148999691009521,1.6450881958007812e-05,0,ag_news,bert-base-uncased
chebyshev,0.25,True,1.583943486213684,0.5170013904571533,2.5391578674316406e-05,0,ag_news,bert-base-uncased
chebyshev,0.5,False,0.8691225051879883,0.5208680629730225,1.7404556274414062e-05,0,ag_news,bert-base-uncased
chebyshev,0.5,True,2.0180504322052,0.5190258026123047,2.6345252990722656e-05,0,ag_news,bert-base-uncased
chebyshev,0.75,False,0.8796179294586182,0.5173308849334717,1.633167266845703e-05,0,ag_news,bert-base-uncased
chebyshev,0.75,True,1.93661630153656,0.5192101001739502,2.6464462280273438e-05,0,ag_news,bert-base-uncased
chebyshev,1.0,False,0.8435218334197998,0.5180842876434326,1.5616416931152344e-05,0,ag_news,bert-base-uncased
chebyshev,1.0,True,1.8120542764663696,0.5181758403778076,2.467632293701172e-05,0,ag_news,bert-base-uncased
canberra,0.0,False,141.47164916992188,0.5186460018157959,2.09808349609375e-05,0,ag_news,bert-base-uncased
canberra,0.0,True,1.8564999103546143,0.5209250450134277,2.6464462280273438e-05,0,ag_news,bert-base-uncased
canberra,0.25,False,233.75674438476562,0.5188908576965332,2.014636993408203e-05,0,ag_news,bert-base-uncased
canberra,0.25,True,1.993072748184204,0.5205600261688232,3.063678741455078e-05,0,ag_news,bert-base-uncased
canberra,0.5,False,295.14373779296875,0.5276029109954834,2.288818359375e-05,0,ag_news,bert-base-uncased
canberra,0.5,True,1.995951771736145,0.5205221176147461,2.562999725341797e-05,0,ag_news,bert-base-uncased
canberra,0.75,False,317.4083251953125,0.5200812816619873,2.0503997802734375e-05,0,ag_news,bert-base-uncased
canberra,0.75,True,1.9881601333618164,0.5282402038574219,2.5033950805664062e-05,0,ag_news,bert-base-uncased
canberra,1.0,False,320.20269775390625,0.5219581127166748,2.09808349609375e-05,0,ag_news,bert-base-uncased
canberra,1.0,True,1.9937803745269775,0.5234541893005371,3.0517578125e-05,0,ag_news,bert-base-uncased
mahalanobis,0.0,False,1.6745458508356879,0.6073989868164062,0.0859304666519165,1,ag_news,bert-base-uncased
mahalanobis,0.0,True,0.13228675128456233,0.39824414253234863,9.143352508544922e-05,1,ag_news,bert-base-uncased
mahalanobis,0.25,False,3.482265455003087,0.6165368556976318,0.09860396385192871,1,ag_news,bert-base-uncased
mahalanobis,0.25,True,0.6508671352438473,0.403033971786499,9.500980377197266e-05,1,ag_news,bert-base-uncased
mahalanobis,0.5,False,4.514311784755927,0.6367928981781006,0.10271763801574707,1,ag_news,bert-base-uncased
mahalanobis,0.5,True,1.1349415587029617,0.41313910484313965,9.202957153320312e-05,1,ag_news,bert-base-uncased
mahalanobis,0.75,False,5.054590631327684,0.6490821838378906,0.10548114776611328,1,ag_news,bert-base-uncased
mahalanobis,0.75,True,1.3537711000712034,0.41475915908813477,9.584426879882812e-05,1,ag_news,bert-base-uncased
mahalanobis,1.0,False,5.1856139914926365,0.639423131942749,0.0989760160446167,1,ag_news,bert-base-uncased
mahalanobis,1.0,True,1.672046772623111,0.41374802589416504,0.0001010894775390625,1,ag_news,bert-base-uncased
euclidean,0.0,False,1.6662988662719727,0.4339888095855713,2.0503997802734375e-05,1,ag_news,bert-base-uncased
euclidean,0.0,True,0.13162870705127716,0.44731783866882324,3.230571746826172e-05,1,ag_news,bert-base-uncased
euclidean,0.25,False,3.2629177570343018,0.45059895515441895,2.014636993408203e-05,1,ag_news,bert-base-uncased
euclidean,0.25,True,0.8160296082496643,0.44986414909362793,2.944469451904297e-05,1,ag_news,bert-base-uncased
euclidean,0.5,False,4.5501389503479,0.4476430416107178,1.7404556274414062e-05,1,ag_news,bert-base-uncased
euclidean,0.5,True,0.9342450499534607,0.4485597610473633,2.956390380859375e-05,1,ag_news,bert-base-uncased
euclidean,0.75,False,4.979496955871582,0.4427790641784668,1.9431114196777344e-05,1,ag_news,bert-base-uncased
euclidean,0.75,True,1.4893827438354492,0.4405858516693115,2.7298927307128906e-05,1,ag_news,bert-base-uncased
euclidean,1.0,False,5.189200401306152,0.44365787506103516,2.5391578674316406e-05,1,ag_news,bert-base-uncased
euclidean,1.0,True,1.4216138124465942,0.44835400581359863,2.8014183044433594e-05,1,ag_news,bert-base-uncased
manhattan,0.0,False,36.541141510009766,0.44715023040771484,2.0623207092285156e-05,1,ag_news,bert-base-uncased
manhattan,0.0,True,0.17618224024772644,0.4503810405731201,3.0040740966796875e-05,1,ag_news,bert-base-uncased
manhattan,0.25,False,74.77809143066406,0.43882322311401367,1.7404556274414062e-05,1,ag_news,bert-base-uncased
manhattan,0.25,True,0.8743919134140015,0.43753910064697266,2.944469451904297e-05,1,ag_news,bert-base-uncased
manhattan,0.5,False,97.36045837402344,0.47452783584594727,2.5987625122070312e-05,1,ag_news,bert-base-uncased
manhattan,0.5,True,1.1560293436050415,0.4464888572692871,2.849102020263672e-05,1,ag_news,bert-base-uncased
manhattan,0.75,False,111.78678131103516,0.43939709663391113,2.2530555725097656e-05,1,ag_news,bert-base-uncased
manhattan,0.75,True,1.4924625158309937,0.4411780834197998,2.8848648071289062e-05,1,ag_news,bert-base-uncased
manhattan,1.0,False,110.7590560913086,0.43727779388427734,2.1576881408691406e-05,1,ag_news,bert-base-uncased
manhattan,1.0,True,1.6650820970535278,0.43937206268310547,2.9325485229492188e-05,1,ag_news,bert-base-uncased
minkowski,0.0,False,0.6469781994819641,0.43677616119384766,2.8848648071289062e-05,1,ag_news,bert-base-uncased
minkowski,0.0,True,0.12263759225606918,0.43512797355651855,3.600120544433594e-05,1,ag_news,bert-base-uncased
minkowski,0.25,False,1.2534105777740479,0.4386119842529297,4.100799560546875e-05,1,ag_news,bert-base-uncased
minkowski,0.25,True,0.7074809670448303,0.4347348213195801,3.7550926208496094e-05,1,ag_news,bert-base-uncased
minkowski,0.5,False,1.911647081375122,0.4378359317779541,2.8014183044433594e-05,1,ag_news,bert-base-uncased
minkowski,0.5,True,1.0608468055725098,0.4369978904724121,3.62396240234375e-05,1,ag_news,bert-base-uncased
minkowski,0.75,False,2.0258970260620117,0.4324522018432617,3.0875205993652344e-05,1,ag_news,bert-base-uncased
minkowski,0.75,True,1.3327451944351196,0.4312403202056885,4.267692565917969e-05,1,ag_news,bert-base-uncased
minkowski,1.0,False,1.9884438514709473,0.43055105209350586,2.9921531677246094e-05,1,ag_news,bert-base-uncased
minkowski,1.0,True,1.5184571743011475,0.42854881286621094,3.0994415283203125e-05,1,ag_news,bert-base-uncased
chebyshev,0.0,False,0.19412484765052795,0.4261476993560791,2.014636993408203e-05,1,ag_news,bert-base-uncased
chebyshev,0.0,True,0.1181413009762764,0.4244809150695801,3.695487976074219e-05,1,ag_news,bert-base-uncased
chebyshev,0.25,False,0.649324893951416,0.4258418083190918,2.1457672119140625e-05,1,ag_news,bert-base-uncased
chebyshev,0.25,True,0.8346153497695923,0.431013822555542,3.3020973205566406e-05,1,ag_news,bert-base-uncased
chebyshev,0.5,False,0.8102030754089355,0.4332561492919922,2.1457672119140625e-05,1,ag_news,bert-base-uncased
chebyshev,0.5,True,1.1219968795776367,0.4274711608886719,3.4689903259277344e-05,1,ag_news,bert-base-uncased
chebyshev,0.75,False,0.8367636203765869,0.4274318218231201,1.9669532775878906e-05,1,ag_news,bert-base-uncased
chebyshev,0.75,True,1.1587010622024536,0.4251871109008789,3.361701965332031e-05,1,ag_news,bert-base-uncased
chebyshev,1.0,False,0.9142982959747314,0.4258279800415039,2.0265579223632812e-05,1,ag_news,bert-base-uncased
chebyshev,1.0,True,1.5206493139266968,0.42431187629699707,3.457069396972656e-05,1,ag_news,bert-base-uncased
canberra,0.0,False,156.25933837890625,0.43011903762817383,2.753734588623047e-05,1,ag_news,bert-base-uncased
canberra,0.0,True,1.9592885971069336,0.4235987663269043,3.612041473388672e-05,1,ag_news,bert-base-uncased
canberra,0.25,False,246.33462524414062,0.422976016998291,2.6941299438476562e-05,1,ag_news,bert-base-uncased
canberra,0.25,True,1.9845936298370361,0.4230499267578125,4.00543212890625e-05,1,ag_news,bert-base-uncased
canberra,0.5,False,313.2406005859375,0.4249401092529297,2.7418136596679688e-05,1,ag_news,bert-base-uncased
canberra,0.5,True,1.992964506149292,0.4229729175567627,3.635883331298828e-05,1,ag_news,bert-base-uncased
canberra,0.75,False,331.2125244140625,0.42731595039367676,3.349781036376953e-05,1,ag_news,bert-base-uncased
canberra,0.75,True,1.9816920757293701,0.44182395935058594,3.993511199951172e-05,1,ag_news,bert-base-uncased
canberra,1.0,False,321.0313415527344,0.44200611114501953,3.457069396972656e-05,1,ag_news,bert-base-uncased
canberra,1.0,True,1.9844104051589966,0.4371299743652344,3.910064697265625e-05,1,ag_news,bert-base-uncased
mahalanobis,0.0,False,1.3247934550965603,0.7936038970947266,0.1056358814239502,2,ag_news,bert-base-uncased
mahalanobis,0.0,True,0.40488669422586626,0.5647499561309814,0.00010395050048828125,2,ag_news,bert-base-uncased
mahalanobis,0.25,False,2.567737214546253,0.8064801692962646,0.1020054817199707,2,ag_news,bert-base-uncased
mahalanobis,0.25,True,0.9301149525055694,0.5788819789886475,0.00010442733764648438,2,ag_news,bert-base-uncased
mahalanobis,0.5,False,4.09003809575369,0.8197081089019775,0.10592997074127197,2,ag_news,bert-base-uncased
mahalanobis,0.5,True,1.2242092792437946,0.5744037628173828,0.00010836124420166016,2,ag_news,bert-base-uncased
mahalanobis,0.75,False,4.439744593840217,0.8193149566650391,0.10452461242675781,2,ag_news,bert-base-uncased
mahalanobis,0.75,True,1.5329381809366236,0.562237024307251,0.0001035928726196289,2,ag_news,bert-base-uncased
mahalanobis,1.0,False,4.777454850309808,0.8170409202575684,0.10477578639984131,2,ag_news,bert-base-uncased
mahalanobis,1.0,True,1.83994570720633,0.5722019672393799,0.00010061264038085938,2,ag_news,bert-base-uncased
euclidean,0.0,False,1.3182121515274048,0.6112792491912842,1.9431114196777344e-05,2,ag_news,bert-base-uncased
euclidean,0.0,True,0.4029008448123932,0.6293370723724365,2.8371810913085938e-05,2,ag_news,bert-base-uncased
euclidean,0.25,False,2.6971144676208496,0.6263980865478516,2.002716064453125e-05,2,ag_news,bert-base-uncased
euclidean,0.25,True,1.0379235744476318,0.6109747886657715,3.075599670410156e-05,2,ag_news,bert-base-uncased
euclidean,0.5,False,3.871257781982422,0.6096210479736328,2.1457672119140625e-05,2,ag_news,bert-base-uncased
euclidean,0.5,True,1.5083688497543335,0.6059017181396484,2.849102020263672e-05,2,ag_news,bert-base-uncased
euclidean,0.75,False,4.410518169403076,0.6032969951629639,2.09808349609375e-05,2,ag_news,bert-base-uncased
euclidean,0.75,True,1.598078966140747,0.617617130279541,3.0517578125e-05,2,ag_news,bert-base-uncased
euclidean,1.0,False,4.79611873626709,0.6299741268157959,2.753734588623047e-05,2,ag_news,bert-base-uncased
euclidean,1.0,True,1.8046339750289917,0.6116881370544434,3.1948089599609375e-05,2,ag_news,bert-base-uncased
manhattan,0.0,False,29.18767738342285,0.6007809638977051,1.7404556274414062e-05,2,ag_news,bert-base-uncased
manhattan,0.0,True,0.4977419376373291,0.5992929935455322,2.944469451904297e-05,2,ag_news,bert-base-uncased
manhattan,0.25,False,60.48268508911133,0.5980849266052246,1.895427703857422e-05,2,ag_news,bert-base-uncased
manhattan,0.25,True,1.1686549186706543,0.5970320701599121,2.8014183044433594e-05,2,ag_news,bert-base-uncased
manhattan,0.5,False,86.69944763183594,0.5953679084777832,1.9431114196777344e-05,2,ag_news,bert-base-uncased
manhattan,0.5,True,1.742837905883789,0.6080079078674316,2.8848648071289062e-05,2,ag_news,bert-base-uncased
manhattan,0.75,False,97.59713745117188,0.5913043022155762,1.7404556274414062e-05,2,ag_news,bert-base-uncased
manhattan,0.75,True,2.1373867988586426,0.5908677577972412,3.0517578125e-05,2,ag_news,bert-base-uncased
manhattan,1.0,False,101.25823974609375,0.5949099063873291,1.895427703857422e-05,2,ag_news,bert-base-uncased
manhattan,1.0,True,1.941720962524414,0.5966799259185791,2.956390380859375e-05,2,ag_news,bert-base-uncased
minkowski,0.0,False,0.5096288323402405,0.5920898914337158,2.9087066650390625e-05,2,ag_news,bert-base-uncased
minkowski,0.0,True,0.3904836177825928,0.59765625,3.7670135498046875e-05,2,ag_news,bert-base-uncased
minkowski,0.25,False,1.088181495666504,0.5914819240570068,2.7179718017578125e-05,2,ag_news,bert-base-uncased
minkowski,0.25,True,0.9558840990066528,0.5874369144439697,3.743171691894531e-05,2,ag_news,bert-base-uncased
minkowski,0.5,False,1.5586771965026855,0.5852031707763672,2.9921531677246094e-05,2,ag_news,bert-base-uncased
minkowski,0.5,True,1.399858832359314,0.5937681198120117,4.601478576660156e-05,2,ag_news,bert-base-uncased
minkowski,0.75,False,1.761399745941162,0.5903499126434326,2.8014183044433594e-05,2,ag_news,bert-base-uncased
minkowski,0.75,True,1.5960129499435425,0.587334156036377,3.838539123535156e-05,2,ag_news,bert-base-uncased
minkowski,1.0,False,1.811387538909912,0.584475040435791,3.0517578125e-05,2,ag_news,bert-base-uncased
minkowski,1.0,True,1.7235441207885742,0.5877640247344971,3.838539123535156e-05,2,ag_news,bert-base-uncased
chebyshev,0.0,False,0.16007375717163086,0.589353084564209,2.0384788513183594e-05,2,ag_news,bert-base-uncased
chebyshev,0.0,True,0.3875352740287781,0.5912280082702637,3.1948089599609375e-05,2,ag_news,bert-base-uncased
chebyshev,0.25,False,0.35730743408203125,0.5900840759277344,1.9073486328125e-05,2,ag_news,bert-base-uncased
chebyshev,0.25,True,0.7871806621551514,0.599600076675415,2.8371810913085938e-05,2,ag_news,bert-base-uncased
chebyshev,0.5,False,0.6426303386688232,0.5876801013946533,2.205371856689453e-05,2,ag_news,bert-base-uncased
chebyshev,0.5,True,1.2087644338607788,0.5883831977844238,3.0875205993652344e-05,2,ag_news,bert-base-uncased
chebyshev,0.75,False,0.8235225677490234,0.5885219573974609,2.110004425048828e-05,2,ag_news,bert-base-uncased
chebyshev,0.75,True,1.5517218112945557,0.589479923248291,2.944469451904297e-05,2,ag_news,bert-base-uncased
chebyshev,1.0,False,0.5568157434463501,0.5859489440917969,2.205371856689453e-05,2,ag_news,bert-base-uncased
chebyshev,1.0,True,1.7369098663330078,0.5873181819915771,3.0994415283203125e-05,2,ag_news,bert-base-uncased
canberra,0.0,False,135.04544067382812,0.5952420234680176,2.6941299438476562e-05,2,ag_news,bert-base-uncased
canberra,0.0,True,1.9748313426971436,0.5939209461212158,3.314018249511719e-05,2,ag_news,bert-base-uncased
canberra,0.25,False,238.34695434570312,0.5880687236785889,2.753734588623047e-05,2,ag_news,bert-base-uncased
canberra,0.25,True,1.9900522232055664,0.5897841453552246,3.4332275390625e-05,2,ag_news,bert-base-uncased
canberra,0.5,False,302.488037109375,0.5893020629882812,2.5510787963867188e-05,2,ag_news,bert-base-uncased
canberra,0.5,True,1.997462511062622,0.5872499942779541,3.552436828613281e-05,2,ag_news,bert-base-uncased
canberra,0.75,False,312.1112060546875,0.5852322578430176,2.8014183044433594e-05,2,ag_news,bert-base-uncased
canberra,0.75,True,1.9943068027496338,0.5830893516540527,3.802776336669922e-05,2,ag_news,bert-base-uncased
canberra,1.0,False,326.72607421875,0.5852138996124268,2.6345252990722656e-05,2,ag_news,bert-base-uncased
canberra,1.0,True,1.9971961975097656,0.5962960720062256,3.600120544433594e-05,2,ag_news,bert-base-uncased
