window_time,drift_distance,threshold,drift_detected,accuracy,auc,method
2015-01-11 08:09:48.506820096,0.0,0.018653213791889,0,0.9820807702594276,0.9973916716569126,bhattacharyya_histogram
2015-02-05 05:45:21.200667648,0.0029528605658784,0.018653213791889,0,0.9755674232309748,0.9963946645121632,bhattacharyya_histogram
2015-02-28 16:39:17.016885504,0.0096177024646981,0.018653213791889,0,0.9777539533637096,0.9957381803589668,bhattacharyya_histogram
2015-03-24 08:51:32.283909632,0.0131729795744289,0.018653213791889,0,0.9722074468085108,0.99592193589534,bhattacharyya_histogram
2015-04-19 23:55:22.089075712,0.0132993820699445,0.018653213791889,0,0.9747596153846154,0.995621762789683,bhattacharyya_histogram
2015-05-16 05:23:02.882852864,0.0342752051673451,0.018653213791889,0,0.9747910488002156,0.9951544258628652,bhattacharyya_histogram
2015-06-11 17:01:20.739780864,0.0216119763070709,0.018653213791889,0,0.9754207854662036,0.9959718922349832,bhattacharyya_histogram
2015-07-07 02:48:50.688933888,0.0146031384560054,0.018653213791889,0,0.9734143049932524,0.9954411281334216,bhattacharyya_histogram
2015-07-30 15:34:58.859391744,0.0119783596770558,0.018653213791889,0,0.9753201707577376,0.995919278433188,bhattacharyya_histogram
2015-08-21 15:05:12.752964864,0.0151247221179802,0.018653213791889,0,0.9747978436657682,0.9951549073703082,bhattacharyya_histogram
2015-09-12 21:37:22.907615744,0.0137176845989831,0.018653213791889,0,0.9737194958433896,0.9967122383874012,bhattacharyya_histogram
2015-10-05 21:53:33.587716864,0.0169908728140567,0.018653213791889,0,0.9758022093634928,0.9972455237358976,bhattacharyya_histogram
2015-10-26 04:25:22.448119552,0.0148497110671992,0.018653213791889,0,0.9733262203254202,0.9956075193809828,bhattacharyya_histogram
2015-11-13 17:02:05.369004800,0.012932437429505,0.018653213791889,0,0.9748830995323982,0.996506195164423,bhattacharyya_histogram
2015-12-02 07:12:01.405064960,0.013310731499588,0.018653213791889,0,0.9764169904863996,0.9966623651246994,bhattacharyya_histogram
2015-12-22 18:55:59.606276864,0.0125647814421759,0.018653213791889,0,0.9703663793103448,0.9960126635069232,bhattacharyya_histogram
2016-01-10 08:06:09.746892288,0.0113249535766446,0.018653213791889,0,0.9744776514149696,0.9959212977336231,bhattacharyya_histogram
2016-01-21 04:39:16.918586112,0.0106813855077203,0.018653213791889,0,0.9752276379217996,0.99565376818614,bhattacharyya_histogram
2016-02-02 02:58:14.565866496,0.0089418343150203,0.018653213791889,0,0.9752,0.9957445729855394,bhattacharyya_histogram
2016-02-14 18:06:33.121078016,0.0087945276580424,0.018653213791889,0,0.976401179941003,0.995136070591376,bhattacharyya_histogram
2016-02-26 21:17:57.877155840,0.008024414241424,0.018653213791889,0,0.9751923587158398,0.9963266425151,bhattacharyya_histogram
2016-03-09 07:50:47.186913280,0.0074759136566151,0.018653213791889,0,0.9746580852775544,0.9954687573729653,bhattacharyya_histogram
2016-03-21 19:27:45.574640896,0.010148599140003,0.018653213791889,0,0.9757849920170304,0.9966273167605524,bhattacharyya_histogram
2016-04-04 14:40:47.423562496,0.0088911416686055,0.018653213791889,0,0.973267060720043,0.9954549086588884,bhattacharyya_histogram
2016-04-19 00:35:56.588087808,0.0084563246685543,0.018653213791889,0,0.9734548335974644,0.9953450653822644,bhattacharyya_histogram
2016-04-29 09:06:52.916020480,0.0080266956890569,0.018653213791889,0,0.9729874297940626,0.9952464292989204,bhattacharyya_histogram
2016-05-10 06:38:48.651970048,0.0100382606085392,0.018653213791889,0,0.9717233985526668,0.9952706076965744,bhattacharyya_histogram
2016-05-21 10:47:31.657382656,0.0110742666773265,0.018653213791889,0,0.9773454157782516,0.9959949892631766,bhattacharyya_histogram
2016-06-01 08:05:10.293080576,0.0101095237641407,0.018653213791889,0,0.9722148009617954,0.9954980218562054,bhattacharyya_histogram
2016-06-11 14:38:48.016489472,0.0099216114131899,0.018653213791889,0,0.9751329787234042,0.9958026190877796,bhattacharyya_histogram
2016-06-22 00:57:55.235603712,0.0103393568212921,0.018653213791889,0,0.9765974230870366,0.9960748749469592,bhattacharyya_histogram
2016-07-02 07:25:22.794145280,0.0091278347129581,0.018653213791889,0,0.972730918326427,0.9956982330518912,bhattacharyya_histogram
2016-07-13 09:27:46.314788096,0.0097907419451849,0.018653213791889,0,0.971322849213691,0.9948799666264048,bhattacharyya_histogram
2016-07-22 03:46:52.547762176,0.0093975038136238,0.018653213791889,0,0.970741482965932,0.9943637526262904,bhattacharyya_histogram
2016-07-31 10:31:14.596140800,0.0089751373531771,0.018653213791889,0,0.9704590818363272,0.995318887980376,bhattacharyya_histogram
2016-08-09 22:13:06.052518912,0.0088305287162821,0.018653213791889,0,0.9748763864760124,0.9958252967429676,bhattacharyya_histogram
2016-08-19 15:46:13.900492800,0.0087601008521259,0.018653213791889,0,0.9682962568269616,0.995206116487054,bhattacharyya_histogram
2016-08-29 05:53:12.757607936,0.0083117659442368,0.018653213791889,0,0.9685049833887044,0.9953991244094098,bhattacharyya_histogram
2016-09-08 09:39:44.793902336,0.009135305331942,0.018653213791889,0,0.974703767807216,0.9964862001306454,bhattacharyya_histogram
2016-09-18 06:03:33.502058752,0.0087261925280927,0.018653213791889,0,0.9721078496480277,0.9957278517704528,bhattacharyya_histogram
2016-09-27 18:24:40.967160576,0.0080966097138404,0.018653213791889,0,0.9707649179014818,0.9951950672651252,bhattacharyya_histogram
2016-10-07 13:41:23.872992768,0.0084373416503394,0.018653213791889,0,0.9700066357000664,0.9951628968859444,bhattacharyya_histogram
2016-10-17 11:55:33.511858432,0.0079275037804747,0.018653213791889,0,0.9749430523917996,0.9965663720648624,bhattacharyya_histogram
2016-10-27 01:29:41.976607488,0.0076240344182621,0.018653213791889,0,0.9677850554738672,0.9948193011232784,bhattacharyya_histogram
2016-11-05 01:35:03.399676928,0.0076262162104825,0.018653213791889,0,0.9741622930964876,0.9961169449653317,bhattacharyya_histogram
2016-11-14 19:01:10.739316736,0.0073191842667747,0.018653213791889,0,0.9724045545880776,0.9951873849013252,bhattacharyya_histogram
2016-11-25 12:35:37.448248320,0.0073190287249669,0.018653213791889,0,0.968562674836819,0.9943729423206012,bhattacharyya_histogram
2016-12-03 15:52:34.117192704,0.0079959750845684,0.018653213791889,0,0.9703023039019842,0.996177784409808,bhattacharyya_histogram
2016-12-10 08:59:30.693692160,0.0079502053958679,0.018653213791889,0,0.975596746232831,0.9957150348138878,bhattacharyya_histogram
2016-12-17 08:49:39.525993984,0.0076078022544572,0.018653213791889,0,0.9724770642201837,0.9958783696859832,bhattacharyya_histogram
2016-12-24 06:30:44.857579520,0.0078671727461178,0.018653213791889,0,0.9751561046897834,0.9964480545386588,bhattacharyya_histogram
2016-12-30 03:47:24.421860352,0.0083413843534768,0.018653213791889,0,0.9743284372105332,0.9962206664039944,bhattacharyya_histogram
2017-01-04 22:16:38.277375232,0.0078186860401982,0.018653213791889,0,0.975886151008038,0.996317702279957,bhattacharyya_histogram
2017-01-10 20:56:48.223647488,0.0072155074549205,0.018653213791889,0,0.9739478957915833,0.9955256790360728,bhattacharyya_histogram
2017-01-17 04:59:38.757997568,0.0067090641617416,0.018653213791889,0,0.9745683308794004,0.9961872896245488,bhattacharyya_histogram
2017-01-24 02:28:52.148750848,0.0068371229278871,0.018653213791889,0,0.9761999206664024,0.9960563049754436,bhattacharyya_histogram
2017-01-31 17:37:25.901447424,0.0075311596533822,0.018653213791889,0,0.9717093903572852,0.9956585327842812,bhattacharyya_histogram
2017-02-08 10:39:14.659304192,0.0076674533648139,0.018653213791889,0,0.9747387911651898,0.996188022503812,bhattacharyya_histogram
2017-02-16 13:19:43.407748864,0.0067171123251016,0.018653213791889,0,0.9743486973947896,0.9962613055846748,bhattacharyya_histogram
2017-02-25 01:31:15.515959808,0.0075686272805612,0.018653213791889,0,0.968474977013004,0.9943666800059094,bhattacharyya_histogram
2017-03-04 23:00:53.579133440,0.0069766737104857,0.018653213791889,0,0.9748658201335252,0.9957494156392072,bhattacharyya_histogram
2017-03-12 14:57:13.493110272,0.0066695719247907,0.018653213791889,0,0.9720401337792642,0.9944768508040088,bhattacharyya_histogram
2017-03-19 07:30:07.155601920,0.0068224404557909,0.018653213791889,0,0.9744358940915612,0.99639635234845,bhattacharyya_histogram
2017-03-26 15:48:53.983547904,0.0069160222003172,0.018653213791889,0,0.9734642430675337,0.9961268857027954,bhattacharyya_histogram
2017-04-03 09:24:18.020380928,0.0061213418984116,0.018653213791889,0,0.970960436925536,0.995292120370584,bhattacharyya_histogram
2017-04-11 11:19:21.909979904,0.0066104865615421,0.018653213791889,0,0.9703951774949764,0.995716189898255,bhattacharyya_histogram
2017-04-19 13:38:16.158673664,0.0069313499878895,0.018653213791889,0,0.9681595983617388,0.9956322506718136,bhattacharyya_histogram
2017-04-27 04:32:28.451162880,0.0062270041092492,0.018653213791889,0,0.9730232558139534,0.9964345856056284,bhattacharyya_histogram
2017-05-05 05:58:39.392567040,0.0057430939607051,0.018653213791889,0,0.9718928999600372,0.9957892869085724,bhattacharyya_histogram
2017-05-14 04:22:32.892679424,0.0074619345428808,0.018653213791889,0,0.9721961047683008,0.9960161450779934,bhattacharyya_histogram
2017-05-21 19:24:48.956270336,0.0078172342515457,0.018653213791889,0,0.970059093893631,0.9952534884661072,bhattacharyya_histogram
2017-05-29 21:29:31.905385472,0.0066670182423484,0.018653213791889,0,0.970867299211546,0.9957772404447194,bhattacharyya_histogram
2017-06-06 21:26:11.897116160,0.0083509903975572,0.018653213791889,0,0.9696969696969696,0.9947705264957052,bhattacharyya_histogram
2017-06-14 20:46:07.987727104,0.0083095172964008,0.018653213791889,0,0.9715977924350518,0.9959514671553268,bhattacharyya_histogram
2017-06-22 20:00:49.528886016,0.0085878687021966,0.018653213791889,0,0.9706871050154632,0.9954542495519124,bhattacharyya_histogram
2017-07-01 09:36:16.053435904,0.0077336913938118,0.018653213791889,0,0.9682281059063136,0.9946955789197292,bhattacharyya_histogram
2017-07-12 14:58:14.009790208,0.0080175985466089,0.018653213791889,0,0.95874079035499,0.9932898510072632,bhattacharyya_histogram
2017-07-19 05:59:53.470542080,0.0089496241853993,0.018653213791889,0,0.9781700579436734,0.9969926543554688,bhattacharyya_histogram
2017-07-24 10:00:41.826860544,0.008154954006713,0.018653213791889,0,0.9705215419501134,0.995800313666868,bhattacharyya_histogram
2017-07-31 22:57:28.080697088,0.0079564029093117,0.018653213791889,0,0.9682453521509023,0.9948123526042432,bhattacharyya_histogram
2017-08-07 12:03:09.532411648,0.0077940605865773,0.018653213791889,0,0.969857433808554,0.99564967393878,bhattacharyya_histogram
2017-08-14 17:50:42.746228992,0.0073200361974557,0.018653213791889,0,0.9726694628602354,0.9961236425747798,bhattacharyya_histogram
2017-08-21 07:36:09.961766656,0.006878263681419,0.018653213791889,0,0.973317079777868,0.9954568507284136,bhattacharyya_histogram
2017-08-28 19:57:39.823730432,0.0078053481697729,0.018653213791889,0,0.9737515143357114,0.9959691165193416,bhattacharyya_histogram
2017-09-05 01:55:46.054718208,0.007921298330942,0.018653213791889,0,0.9687626774847872,0.9957836560567216,bhattacharyya_histogram
2017-09-13 14:01:37.723277568,0.0076147433943041,0.018653213791889,0,0.9726250169399648,0.9964311913372632,bhattacharyya_histogram
2017-09-22 02:41:11.360974336,0.0074968419468294,0.018653213791889,0,0.9749016415683084,0.996122140708257,bhattacharyya_histogram
2017-09-30 17:22:12.757061120,0.0072588484240863,0.018653213791889,0,0.9742261011864176,0.995511478159087,bhattacharyya_histogram
2017-10-09 12:10:52.014179840,0.0074075224191446,0.018653213791889,0,0.9719184555150532,0.9964949181523726,bhattacharyya_histogram
2017-10-18 05:33:31.071549952,0.007397948174865,0.018653213791889,0,0.9697627118644068,0.9962838814190412,bhattacharyya_histogram
2017-10-26 10:29:49.184672256,0.007215356703487,0.018653213791889,0,0.9689147182051628,0.9948879845193208,bhattacharyya_histogram
2017-11-03 13:32:06.526492928,0.0071025327860361,0.018653213791889,0,0.9691182446160096,0.9957077980938176,bhattacharyya_histogram
2017-11-12 11:16:33.610533376,0.0075305928661753,0.018653213791889,0,0.9724425325984676,0.9957261735143615,bhattacharyya_histogram
2017-11-22 09:22:30.779576064,0.0071526637271943,0.018653213791889,0,0.9677157908955828,0.995645429134305,bhattacharyya_histogram
2017-12-02 00:14:20.750861312,0.0079947859894258,0.018653213791889,0,0.9707673568818516,0.9954670455382516,bhattacharyya_histogram
2017-12-10 18:38:30.163156736,0.0082639127939178,0.018653213791889,0,0.9676593451017385,0.9966062113766786,bhattacharyya_histogram
2017-12-19 10:11:00.917120000,0.0080835532233946,0.018653213791889,0,0.9671953368578012,0.9954450084977052,bhattacharyya_histogram
2017-12-29 04:55:25.730855936,0.007820472386895,0.018653213791889,0,0.9712776046606152,0.9961194834746752,bhattacharyya_histogram
2018-01-07 05:03:58.074396160,0.0082629853743033,0.018653213791889,0,0.968060630667208,0.9959592016513176,bhattacharyya_histogram
2018-01-13 01:15:01.810510336,0.0092488969801841,0.018653213791889,0,0.9721358041390504,0.9961572174932212,bhattacharyya_histogram
2018-01-20 09:23:07.746618368,0.008274797042363,0.018653213791889,0,0.9742830214083747,0.9965412695809917,bhattacharyya_histogram
2018-01-28 08:00:23.843254272,0.0085597903734857,0.018653213791889,0,0.9717659834396634,0.9959328974122644,bhattacharyya_histogram
2018-02-05 16:11:44.747650816,0.008202706847624,0.018653213791889,0,0.9694054776219104,0.9955197725967956,bhattacharyya_histogram
2018-02-14 04:34:46.924671744,0.0081889558760857,0.018653213791889,0,0.9728781540952638,0.9967522829056036,bhattacharyya_histogram
2018-02-22 06:31:20.301297664,0.007571893561333,0.018653213791889,0,0.9759491960545872,0.9965246801684146,bhattacharyya_histogram
2018-03-02 00:39:40.729383424,0.0077134501692098,0.018653213791889,0,0.9679443459282498,0.995520898869246,bhattacharyya_histogram
2018-03-09 23:00:57.028640000,0.0081088838942109,0.018653213791889,0,0.970496684260387,0.9955959799397816,bhattacharyya_histogram
2018-03-18 07:01:04.328294144,0.0076914139677808,0.018653213791889,0,0.9755080069977125,0.9969361824159156,bhattacharyya_histogram
2018-03-26 00:14:58.361884672,0.007982818963207,0.018653213791889,0,0.9726694628602354,0.9966879703312186,bhattacharyya_histogram
2018-04-02 21:40:45.219374592,0.0079170968318521,0.018653213791889,0,0.9690931272875152,0.9959719702861554,bhattacharyya_histogram
2018-04-10 13:53:58.238752000,0.0078192039073061,0.018653213791889,0,0.9690498716042708,0.9953859238346554,bhattacharyya_histogram
2018-04-18 05:52:30.149701888,0.0079239149687191,0.018653213791889,0,0.9755702523957348,0.997130952215545,bhattacharyya_histogram
2018-04-26 08:23:35.867226112,0.0075466438728812,0.018653213791889,0,0.9734453326107574,0.9968284343893812,bhattacharyya_histogram
2018-05-04 09:15:51.821802496,0.0082162531718783,0.018653213791889,0,0.9745751189666894,0.9969512466018596,bhattacharyya_histogram
2018-05-12 21:50:43.518119424,0.007411632241173,0.018653213791889,0,0.9710693524401784,0.9950647520381928,bhattacharyya_histogram
2018-05-21 12:17:53.595243520,0.0084042086796066,0.018653213791889,0,0.9689098250336474,0.9958844660502816,bhattacharyya_histogram
2018-05-29 22:37:11.426733056,0.0085387493245568,0.018653213791889,0,0.9747830802603036,0.9967097961411028,bhattacharyya_histogram
2018-06-07 00:32:46.876511488,0.0079869748802035,0.018653213791889,0,0.9691266079891672,0.9961695922638266,bhattacharyya_histogram
2018-06-14 14:02:17.009661696,0.0077369449660737,0.018653213791889,0,0.9713517148621386,0.9957839400154544,bhattacharyya_histogram
2018-06-22 06:59:06.886837248,0.0083298201101511,0.018653213791889,0,0.9738800920286912,0.9964713986687272,bhattacharyya_histogram
2018-06-29 16:42:36.076887296,0.0079612721902043,0.0090641139695292,0,0.9756031075371404,0.9955342530814704,bhattacharyya_histogram
2018-07-07 12:49:43.480511488,0.0081259266632301,0.009018690353535,0,0.971390194761585,0.9961315788142198,bhattacharyya_histogram
2018-07-15 21:09:54.719060224,0.0079936501601108,0.009008252253876,0,0.9668613336955044,0.9951747856281422,bhattacharyya_histogram
2018-07-25 08:17:45.434097408,0.0090514062397726,0.0090860249203331,0,0.970766536440792,0.995847780823082,bhattacharyya_histogram
2018-08-01 18:41:05.208256000,0.0088973949724131,0.0091776139240886,0,0.9721061851502492,0.9966802754364842,bhattacharyya_histogram
2018-08-08 13:01:39.231343616,0.0089658549683914,0.0092652622575452,0,0.9759739378308674,0.9969737355978576,bhattacharyya_histogram
2018-08-15 14:51:17.696300544,0.0090261682341452,0.0093630827461998,0,0.9732973701955496,0.996484146345738,bhattacharyya_histogram
2018-08-23 01:01:27.213691648,0.0096232529122333,0.0095753626376767,1,0.9749220550359224,0.9964475812699356,bhattacharyya_histogram
2018-08-30 21:06:44.884686336,0.0091772820075049,0.0096703343015932,0,0.9712356515867656,0.996684405061541,bhattacharyya_histogram
2018-09-08 13:18:56.003451648,0.0093470938452483,0.0096885095957249,0,0.9731335223437289,0.9966561127661664,bhattacharyya_histogram
2018-09-17 07:39:59.075442944,0.0088195612900131,0.009727539659089,0,0.968618963884756,0.9958626966431002,bhattacharyya_histogram
2018-09-26 03:50:15.335848704,0.0093368903368957,0.0098240938979451,0,0.9749494949494948,0.9971163396488072,bhattacharyya_histogram
2018-10-05 07:32:21.802231808,0.0092127728073082,0.0099087295951016,0,0.9723389830508474,0.9969995220535788,bhattacharyya_histogram
2018-10-13 18:44:58.700504832,0.0091664302306259,0.0099810423609472,0,0.9727090301003344,0.9969405078692458,bhattacharyya_histogram
2018-10-21 16:45:27.440193024,0.009271539824309,0.0100391537495304,0,0.9734477671986054,0.9970424265632728,bhattacharyya_histogram
2018-10-29 08:42:23.578923776,0.0099849379043962,0.0102204694608217,0,0.9744629104175112,0.9964196933702334,bhattacharyya_histogram
2018-11-06 04:18:43.090291968,0.0099951891816254,0.0103954706270605,0,0.9737379235270104,0.9970263242930292,bhattacharyya_histogram
2018-11-14 20:25:18.838155776,0.0103073276949179,0.0105916973756545,0,0.9744421906693712,0.9967541831948612,bhattacharyya_histogram
2018-11-23 09:54:35.962477312,0.0106193098544939,0.0108407803352048,0,0.9738811046116176,0.997088312527828,bhattacharyya_histogram
2018-12-01 08:47:21.810177536,0.010260661041655,0.0109863841173878,0,0.9736172492299452,0.9974142202403072,bhattacharyya_histogram
2018-12-09 00:42:57.972538368,0.0104196819857712,0.0111328880280099,0,0.9775326247813804,0.9977793933205324,bhattacharyya_histogram
2018-12-15 23:21:59.329690368,0.0107486557649157,0.0113227268792779,0,0.973595125253893,0.9968975369044883,bhattacharyya_histogram
2018-12-23 11:05:31.167271680,0.0115357119018331,0.0116153899245348,0,0.9774072081764388,0.9976090350557466,bhattacharyya_histogram
2018-12-29 17:00:32.257942272,0.0117965496371065,0.0119652000786191,0,0.975869506605554,0.997331688743848,bhattacharyya_histogram
2019-01-04 13:52:37.531022848,0.0117860558351831,0.0121966753273166,0,0.9787899388171312,0.9972237999905712,bhattacharyya_histogram
2019-01-10 06:41:21.192833792,0.0117094587704964,0.0124486328215071,0,0.9780131384904144,0.9972199223071782,bhattacharyya_histogram
2019-01-16 10:38:04.728266752,0.0110459181137101,0.0125723215621612,0,0.9745955341623213,0.9968490101667004,bhattacharyya_histogram
2019-01-23 06:52:45.774218752,0.0103686452442072,0.0125719892075063,0,0.9759739378308674,0.9972091158355384,bhattacharyya_histogram
2019-01-30 17:31:41.145020928,0.0103129659241539,0.0125234984795939,0,0.9788474576271188,0.997886025575489,bhattacharyya_histogram
2019-02-07 08:25:49.291846912,0.0112281244178907,0.012610744532692,0,0.9762962962962964,0.9977198022717834,bhattacharyya_histogram
2019-02-16 00:10:19.823346432,0.0104810226066465,0.0125590927121774,0,0.973176978029384,0.9973952665521532,bhattacharyya_histogram
2019-02-24 03:28:32.059029760,0.0105651586587303,0.0125105814481526,0,0.9751898047722344,0.9972085035308752,bhattacharyya_histogram
2019-03-03 23:26:39.587647232,0.0097420164819013,0.0123860590429436,0,0.97664686825054,0.9967304682601446,bhattacharyya_histogram
2019-03-11 23:36:41.152388864,0.0098904428285292,0.0123649731727746,0,0.9731888964116452,0.9968942057790986,bhattacharyya_histogram
2019-03-20 03:09:37.201606144,0.0107759484157305,0.012371767540552,0,0.9746027434469644,0.9975200321623346,bhattacharyya_histogram
2019-03-28 13:04:36.918506240,0.0103266268887923,0.0123432535035377,0,0.9742274996626636,0.9965933070552636,bhattacharyya_histogram
2019-04-06 03:31:12.239665920,0.0107120825129933,0.0123339074188781,0,0.979311283517082,0.9977851458885942,bhattacharyya_histogram
2019-04-14 13:17:12.127801088,0.0102287987146359,0.012331198207514,0,0.9717223650385604,0.9968437129048984,bhattacharyya_histogram
2019-04-22 20:24:59.649585152,0.0101452415615071,0.0122965848722856,0,0.9778647590767984,0.9974835671350402,bhattacharyya_histogram
2019-04-30 21:09:58.900908032,0.0102273857421894,0.012272244109701,0,0.979694057127386,0.997199819880671,bhattacharyya_histogram
2019-05-08 12:33:29.212087808,0.010602069802226,0.0121928133741792,0,0.977509822517274,0.9973049492909704,bhattacharyya_histogram
2019-05-15 23:08:27.200681472,0.0101590603898643,0.0121517243202236,0,0.9787694388100068,0.9975537046252196,bhattacharyya_histogram
2019-05-23 08:52:22.653012224,0.010398782061706,0.0120910420542856,0,0.9774598461330812,0.9981649238426784,bhattacharyya_histogram
2019-05-30 22:52:33.977469440,0.0105761200862246,0.0120144891899423,0,0.9748206308379586,0.9970015375734812,bhattacharyya_histogram
2019-06-07 01:21:35.321539072,0.0105305884645393,0.0119337709391496,0,0.9780234596197924,0.997788728848026,bhattacharyya_histogram
2019-06-13 23:08:36.748116224,0.0108957661370007,0.0119418255204646,0,0.97457857531267,0.9970495620931236,bhattacharyya_histogram
2019-06-19 21:51:20.566598400,0.0092700646640886,0.0120235258330114,0,0.9801028695181376,0.9978177458033574,bhattacharyya_histogram
2019-06-25 13:38:20.489797632,0.0098242074073042,0.0120431123332365,0,0.9761036857027136,0.996620508220997,bhattacharyya_histogram
2019-07-01 04:13:41.139450112,0.0104750797752124,0.0120387781328508,0,0.9776008635811632,0.9977094708283308,bhattacharyya_histogram
2019-07-06 15:14:53.627373824,0.0106650831207132,0.0120458386769903,0,0.9786663088689118,0.9972674219848372,bhattacharyya_histogram
2019-07-12 01:09:43.613655808,0.0102044912182973,0.0120467795535106,0,0.9760260056887444,0.9974870453426832,bhattacharyya_histogram
2019-07-17 12:14:25.262008832,0.0103661380831463,0.0120345970291565,0,0.9789103690685412,0.9974053153362448,bhattacharyya_histogram
2019-07-23 01:38:22.589190400,0.0108005093403587,0.0119442739774288,0,0.977675551346232,0.9974583604182452,bhattacharyya_histogram
2019-07-29 00:02:24.235024128,0.0106829093952635,0.0117827396006783,0,0.9756953821226032,0.9970230760243518,bhattacharyya_histogram
2019-08-04 14:57:42.356743168,0.0102353346762525,0.0115879166912903,0,0.9786371011357492,0.9972539251207728,bhattacharyya_histogram
2019-08-11 22:40:47.209317632,0.0102994180625293,0.0113801511203419,0,0.9768723947828424,0.997945779605962,bhattacharyya_histogram
2019-08-19 12:11:12.264657664,0.0101603390397402,0.0113089049166117,0,0.9727457627118644,0.9971253660746942,bhattacharyya_histogram
2019-08-26 12:18:00.631070464,0.0113940762905589,0.0114493436390696,0,0.9799481653253308,0.9981271990925036,bhattacharyya_histogram
2019-09-02 23:59:24.102610944,0.0115378212058354,0.0116058202241822,0,0.9741252178576216,0.997159343456792,bhattacharyya_histogram
2019-09-11 14:18:50.241135616,0.0113760508088937,0.0116332105700654,0,0.9762840493291776,0.9974481492833196,bhattacharyya_histogram
2019-09-20 07:11:53.724405760,0.0111667632743323,0.0116989200493595,0,0.980169971671388,0.9977836137503694,bhattacharyya_histogram
2019-09-28 17:43:57.425362688,0.0112862202117327,0.011775701894415,0,0.9767975178740052,0.9977183395241316,bhattacharyya_histogram
2019-10-07 05:47:27.246907904,0.0114787439687656,0.0118568713830963,0,0.979382832502358,0.9982533910097956,bhattacharyya_histogram
2019-10-15 03:07:43.260482560,0.0107713590998184,0.0118518860581109,0,0.9765908785147316,0.997192047429757,bhattacharyya_histogram
2019-10-23 04:54:55.352891904,0.0129989337032543,0.0123255218402657,1,0.976855003403676,0.9975726748044748,bhattacharyya_histogram
2019-10-30 22:03:19.516393216,0.011817075936534,0.0124458749984514,0,0.9801711258997692,0.9983134204416424,bhattacharyya_histogram
2019-11-07 00:53:40.218806016,0.0123801666644577,0.0126564354474212,0,0.97671617824167,0.9977226633863264,bhattacharyya_histogram
2019-11-14 13:41:12.079603712,0.012305994798313,0.0128298068003091,0,0.9788857103936792,0.9976172588855884,bhattacharyya_histogram
2019-11-21 23:22:56.785410048,0.0131446596741397,0.0131552294848551,0,0.9807196198234894,0.9972779609645056,bhattacharyya_histogram
2019-11-30 20:34:38.279047936,0.012683700916987,0.0133451346953086,0,0.979852249832102,0.9982134065311636,bhattacharyya_histogram
2019-12-08 09:25:22.834821632,0.0130007543976534,0.0135798484125838,0,0.982130861211877,0.9983076824902204,bhattacharyya_histogram
2019-12-12 18:50:53.435386880,0.0137001133413107,0.0139181279538968,0,0.9800404585300068,0.9980180939102798,bhattacharyya_histogram
2019-12-16 13:35:06.442365184,0.0147477421640952,0.014464411151187,1,0.9787321063394684,0.9977508763557238,bhattacharyya_histogram
2019-12-21 06:00:31.676440064,0.0128704180319581,0.0145906425560113,0,0.9770971676378912,0.9977103371302892,bhattacharyya_histogram
2019-12-26 05:37:55.490231296,0.0148771128705419,0.0150618441430934,0,0.9793149764942914,0.9981033388219184,bhattacharyya_histogram
2019-12-30 07:47:43.296733696,0.0145600328539732,0.0154145509434908,0,0.983533540288838,0.9986466202721646,bhattacharyya_histogram
2020-01-03 16:51:19.239594752,0.0154133952670549,0.0157999660860561,0,0.98168001085629,0.997904064422759,bhattacharyya_histogram
2020-01-08 01:33:12.531953920,0.0148887733560935,0.0160663898705199,0,0.9805062948422903,0.9980880950380392,bhattacharyya_histogram
2020-01-12 15:12:23.531623168,0.0152236143920029,0.0163931581905879,0,0.9818845477896444,0.9983810152898812,bhattacharyya_histogram
2020-01-17 15:46:46.688024064,0.0139938820247655,0.0165106853186957,0,0.9809742274996628,0.997574729830632,bhattacharyya_histogram
2020-01-23 21:51:56.381055744,0.0132698944775044,0.0165104964268944,0,0.9790455590104096,0.997821978792643,bhattacharyya_histogram
2020-01-30 19:11:52.586894080,0.0138156685413475,0.0165515194553961,0,0.982368099823681,0.9984064247903502,bhattacharyya_histogram
2020-02-06 07:08:13.361990656,0.0141058742480119,0.0166331778203107,0,0.980466118819884,0.9984713729849916,bhattacharyya_histogram
2020-02-13 01:08:20.600041216,0.0133974301468798,0.016625635520297,0,0.980594381869996,0.9985777946335452,bhattacharyya_histogram
2020-02-20 04:43:36.799451136,0.0140490758746089,0.0166092319654887,0,0.982296064278905,0.997757319264885,bhattacharyya_histogram
2020-02-27 11:09:41.174667776,0.0137604601983283,0.0165420749758357,0,0.980522115514676,0.9980716062436624,bhattacharyya_histogram
2020-03-06 10:01:34.221097216,0.0145280156927839,0.0164933261078668,0,0.9771951386043972,0.9981527258877304,bhattacharyya_histogram
2020-03-15 17:50:55.387179520,0.0141511699475761,0.0165114016356895,0,0.976470588235294,0.9979705325287408,bhattacharyya_histogram
2020-03-31 12:24:21.388140032,0.0121910476816072,0.0164747788363049,0,0.97648330855521,0.9979869100302784,bhattacharyya_histogram
2020-04-19 19:09:54.220436480,0.0132010118591105,0.0164140201732264,0,0.9787688609961276,0.9987764275734796,bhattacharyya_histogram
2020-05-06 13:02:34.439251200,0.0125296494470198,0.016318258575691,0,0.9803602871461464,0.9982450183591168,bhattacharyya_histogram
2020-05-20 22:14:33.564038144,0.0125978516434751,0.0162241889433527,0,0.9797966101694916,0.9979939286721116,bhattacharyya_histogram
2020-06-02 19:01:00.673675008,0.0141997472893297,0.0161865948493699,0,0.980089394555059,0.9982406728621536,bhattacharyya_histogram
2020-06-14 12:55:11.777557504,0.013465141863525,0.0159575481782127,0,0.980803028254698,0.998587369584675,bhattacharyya_histogram
2020-06-25 18:31:03.157110528,0.0134040800696972,0.0159566843489482,0,0.9820585457979226,0.9985096238742716,bhattacharyya_histogram
2020-07-06 01:42:44.718910208,0.0143603877982661,0.0159108044626377,0,0.9817838348401026,0.9987254640535896,bhattacharyya_histogram
2020-07-14 20:10:16.472787968,0.0134974594366148,0.0158652651532699,0,0.9784582034954612,0.9984417456364816,bhattacharyya_histogram
2020-07-23 10:45:36.111246080,0.0135969297085204,0.0158048207247157,0,0.9826356171759322,0.9985062115287798,bhattacharyya_histogram
2020-08-01 00:21:53.413779712,0.0140760191014525,0.0158186555171285,0,0.980169971671388,0.998430781905718,bhattacharyya_histogram
2020-08-09 22:33:36.310064640,0.0137490427322666,0.0157861512788092,0,0.985581458024525,0.9986509526896749,bhattacharyya_histogram
2020-08-19 11:40:47.998887680,0.0136193557286078,0.0157705975186714,0,0.9791525653174497,0.9983216062683318,bhattacharyya_histogram
2020-08-29 07:17:24.744298240,0.0138714102756945,0.0157748406928136,0,0.9801333514763914,0.9986544613580158,bhattacharyya_histogram
2020-09-08 13:07:14.854673152,0.0141464818162554,0.015715653438305,0,0.983358138276282,0.9986346322368932,bhattacharyya_histogram
2020-09-18 15:46:03.256505856,0.0132678256986739,0.0156938115825297,0,0.982255679526818,0.9981268025393812,bhattacharyya_histogram
2020-09-28 20:35:51.413286912,0.0141177433067805,0.0156115468785529,0,0.9847028563692974,0.9985904821521646,bhattacharyya_histogram
2020-10-08 21:31:41.572937984,0.0135097244468205,0.0155495513602901,0,0.9835068270920644,0.9983260266776848,bhattacharyya_histogram
2020-10-18 16:03:22.807606528,0.0138523098408446,0.0153298160022509,0,0.9822832023444784,0.9985796984753094,bhattacharyya_histogram
2020-10-26 21:41:59.190437632,0.0134439320341704,0.0151950802712161,0,0.9807407407407408,0.9984083038512688,bhattacharyya_histogram
2020-11-04 17:58:27.908431360,0.0147074153434611,0.0150832280341402,0,0.982989064398542,0.9984378479677632,bhattacharyya_histogram
2020-11-13 22:28:31.770108160,0.0147730266343445,0.0151867738069789,0,0.9806521445000675,0.9983999238269854,bhattacharyya_histogram
2020-11-23 10:16:15.536645632,0.0137757035749561,0.0151897298343246,0,0.9801001759848382,0.9983419121326316,bhattacharyya_histogram
2020-12-03 15:59:54.972755200,0.0155291514163301,0.0154558366463456,1,0.9831149533972714,0.998675437306011,bhattacharyya_histogram
2020-12-12 11:15:47.909172736,0.0172937051413825,0.0161857482686859,1,0.9847069968872648,0.9990173950610582,bhattacharyya_histogram
2020-12-20 03:07:40.230582528,0.0165398507908511,0.0165667398173274,0,0.9819349658771578,0.9985848715980462,bhattacharyya_histogram
2020-12-27 19:23:19.554768128,0.0179994898878286,0.0172645872444024,1,0.987362413371382,0.9992794062063745,bhattacharyya_histogram
2021-01-03 06:23:17.718913792,0.0185827785960852,0.0180016073591084,1,0.9834521727431724,0.99872027790213,bhattacharyya_histogram
2021-01-10 11:48:21.955332096,0.0171404554860723,0.0183029260221963,0,0.986776413439482,0.99910815438574,bhattacharyya_histogram
2021-01-18 01:57:13.053986560,0.016220049233498,0.0184563235081752,0,0.9848263010781312,0.998797277724573,bhattacharyya_histogram
2021-01-25 23:09:30.944615936,0.0157898940616401,0.0184795938935213,0,0.9817592217267936,0.998323050846558,bhattacharyya_histogram
2021-02-03 12:33:21.853117696,0.0160303108835385,0.0185748945753684,0,0.9845865165527408,0.9986461544188432,bhattacharyya_histogram
2021-02-12 09:54:04.417721344,0.0166932061312491,0.0186883202127929,0,0.9825779229617532,0.998757891999708,bhattacharyya_histogram
2021-02-20 16:35:42.963620352,0.0166410886701796,0.0187701750022043,0,0.982966067324591,0.9985863802728536,bhattacharyya_histogram
2021-02-28 05:00:00.566801408,0.0178614331692971,0.01909349675201,0,0.9820585457979226,0.99865716930198,bhattacharyya_histogram
2021-03-07 21:11:20.962432768,0.0160347360738944,0.0191332276058835,0,0.983461073013312,0.999011677835454,bhattacharyya_histogram
2021-03-15 20:44:33.816502528,0.0173597619956706,0.0193017290082639,0,0.9851210604625996,0.9990411326854578,bhattacharyya_histogram
2021-03-23 10:38:54.493573120,0.0183705666646097,0.0196432965895113,0,0.9797761898341648,0.998720500733767,bhattacharyya_histogram
2021-03-31 06:58:45.219431936,0.0168958136690542,0.0197124273474881,0,0.9842466675642924,0.9990547629519408,bhattacharyya_histogram
2021-04-08 13:38:17.877173504,0.0172121002805435,0.0198019382636451,0,0.9812881355932204,0.9983652303142312,bhattacharyya_histogram
2021-04-16 05:42:19.725994240,0.0172018371949813,0.0198983102993265,0,0.9821597513177456,0.9988658938950524,bhattacharyya_histogram
2021-04-23 19:16:04.996834304,0.0167618681608881,0.0199170450733158,0,0.9844489519945908,0.9991844221743872,bhattacharyya_histogram
2021-05-01 18:30:03.026884352,0.0180226964244623,0.0200426557117444,0,0.9856817877693028,0.9992198973780494,bhattacharyya_histogram
2021-05-10 01:02:27.782891008,0.0185280410524561,0.0202297909013082,0,0.9814291481631006,0.9987078284062388,bhattacharyya_histogram
2021-05-19 04:00:54.178891776,0.0184198877637338,0.020387140777178,0,0.9838512688288776,0.9988911648996066,bhattacharyya_histogram
2021-05-28 06:59:56.814934272,0.0184692584302089,0.0204251124584007,0,0.9836375929682216,0.9986718477503638,bhattacharyya_histogram
2021-06-06 08:10:03.114930688,0.0201620015339779,0.0208066204020671,0,0.9856698661619576,0.9988180313288908,bhattacharyya_histogram
2021-06-15 02:51:55.451059200,0.0206248799848743,0.0211455090995837,0,0.9836198727494246,0.9989317270543058,bhattacharyya_histogram
2021-06-24 11:51:15.571951104,0.0195219613443779,0.0212487428765832,0,0.9836905243294244,0.998774483764801,bhattacharyya_histogram
2021-07-03 00:41:20.139074560,0.0217223588342291,0.0216706020612415,1,0.9860904794058069,0.9990300582352372,bhattacharyya_histogram
2021-07-11 03:42:50.439658240,0.0222395388597803,0.0222666983059625,0,0.9858280469699016,0.9991130667709556,bhattacharyya_histogram
2021-07-19 19:34:35.039692288,0.0221453569643524,0.0227450946336793,0,0.9818845477896444,0.9987777719953944,bhattacharyya_histogram
2021-07-29 01:51:02.608172544,0.0229988702355519,0.0231974462760399,0,0.9821549276733812,0.9990594832895136,bhattacharyya_histogram
2021-08-07 10:51:27.352369408,0.0226037050466164,0.023657231033953,0,0.9834216605517054,0.9991277648510354,bhattacharyya_histogram
2021-08-17 12:38:25.298760960,0.0244928344378098,0.0245350911591873,0,0.9831955549532456,0.9989466507167266,bhattacharyya_histogram
2021-08-28 02:15:10.444094976,0.0249095850748268,0.0253632869669564,0,0.9830531271015468,0.9989072023665696,bhattacharyya_histogram
2021-09-08 08:23:55.827413248,0.024276361840116,0.0259877763146357,0,0.9854073773814348,0.9992764860304276,bhattacharyya_histogram
2021-09-20 02:09:24.517992448,0.0268424557894097,0.0270788496067884,0,0.9833674164962508,0.998948198652258,bhattacharyya_histogram
2021-10-02 09:07:14.140529664,0.0261027331159363,0.0278648463294614,0,0.9829094334544476,0.999314443202496,bhattacharyya_histogram
2021-10-14 09:53:58.433844224,0.0244436115194958,0.0282411237673291,0,0.9858829917198316,0.9993252146922252,bhattacharyya_histogram
2021-10-26 06:50:48.638631424,0.02681075051858,0.0289187364615344,0,0.9847654683950288,0.999173959024674,bhattacharyya_histogram
2021-11-07 02:07:38.964423168,0.0271624356315566,0.0295730448967688,0,0.9858509634820104,0.9991854951229406,bhattacharyya_histogram
2021-11-20 03:43:54.708039424,0.3368370160649103,0.1734537299991904,1,0.7079028579095666,0.6543381694877807,bhattacharyya_histogram
2021-12-04 16:27:34.629209856,0.3601429641344288,0.2473730827115984,1,0.692888948859803,0.6129756944534697,bhattacharyya_histogram
2021-12-16 15:25:29.038531328,0.3694257029324872,0.3056882260702064,1,0.7032074705643524,0.6299999447588833,bhattacharyya_histogram
2021-12-28 07:33:53.691827456,0.3746085804534466,0.3549621999430186,1,0.7241004752206381,0.6089595442639874,bhattacharyya_histogram
2022-01-07 23:29:55.343080448,0.3699322350072143,0.3960962079381891,0,0.7182964871829649,0.6022975152928747,bhattacharyya_histogram
2022-01-19 00:01:43.121507840,0.3783399455976663,0.4339630323614656,0,0.7134336451131896,0.614395176029269,bhattacharyya_histogram
2022-02-01 02:08:39.386309376,0.3956384452349606,0.4709097969259378,0,0.6860140788949396,0.6020920195011361,bhattacharyya_histogram
2022-02-15 21:24:12.288849152,0.4000186656999991,0.504603694050934,0,0.6871864406779661,0.5928130371760321,bhattacharyya_histogram
2022-03-03 18:56:24.278607872,0.3965678971355262,0.5341370685363085,0,0.6862612916273426,0.6044672765502397,bhattacharyya_histogram
2022-03-20 01:26:42.440673792,0.3922262743440639,0.5599166557762472,0,0.7012599918710202,0.6070035843832118,bhattacharyya_histogram
2022-04-05 13:17:19.308122880,0.4003110742013429,0.5842780715704455,0,0.700282752120641,0.5969200415761987,bhattacharyya_histogram
2022-04-22 15:56:24.990583552,0.4175206518317089,0.6085959358379187,0,0.6924438393464942,0.5952509771742679,bhattacharyya_histogram
2022-05-10 01:49:57.067557120,0.4177092047052537,0.6302183151457318,0,0.6865852020948032,0.5867689699991769,bhattacharyya_histogram
2022-05-26 23:41:19.694324992,0.4261748610360432,0.6504344262404183,0,0.692601171821774,0.5862204836690921,bhattacharyya_histogram
2022-06-13 19:31:30.953625856,0.4388391538406131,0.669853008119449,0,0.7063870352716873,0.5999926459072181,bhattacharyya_histogram
2022-07-01 05:13:34.188655360,0.4366739428828217,0.6863412960206214,0,0.7135282121006118,0.6122314093367258,bhattacharyya_histogram
2022-07-19 07:43:38.707995136,0.4491433176602468,0.7017387512168747,0,0.7150632739148184,0.5904891588394284,bhattacharyya_histogram
2022-08-03 21:19:20.825760512,0.4438535671924555,0.7138910162577696,0,0.7179001488296577,0.5890484316325203,bhattacharyya_histogram
2022-08-20 21:57:39.515699200,0.4566675880360005,0.7248954815522448,0,0.7087875117749967,0.5876377806366361,bhattacharyya_histogram
2022-09-08 12:21:15.658391552,0.4477309981009748,0.7319787745379265,0,0.7056106507268034,0.5979556096174928,bhattacharyya_histogram
2022-09-29 05:47:21.496285952,0.4528287200324534,0.7367473673691038,0,0.7102526002971769,0.5868182809386289,bhattacharyya_histogram
2022-10-17 10:02:33.443390208,0.4786807556117048,0.7411299524171915,0,0.7228915662650602,0.5734394626800947,bhattacharyya_histogram
2022-11-03 19:29:27.377822464,0.478500490235701,0.741996060091261,0,0.7336480107889414,0.5803756586775455,bhattacharyya_histogram
2022-11-22 04:43:40.296791552,0.4869881443689632,0.7397723706737263,0,0.7608194274860941,0.5684594943910825,bhattacharyya_histogram
2022-12-12 18:26:22.581661952,0.4813116225851863,0.7321530911272369,0,0.7535525781567195,0.5736545178875823,bhattacharyya_histogram
2023-01-01 16:50:34.107695360,0.4962184183352735,0.7209314527032626,0,0.7775238607339696,0.5725183312382702,bhattacharyya_histogram
2023-01-21 22:36:39.085148160,0.4772040665176684,0.7006376987210392,0,0.763359806165029,0.5718948551000891,bhattacharyya_histogram
2023-02-19 18:52:46.886860032,0.4734726888463698,0.6699320607469407,0,0.7478603450618122,0.5715764019509713,bhattacharyya_histogram
2023-03-20 16:48:23.729529344,0.4804379971417292,0.62463543837155,0,0.7495614626905951,0.5793050523471636,bhattacharyya_histogram
2023-05-24 23:45:22.533269760,0.5601279626305916,0.555816977004647,1,0.7254461335095836,0.5739864479921157,bhattacharyya_histogram
2015-01-11 08:09:48.506820096,0.0,6.48625593859458e-05,0,0.9820807702594276,0.9973916716569126,mmd_histogram
2015-02-05 05:45:21.200667648,7.765157552230376e-07,6.48625593859458e-05,0,0.9755674232309748,0.9963946645121632,mmd_histogram
2015-02-28 16:39:17.016885504,1.576812362395763e-05,6.48625593859458e-05,0,0.9777539533637096,0.9957381803589668,mmd_histogram
2015-03-24 08:51:32.283909632,2.2958734360921617e-05,6.48625593859458e-05,0,0.9722074468085108,0.99592193589534,mmd_histogram
2015-04-19 23:55:22.089075712,2.253574901741236e-05,6.48625593859458e-05,0,0.9747596153846154,0.995621762789683,mmd_histogram
2015-05-16 05:23:02.882852864,5.1653964818575614e-05,6.48625593859458e-05,0,0.9747910488002156,0.9951544258628652,mmd_histogram
2015-06-11 17:01:20.739780864,3.483180260713375e-05,6.48625593859458e-05,0,0.9754207854662036,0.9959718922349832,mmd_histogram
2015-07-07 02:48:50.688933888,2.0509535848158244e-05,6.48625593859458e-05,0,0.9734143049932524,0.9954411281334216,mmd_histogram
2015-07-30 15:34:58.859391744,1.7803726036788824e-05,6.48625593859458e-05,0,0.9753201707577376,0.995919278433188,mmd_histogram
2015-08-21 15:05:12.752964864,2.0915651407949393e-05,6.48625593859458e-05,0,0.9747978436657682,0.9951549073703082,mmd_histogram
2015-09-12 21:37:22.907615744,2.744629466149816e-05,6.48625593859458e-05,0,0.9737194958433896,0.9967122383874012,mmd_histogram
2015-10-05 21:53:33.587716864,8.607219383715073e-05,6.48625593859458e-05,0,0.9758022093634928,0.9972455237358976,mmd_histogram
2015-10-26 04:25:22.448119552,7.414189478281939e-05,6.48625593859458e-05,0,0.9733262203254202,0.9956075193809828,mmd_histogram
2015-11-13 17:02:05.369004800,6.51692096550668e-05,6.48625593859458e-05,0,0.9748830995323982,0.996506195164423,mmd_histogram
2015-12-02 07:12:01.405064960,5.782667352780801e-05,6.48625593859458e-05,0,0.9764169904863996,0.9966623651246994,mmd_histogram
2015-12-22 18:55:59.606276864,5.532203710280348e-05,6.48625593859458e-05,0,0.9703663793103448,0.9960126635069232,mmd_histogram
2016-01-10 08:06:09.746892288,5.060032458333955e-05,6.48625593859458e-05,0,0.9744776514149696,0.9959212977336231,mmd_histogram
2016-01-21 04:39:16.918586112,4.286225375220211e-05,6.48625593859458e-05,0,0.9752276379217996,0.99565376818614,mmd_histogram
2016-02-02 02:58:14.565866496,3.688907034426689e-05,6.48625593859458e-05,0,0.9752,0.9957445729855394,mmd_histogram
2016-02-14 18:06:33.121078016,3.4522176408080064e-05,6.48625593859458e-05,0,0.976401179941003,0.995136070591376,mmd_histogram
2016-02-26 21:17:57.877155840,3.0883630523582485e-05,6.48625593859458e-05,0,0.9751923587158398,0.9963266425151,mmd_histogram
2016-03-09 07:50:47.186913280,2.6877711700270857e-05,6.48625593859458e-05,0,0.9746580852775544,0.9954687573729653,mmd_histogram
2016-03-21 19:27:45.574640896,4.11918194233712e-05,6.48625593859458e-05,0,0.9757849920170304,0.9966273167605524,mmd_histogram
2016-04-04 14:40:47.423562496,3.617827154641628e-05,6.48625593859458e-05,0,0.973267060720043,0.9954549086588884,mmd_histogram
2016-04-19 00:35:56.588087808,3.355571106501698e-05,6.48625593859458e-05,0,0.9734548335974644,0.9953450653822644,mmd_histogram
2016-04-29 09:06:52.916020480,3.0375873462164017e-05,6.48625593859458e-05,0,0.9729874297940626,0.9952464292989204,mmd_histogram
2016-05-10 06:38:48.651970048,5.613294397031898e-05,6.48625593859458e-05,0,0.9717233985526668,0.9952706076965744,mmd_histogram
2016-05-21 10:47:31.657382656,5.279559049923994e-05,6.48625593859458e-05,0,0.9773454157782516,0.9959949892631766,mmd_histogram
2016-06-01 08:05:10.293080576,4.52828428718031e-05,6.48625593859458e-05,0,0.9722148009617954,0.9954980218562054,mmd_histogram
2016-06-11 14:38:48.016489472,4.110780954583287e-05,6.48625593859458e-05,0,0.9751329787234042,0.9958026190877796,mmd_histogram
2016-06-22 00:57:55.235603712,4.306033195716763e-05,6.48625593859458e-05,0,0.9765974230870366,0.9960748749469592,mmd_histogram
2016-07-02 07:25:22.794145280,4.373443409075075e-05,6.48625593859458e-05,0,0.972730918326427,0.9956982330518912,mmd_histogram
2016-07-13 09:27:46.314788096,4.361106269205652e-05,6.48625593859458e-05,0,0.971322849213691,0.9948799666264048,mmd_histogram
2016-07-22 03:46:52.547762176,4.034414472481087e-05,6.48625593859458e-05,0,0.970741482965932,0.9943637526262904,mmd_histogram
2016-07-31 10:31:14.596140800,3.5537605171459076e-05,6.48625593859458e-05,0,0.9704590818363272,0.995318887980376,mmd_histogram
2016-08-09 22:13:06.052518912,3.696465021830441e-05,6.48625593859458e-05,0,0.9748763864760124,0.9958252967429676,mmd_histogram
2016-08-19 15:46:13.900492800,3.709045579602596e-05,6.48625593859458e-05,0,0.9682962568269616,0.995206116487054,mmd_histogram
2016-08-29 05:53:12.757607936,3.0283407129749057e-05,6.48625593859458e-05,0,0.9685049833887044,0.9953991244094098,mmd_histogram
2016-09-08 09:39:44.793902336,3.723363717904096e-05,6.48625593859458e-05,0,0.974703767807216,0.9964862001306454,mmd_histogram
2016-09-18 06:03:33.502058752,3.596351191005829e-05,6.48625593859458e-05,0,0.9721078496480277,0.9957278517704528,mmd_histogram
2016-09-27 18:24:40.967160576,3.321058114824291e-05,6.48625593859458e-05,0,0.9707649179014818,0.9951950672651252,mmd_histogram
2016-10-07 13:41:23.872992768,3.209735671969605e-05,6.48625593859458e-05,0,0.9700066357000664,0.9951628968859444,mmd_histogram
2016-10-17 11:55:33.511858432,2.7594718313910666e-05,6.48625593859458e-05,0,0.9749430523917996,0.9965663720648624,mmd_histogram
2016-10-27 01:29:41.976607488,2.7397532233306803e-05,6.48625593859458e-05,0,0.9677850554738672,0.9948193011232784,mmd_histogram
2016-11-05 01:35:03.399676928,2.7417403240043853e-05,6.48625593859458e-05,0,0.9741622930964876,0.9961169449653317,mmd_histogram
2016-11-14 19:01:10.739316736,2.673107110436635e-05,6.48625593859458e-05,0,0.9724045545880776,0.9951873849013252,mmd_histogram
2016-11-25 12:35:37.448248320,2.5428413892388903e-05,6.48625593859458e-05,0,0.968562674836819,0.9943729423206012,mmd_histogram
2016-12-03 15:52:34.117192704,2.9700354956047753e-05,6.48625593859458e-05,0,0.9703023039019842,0.996177784409808,mmd_histogram
2016-12-10 08:59:30.693692160,3.139923140511291e-05,6.48625593859458e-05,0,0.975596746232831,0.9957150348138878,mmd_histogram
2016-12-17 08:49:39.525993984,2.9754254376058303e-05,6.48625593859458e-05,0,0.9724770642201837,0.9958783696859832,mmd_histogram
2016-12-24 06:30:44.857579520,3.5098308797867676e-05,6.48625593859458e-05,0,0.9751561046897834,0.9964480545386588,mmd_histogram
2016-12-30 03:47:24.421860352,3.3714311224793125e-05,6.48625593859458e-05,0,0.9743284372105332,0.9962206664039944,mmd_histogram
2017-01-04 22:16:38.277375232,2.958903966173108e-05,6.48625593859458e-05,0,0.975886151008038,0.996317702279957,mmd_histogram
2017-01-10 20:56:48.223647488,2.7024272197032767e-05,6.48625593859458e-05,0,0.9739478957915833,0.9955256790360728,mmd_histogram
2017-01-17 04:59:38.757997568,2.1799938244451467e-05,6.48625593859458e-05,0,0.9745683308794004,0.9961872896245488,mmd_histogram
2017-01-24 02:28:52.148750848,2.31575602424756e-05,6.48625593859458e-05,0,0.9761999206664024,0.9960563049754436,mmd_histogram
2017-01-31 17:37:25.901447424,1.9826636610467453e-05,6.48625593859458e-05,0,0.9717093903572852,0.9956585327842812,mmd_histogram
2017-02-08 10:39:14.659304192,2.043664297915008e-05,6.48625593859458e-05,0,0.9747387911651898,0.996188022503812,mmd_histogram
2017-02-16 13:19:43.407748864,1.8306841498122683e-05,6.48625593859458e-05,0,0.9743486973947896,0.9962613055846748,mmd_histogram
2017-02-25 01:31:15.515959808,2.005999667355901e-05,6.48625593859458e-05,0,0.968474977013004,0.9943666800059094,mmd_histogram
2017-03-04 23:00:53.579133440,1.7143898240138077e-05,6.48625593859458e-05,0,0.9748658201335252,0.9957494156392072,mmd_histogram
2017-03-12 14:57:13.493110272,1.6882950050284284e-05,6.48625593859458e-05,0,0.9720401337792642,0.9944768508040088,mmd_histogram
2017-03-19 07:30:07.155601920,1.5037258742556467e-05,6.48625593859458e-05,0,0.9744358940915612,0.99639635234845,mmd_histogram
2017-03-26 15:48:53.983547904,1.7632802469882275e-05,6.48625593859458e-05,0,0.9734642430675337,0.9961268857027954,mmd_histogram
2017-04-03 09:24:18.020380928,1.230145058255088e-05,6.48625593859458e-05,0,0.970960436925536,0.995292120370584,mmd_histogram
2017-04-11 11:19:21.909979904,1.450535511906409e-05,6.48625593859458e-05,0,0.9703951774949764,0.995716189898255,mmd_histogram
2017-04-19 13:38:16.158673664,1.4487148606122147e-05,6.48625593859458e-05,0,0.9681595983617388,0.9956322506718136,mmd_histogram
2017-04-27 04:32:28.451162880,1.3617179810630996e-05,6.48625593859458e-05,0,0.9730232558139534,0.9964345856056284,mmd_histogram
2017-05-05 05:58:39.392567040,1.491508427472916e-05,6.48625593859458e-05,0,0.9718928999600372,0.9957892869085724,mmd_histogram
2017-05-14 04:22:32.892679424,2.4939136827116053e-05,6.48625593859458e-05,0,0.9721961047683008,0.9960161450779934,mmd_histogram
2017-05-21 19:24:48.956270336,2.4179842597436597e-05,6.48625593859458e-05,0,0.970059093893631,0.9952534884661072,mmd_histogram
2017-05-29 21:29:31.905385472,2.127725962167495e-05,6.48625593859458e-05,0,0.970867299211546,0.9957772404447194,mmd_histogram
2017-06-06 21:26:11.897116160,3.680984482868609e-05,6.48625593859458e-05,0,0.9696969696969696,0.9947705264957052,mmd_histogram
2017-06-14 20:46:07.987727104,3.35228014335572e-05,6.48625593859458e-05,0,0.9715977924350518,0.9959514671553268,mmd_histogram
2017-06-22 20:00:49.528886016,3.422899639399466e-05,6.48625593859458e-05,0,0.9706871050154632,0.9954542495519124,mmd_histogram
2017-07-01 09:36:16.053435904,3.1870015016323645e-05,6.48625593859458e-05,0,0.9682281059063136,0.9946955789197292,mmd_histogram
2017-07-12 14:58:14.009790208,3.561124183805211e-05,6.48625593859458e-05,0,0.95874079035499,0.9932898510072632,mmd_histogram
2017-07-19 05:59:53.470542080,3.058342831884752e-05,6.48625593859458e-05,0,0.9781700579436734,0.9969926543554688,mmd_histogram
2017-07-24 10:00:41.826860544,3.30300836302253e-05,6.48625593859458e-05,0,0.9705215419501134,0.995800313666868,mmd_histogram
2017-07-31 22:57:28.080697088,3.120623731137894e-05,6.48625593859458e-05,0,0.9682453521509023,0.9948123526042432,mmd_histogram
2017-08-07 12:03:09.532411648,2.9820718003820596e-05,6.48625593859458e-05,0,0.969857433808554,0.99564967393878,mmd_histogram
2017-08-14 17:50:42.746228992,2.8475084721556188e-05,6.48625593859458e-05,0,0.9726694628602354,0.9961236425747798,mmd_histogram
2017-08-21 07:36:09.961766656,2.8935872285991888e-05,6.48625593859458e-05,0,0.973317079777868,0.9954568507284136,mmd_histogram
2017-08-28 19:57:39.823730432,3.069210264266287e-05,6.48625593859458e-05,0,0.9737515143357114,0.9959691165193416,mmd_histogram
2017-09-05 01:55:46.054718208,2.8044378570108348e-05,6.48625593859458e-05,0,0.9687626774847872,0.9957836560567216,mmd_histogram
2017-09-13 14:01:37.723277568,2.9217614310627037e-05,6.48625593859458e-05,0,0.9726250169399648,0.9964311913372632,mmd_histogram
2017-09-22 02:41:11.360974336,2.9253176053590606e-05,6.48625593859458e-05,0,0.9749016415683084,0.996122140708257,mmd_histogram
2017-09-30 17:22:12.757061120,2.6080384908968208e-05,6.48625593859458e-05,0,0.9742261011864176,0.995511478159087,mmd_histogram
2017-10-09 12:10:52.014179840,2.587692745898452e-05,6.48625593859458e-05,0,0.9719184555150532,0.9964949181523726,mmd_histogram
2017-10-18 05:33:31.071549952,2.661952375766427e-05,6.48625593859458e-05,0,0.9697627118644068,0.9962838814190412,mmd_histogram
2017-10-26 10:29:49.184672256,2.6255003070245937e-05,6.48625593859458e-05,0,0.9689147182051628,0.9948879845193208,mmd_histogram
2017-11-03 13:32:06.526492928,2.5005126660359683e-05,6.48625593859458e-05,0,0.9691182446160096,0.9957077980938176,mmd_histogram
2017-11-12 11:16:33.610533376,2.9596469789607463e-05,6.48625593859458e-05,0,0.9724425325984676,0.9957261735143615,mmd_histogram
2017-11-22 09:22:30.779576064,2.79513400456959e-05,6.48625593859458e-05,0,0.9677157908955828,0.995645429134305,mmd_histogram
2017-12-02 00:14:20.750861312,2.7635733735992495e-05,6.48625593859458e-05,0,0.9707673568818516,0.9954670455382516,mmd_histogram
2017-12-10 18:38:30.163156736,3.248205953305938e-05,6.48625593859458e-05,0,0.9676593451017385,0.9966062113766786,mmd_histogram
2017-12-19 10:11:00.917120000,2.883685865961415e-05,6.48625593859458e-05,0,0.9671953368578012,0.9954450084977052,mmd_histogram
2017-12-29 04:55:25.730855936,3.122225967002942e-05,6.48625593859458e-05,0,0.9712776046606152,0.9961194834746752,mmd_histogram
2018-01-07 05:03:58.074396160,3.1853876960094334e-05,6.48625593859458e-05,0,0.968060630667208,0.9959592016513176,mmd_histogram
2018-01-13 01:15:01.810510336,3.3788079337272736e-05,6.48625593859458e-05,0,0.9721358041390504,0.9961572174932212,mmd_histogram
2018-01-20 09:23:07.746618368,3.109695994751629e-05,6.48625593859458e-05,0,0.9742830214083747,0.9965412695809917,mmd_histogram
2018-01-28 08:00:23.843254272,2.863494235044728e-05,6.48625593859458e-05,0,0.9717659834396634,0.9959328974122644,mmd_histogram
2018-02-05 16:11:44.747650816,2.8267336652257797e-05,6.48625593859458e-05,0,0.9694054776219104,0.9955197725967956,mmd_histogram
2018-02-14 04:34:46.924671744,2.9166970102797313e-05,6.48625593859458e-05,0,0.9728781540952638,0.9967522829056036,mmd_histogram
2018-02-22 06:31:20.301297664,2.5920513372090087e-05,6.48625593859458e-05,0,0.9759491960545872,0.9965246801684146,mmd_histogram
2018-03-02 00:39:40.729383424,2.8226086996337624e-05,6.48625593859458e-05,0,0.9679443459282498,0.995520898869246,mmd_histogram
2018-03-09 23:00:57.028640000,3.033001920034935e-05,6.48625593859458e-05,0,0.970496684260387,0.9955959799397816,mmd_histogram
2018-03-18 07:01:04.328294144,2.394165107080908e-05,6.48625593859458e-05,0,0.9755080069977125,0.9969361824159156,mmd_histogram
2018-03-26 00:14:58.361884672,2.9194109992655936e-05,6.48625593859458e-05,0,0.9726694628602354,0.9966879703312186,mmd_histogram
2018-04-02 21:40:45.219374592,2.9190262575961672e-05,6.48625593859458e-05,0,0.9690931272875152,0.9959719702861554,mmd_histogram
2018-04-10 13:53:58.238752000,2.5851314245508433e-05,6.48625593859458e-05,0,0.9690498716042708,0.9953859238346554,mmd_histogram
2018-04-18 05:52:30.149701888,2.9006586091388783e-05,6.48625593859458e-05,0,0.9755702523957348,0.997130952215545,mmd_histogram
2018-04-26 08:23:35.867226112,2.575700405454846e-05,6.48625593859458e-05,0,0.9734453326107574,0.9968284343893812,mmd_histogram
2018-05-04 09:15:51.821802496,2.8797539866437977e-05,6.48625593859458e-05,0,0.9745751189666894,0.9969512466018596,mmd_histogram
2018-05-12 21:50:43.518119424,2.565933670116774e-05,6.48625593859458e-05,0,0.9710693524401784,0.9950647520381928,mmd_histogram
2018-05-21 12:17:53.595243520,2.9265227911651898e-05,6.48625593859458e-05,0,0.9689098250336474,0.9958844660502816,mmd_histogram
2018-05-29 22:37:11.426733056,2.716102365978486e-05,6.48625593859458e-05,0,0.9747830802603036,0.9967097961411028,mmd_histogram
2018-06-07 00:32:46.876511488,2.8640792823631897e-05,6.48625593859458e-05,0,0.9691266079891672,0.9961695922638266,mmd_histogram
2018-06-14 14:02:17.009661696,2.6323361603811105e-05,6.48625593859458e-05,0,0.9713517148621386,0.9957839400154544,mmd_histogram
2018-06-22 06:59:06.886837248,2.7941947586821583e-05,6.48625593859458e-05,0,0.9738800920286912,0.9964713986687272,mmd_histogram
2018-06-29 16:42:36.076887296,2.6735242533340583e-05,3.403153144210347e-05,0,0.9756031075371404,0.9955342530814704,mmd_histogram
2018-07-07 12:49:43.480511488,2.6872607321056417e-05,3.3913737759897484e-05,0,0.971390194761585,0.9961315788142198,mmd_histogram
2018-07-15 21:09:54.719060224,2.826820615137171e-05,3.384672763669183e-05,0,0.9668613336955044,0.9951747856281422,mmd_histogram
2018-07-25 08:17:45.434097408,3.17647466706363e-05,3.416639921266101e-05,0,0.970766536440792,0.995847780823082,mmd_histogram
2018-08-01 18:41:05.208256000,2.7914324488718712e-05,3.416709549142756e-05,0,0.9721061851502492,0.9966802754364842,mmd_histogram
2018-08-08 13:01:39.231343616,2.770020868157752e-05,3.3719621904468245e-05,0,0.9759739378308674,0.9969737355978576,mmd_histogram
2018-08-15 14:51:17.696300544,2.756225763228884e-05,3.368837408587103e-05,0,0.9732973701955496,0.996484146345738,mmd_histogram
2018-08-23 01:01:27.213691648,3.108607285345668e-05,3.36690301443688e-05,0,0.9749220550359224,0.9964475812699356,mmd_histogram
2018-08-30 21:06:44.884686336,3.095740176314402e-05,3.353092856968894e-05,0,0.9712356515867656,0.996684405061541,mmd_histogram
2018-09-08 13:18:56.003451648,2.987941620837334e-05,3.280992296021356e-05,0,0.9731335223437289,0.9966561127661664,mmd_histogram
2018-09-17 07:39:59.075442944,2.6975352212102916e-05,3.2506584252571145e-05,0,0.968618963884756,0.9958626966431002,mmd_histogram
2018-09-26 03:50:15.335848704,2.9527536169244677e-05,3.257693960026911e-05,0,0.9749494949494948,0.9971163396488072,mmd_histogram
2018-10-05 07:32:21.802231808,3.252899121791141e-05,3.3137976379099775e-05,0,0.9723389830508474,0.9969995220535788,mmd_histogram
2018-10-13 18:44:58.700504832,2.9002572945539585e-05,3.3126750352785935e-05,0,0.9727090301003344,0.9969405078692458,mmd_histogram
2018-10-21 16:45:27.440193024,2.7875192631166928e-05,3.307309796466814e-05,0,0.9734477671986054,0.9970424265632728,mmd_histogram
2018-10-29 08:42:23.578923776,3.004688286106204e-05,3.3195382188862016e-05,0,0.9744629104175112,0.9964196933702334,mmd_histogram
2018-11-06 04:18:43.090291968,3.0412217830862637e-05,3.320516811610954e-05,0,0.9737379235270104,0.9970263242930292,mmd_histogram
2018-11-14 20:25:18.838155776,3.5097796316457354e-05,3.4011193246013765e-05,1,0.9744421906693712,0.9967541831948612,mmd_histogram
2018-11-23 09:54:35.962477312,3.041512662319117e-05,3.4101026815350766e-05,0,0.9738811046116176,0.997088312527828,mmd_histogram
2018-12-01 08:47:21.810177536,3.120929351787399e-05,3.4275223774511744e-05,0,0.9736172492299452,0.9974142202403072,mmd_histogram
2018-12-09 00:42:57.972538368,3.2943519239307197e-05,3.4621235928018305e-05,0,0.9775326247813804,0.9977793933205324,mmd_histogram
2018-12-15 23:21:59.329690368,3.287923905466913e-05,3.500330080438902e-05,0,0.973595125253893,0.9968975369044883,mmd_histogram
2018-12-23 11:05:31.167271680,3.341892916546366e-05,3.531938148993463e-05,0,0.9774072081764388,0.9976090350557466,mmd_histogram
2018-12-29 17:00:32.257942272,4.162473762460428e-05,3.7880664019975774e-05,1,0.975869506605554,0.997331688743848,mmd_histogram
2019-01-04 13:52:37.531022848,3.831348151720851e-05,3.8894186657998754e-05,0,0.9787899388171312,0.9972237999905712,mmd_histogram
2019-01-10 06:41:21.192833792,3.7105211592710026e-05,3.965841851539305e-05,0,0.9780131384904144,0.9972199223071782,mmd_histogram
2019-01-16 10:38:04.728266752,3.521178977804763e-05,4.000905928648657e-05,0,0.9745955341623213,0.9968490101667004,mmd_histogram
2019-01-23 06:52:45.774218752,3.099697307409078e-05,4.002857223232823e-05,0,0.9759739378308674,0.9972091158355384,mmd_histogram
2019-01-30 17:31:41.145020928,3.0674062764628196e-05,3.991762652015541e-05,0,0.9788474576271188,0.997886025575489,mmd_histogram
2019-02-07 08:25:49.291846912,3.445749370541267e-05,4.013374683779906e-05,0,0.9762962962962964,0.9977198022717834,mmd_histogram
2019-02-16 00:10:19.823346432,3.053159236808776e-05,4.001055732731539e-05,0,0.973176978029384,0.9973952665521532,mmd_histogram
2019-02-24 03:28:32.059029760,3.192494334946482e-05,3.991355702629877e-05,0,0.9751898047722344,0.9972085035308752,mmd_histogram
2019-03-03 23:26:39.587647232,2.896203484090837e-05,3.9884178314996306e-05,0,0.97664686825054,0.9967304682601446,mmd_histogram
2019-03-11 23:36:41.152388864,2.9162668034296107e-05,3.987110976780433e-05,0,0.9731888964116452,0.9968942057790986,mmd_histogram
2019-03-20 03:09:37.201606144,3.0813914203200315e-05,3.980427745989507e-05,0,0.9746027434469644,0.9975200321623346,mmd_histogram
2019-03-28 13:04:36.918506240,2.9249103124914567e-05,3.972860887369949e-05,0,0.9742274996626636,0.9965933070552636,mmd_histogram
2019-04-06 03:31:12.239665920,3.359800613219818e-05,3.973727015969152e-05,0,0.979311283517082,0.9977851458885942,mmd_histogram
2019-04-14 13:17:12.127801088,3.0397383629646862e-05,3.973519757986101e-05,0,0.9717223650385604,0.9968437129048984,mmd_histogram
2019-04-22 20:24:59.649585152,2.8958991324322624e-05,3.976759959709713e-05,0,0.9778647590767984,0.9974835671350402,mmd_histogram
2019-04-30 21:09:58.900908032,2.6070488385696033e-05,4.0007751948211635e-05,0,0.979694057127386,0.997199819880671,mmd_histogram
2019-05-08 12:33:29.212087808,2.9408402669353167e-05,3.987127336710127e-05,0,0.977509822517274,0.9973049492909704,mmd_histogram
2019-05-15 23:08:27.200681472,2.7765045329107563e-05,3.995100352269187e-05,0,0.9787694388100068,0.9975537046252196,mmd_histogram
2019-05-23 08:52:22.653012224,3.0758777074069384e-05,3.989326962323768e-05,0,0.9774598461330812,0.9981649238426784,mmd_histogram
2019-05-30 22:52:33.977469440,2.7235536791122426e-05,3.998884026795384e-05,0,0.9748206308379586,0.9970015375734812,mmd_histogram
2019-06-07 01:21:35.321539072,2.57301401350186e-05,4.0165980454848656e-05,0,0.9780234596197924,0.997788728848026,mmd_histogram
2019-06-13 23:08:36.748116224,2.654590855834249e-05,4.031146035868165e-05,0,0.97457857531267,0.9970495620931236,mmd_histogram
2019-06-19 21:51:20.566598400,2.322418349872078e-05,4.079155014477942e-05,0,0.9801028695181376,0.9978177458033574,mmd_histogram
2019-06-25 13:38:20.489797632,2.5239882294843485e-05,4.0636807138514325e-05,0,0.9761036857027136,0.996620508220997,mmd_histogram
2019-07-01 04:13:41.139450112,2.646841630158982e-05,4.0697827985333006e-05,0,0.9776008635811632,0.9977094708283308,mmd_histogram
2019-07-06 15:14:53.627373824,2.770610079414042e-05,4.066678618125368e-05,0,0.9786663088689118,0.9972674219848372,mmd_histogram
2019-07-12 01:09:43.613655808,2.8400128256822015e-05,4.049953402112149e-05,0,0.9760260056887444,0.9974870453426832,mmd_histogram
2019-07-17 12:14:25.262008832,2.6460142826481108e-05,4.037164961523076e-05,0,0.9789103690685412,0.9974053153362448,mmd_histogram
2019-07-23 01:38:22.589190400,2.630279981536675e-05,4.016859094269619e-05,0,0.977675551346232,0.9974583604182452,mmd_histogram
2019-07-29 00:02:24.235024128,2.4400439500014737e-05,3.834828392941008e-05,0,0.9756953821226032,0.9970230760243518,mmd_histogram
2019-08-04 14:57:42.356743168,2.718580451951137e-05,3.70095427538684e-05,0,0.9786371011357492,0.9972539251207728,mmd_histogram
2019-08-11 22:40:47.209317632,2.609982299314519e-05,3.5807383983211815e-05,0,0.9768723947828424,0.997945779605962,mmd_histogram
2019-08-19 12:11:12.264657664,2.841447069075696e-05,3.490187083250155e-05,0,0.9727457627118644,0.9971253660746942,mmd_histogram
2019-08-26 12:18:00.631070464,2.7661579009790927e-05,3.4688098837754865e-05,0,0.9799481653253308,0.9981271990925036,mmd_histogram
2019-09-02 23:59:24.102610944,3.089494108835777e-05,3.471318799459727e-05,0,0.9741252178576216,0.997159343456792,mmd_histogram
2019-09-11 14:18:50.241135616,2.6130204219132713e-05,3.383682871265507e-05,0,0.9762840493291776,0.9974481492833196,mmd_histogram
2019-09-20 07:11:53.724405760,2.6734696096030835e-05,3.362204823680771e-05,0,0.980169971671388,0.9977836137503694,mmd_histogram
2019-09-28 17:43:57.425362688,2.649262729374884e-05,3.316189591971307e-05,0,0.9767975178740052,0.9977183395241316,mmd_histogram
2019-10-07 05:47:27.246907904,2.842533456073997e-05,3.312427259583842e-05,0,0.979382832502358,0.9982533910097956,mmd_histogram
2019-10-15 03:07:43.260482560,3.007812723896756e-05,3.322065574429736e-05,0,0.9765908785147316,0.997192047429757,mmd_histogram
2019-10-23 04:54:55.352891904,3.111912154996529e-05,3.326797274467785e-05,0,0.976855003403676,0.9975726748044748,mmd_histogram
2019-10-30 22:03:19.516393216,3.1615922056916816e-05,3.357720203136396e-05,0,0.9801711258997692,0.9983134204416424,mmd_histogram
2019-11-07 00:53:40.218806016,3.823464632932728e-05,3.494973625318111e-05,1,0.97671617824167,0.9977226633863264,mmd_histogram
2019-11-14 13:41:12.079603712,3.2493475295705905e-05,3.5230529870974544e-05,0,0.9788857103936792,0.9976172588855884,mmd_histogram
2019-11-21 23:22:56.785410048,3.327830477196115e-05,3.573891893450919e-05,0,0.9807196198234894,0.9972779609645056,mmd_histogram
2019-11-30 20:34:38.279047936,3.309550430451053e-05,3.62119402943129e-05,0,0.979852249832102,0.9982134065311636,mmd_histogram
2019-12-08 09:25:22.834821632,3.582212224893799e-05,3.709520587992398e-05,0,0.982130861211877,0.9983076824902204,mmd_histogram
2019-12-12 18:50:53.435386880,3.404188635718758e-05,3.762893723176134e-05,0,0.9800404585300068,0.9980180939102798,mmd_histogram
2019-12-16 13:35:06.442365184,3.803912545959654e-05,3.876228358795493e-05,0,0.9787321063394684,0.9977508763557238,mmd_histogram
2019-12-21 06:00:31.676440064,3.773653646572372e-05,3.981114127191773e-05,0,0.9770971676378912,0.9977103371302892,mmd_histogram
2019-12-26 05:37:55.490231296,4.170214820787994e-05,4.1553575130204366e-05,1,0.9793149764942914,0.9981033388219184,mmd_histogram
2019-12-30 07:47:43.296733696,4.014758870721687e-05,4.274816034829289e-05,0,0.983533540288838,0.9986466202721646,mmd_histogram
2020-01-03 16:51:19.239594752,4.753032313510944e-05,4.52962548421779e-05,1,0.98168001085629,0.997904064422759,mmd_histogram
2020-01-08 01:33:12.531953920,4.0904408425047424e-05,4.617348826162032e-05,0,0.9805062948422903,0.9980880950380392,mmd_histogram
2020-01-12 15:12:23.531623168,4.565509325323824e-05,4.787283643540269e-05,0,0.9818845477896444,0.9983810152898812,mmd_histogram
2020-01-17 15:46:46.688024064,3.764415897609258e-05,4.82151883593766e-05,0,0.9809742274996628,0.997574729830632,mmd_histogram
2020-01-23 21:51:56.381055744,3.4189463976107975e-05,4.828597747852899e-05,0,0.9790455590104096,0.997821978792643,mmd_histogram
2020-01-30 19:11:52.586894080,3.582069908876264e-05,4.8345832064015946e-05,0,0.982368099823681,0.9984064247903502,mmd_histogram
2020-02-06 07:08:13.361990656,3.486232361644507e-05,4.8293592727284944e-05,0,0.980466118819884,0.9984713729849916,mmd_histogram
2020-02-13 01:08:20.600041216,3.0553557573503864e-05,4.795181601480399e-05,0,0.980594381869996,0.9985777946335452,mmd_histogram
2020-02-20 04:43:36.799451136,3.6031267868828994e-05,4.79459554003612e-05,0,0.982296064278905,0.997757319264885,mmd_histogram
2020-02-27 11:09:41.174667776,3.322381398644774e-05,4.769366703386966e-05,0,0.980522115514676,0.9980716062436624,mmd_histogram
2020-03-06 10:01:34.221097216,3.3296991688851196e-05,4.75873222845348e-05,0,0.9771951386043972,0.9981527258877304,mmd_histogram
2020-03-15 17:50:55.387179520,3.311940824004059e-05,4.740514474783878e-05,0,0.976470588235294,0.9979705325287408,mmd_histogram
2020-03-31 12:24:21.388140032,2.7321130769801527e-05,4.7600536558476935e-05,0,0.97648330855521,0.9979869100302784,mmd_histogram
2020-04-19 19:09:54.220436480,2.947806430291545e-05,4.734665666304926e-05,0,0.9787688609961276,0.9987764275734796,mmd_histogram
2020-05-06 13:02:34.439251200,3.186309683828048e-05,4.705495359279672e-05,0,0.9803602871461464,0.9982450183591168,mmd_histogram
2020-05-20 22:14:33.564038144,2.6395797764357704e-05,4.7065453076694785e-05,0,0.9797966101694916,0.9979939286721116,mmd_histogram
2020-06-02 19:01:00.673675008,2.5417874517062733e-05,4.73580270788846e-05,0,0.980089394555059,0.9982406728621536,mmd_histogram
2020-06-14 12:55:11.777557504,2.8196400100896867e-05,4.746504849431065e-05,0,0.980803028254698,0.998587369584675,mmd_histogram
2020-06-25 18:31:03.157110528,2.69857809265632e-05,4.769146156490039e-05,0,0.9820585457979226,0.9985096238742716,mmd_histogram
2020-07-06 01:42:44.718910208,2.4308697822577007e-05,4.8166987287381006e-05,0,0.9817838348401026,0.9987254640535896,mmd_histogram
2020-07-14 20:10:16.472787968,2.4703934909417007e-05,4.822339159629353e-05,0,0.9784582034954612,0.9984417456364816,mmd_histogram
2020-07-23 10:45:36.111246080,2.526162930056401e-05,4.847486614327765e-05,0,0.9826356171759322,0.9985062115287798,mmd_histogram
2020-08-01 00:21:53.413779712,2.5743407310760875e-05,4.863034576064158e-05,0,0.980169971671388,0.998430781905718,mmd_histogram
2020-08-09 22:33:36.310064640,2.4379106718528987e-05,4.885486813375838e-05,0,0.985581458024525,0.9986509526896749,mmd_histogram
2020-08-19 11:40:47.998887680,2.488646928257866e-05,4.8842497852488426e-05,0,0.9791525653174497,0.9983216062683318,mmd_histogram
2020-08-29 07:17:24.744298240,2.5328571927468735e-05,4.886485859482797e-05,0,0.9801333514763914,0.9986544613580158,mmd_histogram
2020-09-08 13:07:14.854673152,2.6847078407072483e-05,4.8453314768594414e-05,0,0.983358138276282,0.9986346322368932,mmd_histogram
2020-09-18 15:46:03.256505856,2.4269163878463257e-05,4.8132898980631885e-05,0,0.982255679526818,0.9981268025393812,mmd_histogram
2020-09-28 20:35:51.413286912,2.3803355299238427e-05,4.719222336791013e-05,0,0.9847028563692974,0.9985904821521646,mmd_histogram
2020-10-08 21:31:41.572937984,2.3521470419034473e-05,4.638615599514676e-05,0,0.9835068270920644,0.9983260266776848,mmd_histogram
2020-10-18 16:03:22.807606528,2.6015058324010732e-05,4.365201011569632e-05,0,0.9822832023444784,0.9985796984753094,mmd_histogram
2020-10-26 21:41:59.190437632,2.651337988614916e-05,4.222219085776063e-05,0,0.9807407407407408,0.9984083038512688,mmd_histogram
2020-11-04 17:58:27.908431360,2.4558912100682933e-05,3.919789412144616e-05,0,0.982989064398542,0.9984378479677632,mmd_histogram
2020-11-13 22:28:31.770108160,2.6753849355062864e-05,3.797535412992909e-05,0,0.9806521445000675,0.9983999238269854,mmd_histogram
2020-11-23 10:16:15.536645632,2.524637381752168e-05,3.734152710948802e-05,0,0.9801001759848382,0.9983419121326316,mmd_histogram
2020-12-03 15:59:54.972755200,2.6464966771893212e-05,3.628920643912349e-05,0,0.9831149533972714,0.998675437306011,mmd_histogram
2020-12-12 11:15:47.909172736,2.823964191035408e-05,3.5389945842668655e-05,0,0.9847069968872648,0.9990173950610582,mmd_histogram
2020-12-20 03:07:40.230582528,2.9099071049589847e-05,3.524512397956678e-05,0,0.9819349658771578,0.9985848715980462,mmd_histogram
2020-12-27 19:23:19.554768128,3.278862840548624e-05,3.4502249611364424e-05,0,0.987362413371382,0.9992794062063745,mmd_histogram
2021-01-03 06:23:17.718913792,3.0483339935961456e-05,3.4031926553602696e-05,0,0.9834521727431724,0.99872027790213,mmd_histogram
2021-01-10 11:48:21.955332096,2.860267707883076e-05,3.329358540756585e-05,0,0.986776413439482,0.99910815438574,mmd_histogram
2021-01-18 01:57:13.053986560,2.8189307287609933e-05,3.247907391174356e-05,0,0.9848263010781312,0.998797277724573,mmd_histogram
2021-01-25 23:09:30.944615936,2.694785606018856e-05,3.2460975321121735e-05,0,0.9817592217267936,0.998323050846558,mmd_histogram
2021-02-03 12:33:21.853117696,2.749186494470253e-05,3.2263157938461205e-05,0,0.9845865165527408,0.9986461544188432,mmd_histogram
2021-02-12 09:54:04.417721344,2.712991941717623e-05,3.15649449618655e-05,0,0.9825779229617532,0.998757891999708,mmd_histogram
2021-02-20 16:35:42.963620352,2.576132949630901e-05,3.155410798805107e-05,0,0.982966067324591,0.9985863802728536,mmd_histogram
2021-02-28 05:00:00.566801408,2.5591278714777687e-05,3.155304835461773e-05,0,0.9820585457979226,0.99865716930198,mmd_histogram
2021-03-07 21:11:20.962432768,2.5793162981867235e-05,3.1417033877451945e-05,0,0.983461073013312,0.999011677835454,mmd_histogram
2021-03-15 20:44:33.816502528,2.892272910851844e-05,3.160308817222256e-05,0,0.9851210604625996,0.9990411326854578,mmd_histogram
2021-03-23 10:38:54.493573120,2.6348156684003848e-05,3.1574390216999344e-05,0,0.9797761898341648,0.998720500733767,mmd_histogram
2021-03-31 06:58:45.219431936,2.8422361920374627e-05,3.1695011712014206e-05,0,0.9842466675642924,0.9990547629519408,mmd_histogram
2021-04-08 13:38:17.877173504,2.538276681290687e-05,3.1692413208995456e-05,0,0.9812881355932204,0.9983652303142312,mmd_histogram
2021-04-16 05:42:19.725994240,2.6186669365787136e-05,3.169447542593894e-05,0,0.9821597513177456,0.9988658938950524,mmd_histogram
2021-04-23 19:16:04.996834304,2.6944475145222743e-05,3.16675020650871e-05,0,0.9844489519945908,0.9991844221743872,mmd_histogram
2021-05-01 18:30:03.026884352,2.9194152394452128e-05,3.185061435903005e-05,0,0.9856817877693028,0.9992198973780494,mmd_histogram
2021-05-10 01:02:27.782891008,3.0400663613725187e-05,3.2204994978033705e-05,0,0.9814291481631006,0.9987078284062388,mmd_histogram
2021-05-19 04:00:54.178891776,3.036952315819385e-05,3.253028715684207e-05,0,0.9838512688288776,0.9988911648996066,mmd_histogram
2021-05-28 06:59:56.814934272,2.932064499917957e-05,3.260528932940971e-05,0,0.9836375929682216,0.9986718477503638,mmd_histogram
2021-06-06 08:10:03.114930688,3.200550238493272e-05,3.301292942012078e-05,0,0.9856698661619576,0.9988180313288908,mmd_histogram
2021-06-15 02:51:55.451059200,3.247792100322111e-05,3.338964445368388e-05,0,0.9836198727494246,0.9989317270543058,mmd_histogram
2021-06-24 11:51:15.571951104,3.0043181461026035e-05,3.353011882220659e-05,0,0.9836905243294244,0.998774483764801,mmd_histogram
2021-07-03 00:41:20.139074560,3.3864884781932093e-05,3.4311466125534584e-05,0,0.9860904794058069,0.9990300582352372,mmd_histogram
2021-07-11 03:42:50.439658240,3.453955513667168e-05,3.5007488337477015e-05,0,0.9858280469699016,0.9991130667709556,mmd_histogram
2021-07-19 19:34:35.039692288,3.2872127800923544e-05,3.5423376136561353e-05,0,0.9818845477896444,0.9987777719953944,mmd_histogram
2021-07-29 01:51:02.608172544,3.869556880037086e-05,3.701090335620036e-05,1,0.9821549276733812,0.9990594832895136,mmd_histogram
2021-08-07 10:51:27.352369408,3.698314436263265e-05,3.797875490576437e-05,0,0.9834216605517054,0.9991277648510354,mmd_histogram
2021-08-17 12:38:25.298760960,4.029207936896706e-05,3.9621183432208536e-05,1,0.9831955549532456,0.9989466507167266,mmd_histogram
2021-08-28 02:15:10.444094976,3.764465345346945e-05,4.048162509962723e-05,0,0.9830531271015468,0.9989072023665696,mmd_histogram
2021-09-08 08:23:55.827413248,3.510286990070106e-05,4.072747246778157e-05,0,0.9854073773814348,0.9992764860304276,mmd_histogram
2021-09-20 02:09:24.517992448,4.773817974083073e-05,4.3906324669006126e-05,1,0.9833674164962508,0.998948198652258,mmd_histogram
2021-10-02 09:07:14.140529664,4.3613782633090494e-05,4.553807112387719e-05,0,0.9829094334544476,0.999314443202496,mmd_histogram
2021-10-14 09:53:58.433844224,4.054338196155088e-05,4.643295461240179e-05,0,0.9858829917198316,0.9993252146922252,mmd_histogram
2021-10-26 06:50:48.638631424,4.9318259103887235e-05,4.8952186667470735e-05,1,0.9847654683950288,0.999173959024674,mmd_histogram
2021-11-07 02:07:38.964423168,4.2630769000024056e-05,4.987205365384249e-05,0,0.9858509634820104,0.9991854951229406,mmd_histogram
2021-11-20 03:43:54.708039424,0.0001745860601915,0.0001035493563436,1,0.7079028579095666,0.6543381694877807,mmd_histogram
2021-12-04 16:27:34.629209856,0.0001803051894116,0.0001343538159495,1,0.692888948859803,0.6129756944534697,mmd_histogram
2021-12-16 15:25:29.038531328,0.0001794565569722,0.0001576347244092,1,0.7032074705643524,0.6299999447588833,mmd_histogram
2021-12-28 07:33:53.691827456,0.0001738440308711,0.0001756227468743,0,0.7241004752206381,0.6089595442639874,mmd_histogram
2022-01-07 23:29:55.343080448,0.0001793746283457,0.0001924586989896,0,0.7182964871829649,0.6022975152928747,mmd_histogram
2022-01-19 00:01:43.121507840,0.0001801164892235,0.0002073489140279,0,0.7134336451131896,0.614395176029269,mmd_histogram
2022-02-01 02:08:39.386309376,0.0001924074828641,0.0002229651924065,0,0.6860140788949396,0.6020920195011361,mmd_histogram
2022-02-15 21:24:12.288849152,0.0001968227182994,0.000237550202993,0,0.6871864406779661,0.5928130371760321,mmd_histogram
2022-03-03 18:56:24.278607872,0.0001889184241232,0.0002491509008326,0,0.6862612916273426,0.6044672765502397,mmd_histogram
2022-03-20 01:26:42.440673792,0.0001935571100093,0.0002602491735368,0,0.7012599918710202,0.6070035843832118,mmd_histogram
2022-04-05 13:17:19.308122880,0.0001952531912907,0.0002704531152045,0,0.700282752120641,0.5969200415761987,mmd_histogram
2022-04-22 15:56:24.990583552,0.0001995447337697,0.0002801805668959,0,0.6924438393464942,0.5952509771742679,mmd_histogram
2022-05-10 01:49:57.067557120,0.0002013270835742,0.0002890089908967,0,0.6865852020948032,0.5867689699991769,mmd_histogram
2022-05-26 23:41:19.694324992,0.0002015534636427,0.0002966876012081,0,0.692601171821774,0.5862204836690921,mmd_histogram
2022-06-13 19:31:30.953625856,0.0002031363350582,0.0003036243976683,0,0.7063870352716873,0.5999926459072181,mmd_histogram
2022-07-01 05:13:34.188655360,0.0002021614487699,0.0003093934176391,0,0.7135282121006118,0.6122314093367258,mmd_histogram
2022-07-19 07:43:38.707995136,0.0002142012192467,0.0003154332382289,0,0.7150632739148184,0.5904891588394284,mmd_histogram
2022-08-03 21:19:20.825760512,0.0002050255946288,0.0003194230909172,0,0.7179001488296577,0.5890484316325203,mmd_histogram
2022-08-20 21:57:39.515699200,0.0002105217775532,0.0003229765754222,0,0.7087875117749967,0.5876377806366361,mmd_histogram
2022-09-08 12:21:15.658391552,0.0002108321649302,0.0003252054867797,0,0.7056106507268034,0.5979556096174928,mmd_histogram
2022-09-29 05:47:21.496285952,0.000206587094607,0.0003262600927727,0,0.7102526002971769,0.5868182809386289,mmd_histogram
2022-10-17 10:02:33.443390208,0.0002289504512509,0.0003283217125184,0,0.7228915662650602,0.5734394626800947,mmd_histogram
2022-11-03 19:29:27.377822464,0.0002192804399466,0.0003280649506078,0,0.7336480107889414,0.5803756586775455,mmd_histogram
2022-11-22 04:43:40.296791552,0.0002149390002322,0.0003253875946104,0,0.7608194274860941,0.5684594943910825,mmd_histogram
2022-12-12 18:26:22.581661952,0.0002089442123853,0.0003198107270731,0,0.7535525781567195,0.5736545178875823,mmd_histogram
2023-01-01 16:50:34.107695360,0.0002107805146266,0.0003141213300676,0,0.7775238607339696,0.5725183312382702,mmd_histogram
2023-01-21 22:36:39.085148160,0.0002024277486728,0.0003044896641824,0,0.763359806165029,0.5718948551000891,mmd_histogram
2023-02-19 18:52:46.886860032,0.0002014586687522,0.0002901550971368,0,0.7478603450618122,0.5715764019509713,mmd_histogram
2023-03-20 16:48:23.729529344,0.0002046612335024,0.0002720082533605,0,0.7495614626905951,0.5793050523471636,mmd_histogram
2023-05-24 23:45:22.533269760,0.0002024965062045,0.0002329548148641,0,0.7254461335095836,0.5739864479921157,mmd_histogram
2015-01-11 08:09:48.506820096,0.0,0.6144658137173764,0,0.9820807702594276,0.9973916716569126,manhattan
2015-02-05 05:45:21.200667648,0.1360909938812255,0.6144658137173764,0,0.9755674232309748,0.9963946645121632,manhattan
2015-02-28 16:39:17.016885504,0.2380537092685699,0.6144658137173764,0,0.9777539533637096,0.9957381803589668,manhattan
2015-03-24 08:51:32.283909632,0.255852460861206,0.6144658137173764,0,0.9722074468085108,0.99592193589534,manhattan
2015-04-19 23:55:22.089075712,0.2516249120235443,0.6144658137173764,0,0.9747596153846154,0.995621762789683,manhattan
2015-05-16 05:23:02.882852864,0.2194947898387909,0.6144658137173764,0,0.9747910488002156,0.9951544258628652,manhattan
2015-06-11 17:01:20.739780864,0.1645760834217071,0.6144658137173764,0,0.9754207854662036,0.9959718922349832,manhattan
2015-07-07 02:48:50.688933888,0.2233611941337585,0.6144658137173764,0,0.9734143049932524,0.9954411281334216,manhattan
2015-07-30 15:34:58.859391744,0.2866148352622986,0.6144658137173764,0,0.9753201707577376,0.995919278433188,manhattan
2015-08-21 15:05:12.752964864,0.3139859735965729,0.6144658137173764,0,0.9747978436657682,0.9951549073703082,manhattan
2015-09-12 21:37:22.907615744,0.1833981871604919,0.6144658137173764,0,0.9737194958433896,0.9967122383874012,manhattan
2015-10-05 21:53:33.587716864,0.3940761089324951,0.6144658137173764,0,0.9758022093634928,0.9972455237358976,manhattan
2015-10-26 04:25:22.448119552,0.1240751147270202,0.6144658137173764,0,0.9733262203254202,0.9956075193809828,manhattan
2015-11-13 17:02:05.369004800,0.0940057560801506,0.6144658137173764,0,0.9748830995323982,0.996506195164423,manhattan
2015-12-02 07:12:01.405064960,0.1716149151325225,0.6144658137173764,0,0.9764169904863996,0.9966623651246994,manhattan
2015-12-22 18:55:59.606276864,0.2118873000144958,0.6144658137173764,0,0.9703663793103448,0.9960126635069232,manhattan
2016-01-10 08:06:09.746892288,0.127231553196907,0.6144658137173764,0,0.9744776514149696,0.9959212977336231,manhattan
2016-01-21 04:39:16.918586112,0.1381938308477401,0.6144658137173764,0,0.9752276379217996,0.99565376818614,manhattan
2016-02-02 02:58:14.565866496,0.1599420011043548,0.6144658137173764,0,0.9752,0.9957445729855394,manhattan
2016-02-14 18:06:33.121078016,0.1368604898452758,0.6144658137173764,0,0.976401179941003,0.995136070591376,manhattan
2016-02-26 21:17:57.877155840,0.1521621644496917,0.6144658137173764,0,0.9751923587158398,0.9963266425151,manhattan
2016-03-09 07:50:47.186913280,0.2129082083702087,0.6144658137173764,0,0.9746580852775544,0.9954687573729653,manhattan
2016-03-21 19:27:45.574640896,0.2097011506557464,0.6144658137173764,0,0.9757849920170304,0.9966273167605524,manhattan
2016-04-04 14:40:47.423562496,0.2950635552406311,0.6144658137173764,0,0.973267060720043,0.9954549086588884,manhattan
2016-04-19 00:35:56.588087808,0.289300799369812,0.6144658137173764,0,0.9734548335974644,0.9953450653822644,manhattan
2016-04-29 09:06:52.916020480,0.2844008803367615,0.6144658137173764,0,0.9729874297940626,0.9952464292989204,manhattan
2016-05-10 06:38:48.651970048,0.2520325779914856,0.6144658137173764,0,0.9717233985526668,0.9952706076965744,manhattan
2016-05-21 10:47:31.657382656,0.2057952433824539,0.6144658137173764,0,0.9773454157782516,0.9959949892631766,manhattan
2016-06-01 08:05:10.293080576,0.2810960114002228,0.6144658137173764,0,0.9722148009617954,0.9954980218562054,manhattan
2016-06-11 14:38:48.016489472,0.3398815095424652,0.6144658137173764,0,0.9751329787234042,0.9958026190877796,manhattan
2016-06-22 00:57:55.235603712,0.3180325031280517,0.6144658137173764,0,0.9765974230870366,0.9960748749469592,manhattan
2016-07-02 07:25:22.794145280,0.3364066481590271,0.6144658137173764,0,0.972730918326427,0.9956982330518912,manhattan
2016-07-13 09:27:46.314788096,0.3485292196273803,0.6144658137173764,0,0.971322849213691,0.9948799666264048,manhattan
2016-07-22 03:46:52.547762176,0.3754608035087585,0.6144658137173764,0,0.970741482965932,0.9943637526262904,manhattan
2016-07-31 10:31:14.596140800,0.4278636872768402,0.6144658137173764,0,0.9704590818363272,0.995318887980376,manhattan
2016-08-09 22:13:06.052518912,0.3979449570178985,0.6144658137173764,0,0.9748763864760124,0.9958252967429676,manhattan
2016-08-19 15:46:13.900492800,0.339337944984436,0.6144658137173764,0,0.9682962568269616,0.995206116487054,manhattan
2016-08-29 05:53:12.757607936,0.4808759093284607,0.6144658137173764,0,0.9685049833887044,0.9953991244094098,manhattan
2016-09-08 09:39:44.793902336,0.2618376016616821,0.6144658137173764,0,0.974703767807216,0.9964862001306454,manhattan
2016-09-18 06:03:33.502058752,0.3322286307811737,0.6144658137173764,0,0.9721078496480277,0.9957278517704528,manhattan
2016-09-27 18:24:40.967160576,0.2831186652183532,0.6144658137173764,0,0.9707649179014818,0.9951950672651252,manhattan
2016-10-07 13:41:23.872992768,0.257144957780838,0.6144658137173764,0,0.9700066357000664,0.9951628968859444,manhattan
2016-10-17 11:55:33.511858432,0.3742142915725708,0.6144658137173764,0,0.9749430523917996,0.9965663720648624,manhattan
2016-10-27 01:29:41.976607488,0.3925957679748535,0.6144658137173764,0,0.9677850554738672,0.9948193011232784,manhattan
2016-11-05 01:35:03.399676928,0.3418662548065185,0.6144658137173764,0,0.9741622930964876,0.9961169449653317,manhattan
2016-11-14 19:01:10.739316736,0.3386976420879364,0.6144658137173764,0,0.9724045545880776,0.9951873849013252,manhattan
2016-11-25 12:35:37.448248320,0.4171673655509949,0.6144658137173764,0,0.968562674836819,0.9943729423206012,manhattan
2016-12-03 15:52:34.117192704,0.2343677282333374,0.6144658137173764,0,0.9703023039019842,0.996177784409808,manhattan
2016-12-10 08:59:30.693692160,0.1497963070869445,0.6144658137173764,0,0.975596746232831,0.9957150348138878,manhattan
2016-12-17 08:49:39.525993984,0.2376032024621963,0.6144658137173764,0,0.9724770642201837,0.9958783696859832,manhattan
2016-12-24 06:30:44.857579520,0.1973327696323394,0.6144658137173764,0,0.9751561046897834,0.9964480545386588,manhattan
2016-12-30 03:47:24.421860352,0.131095752120018,0.6144658137173764,0,0.9743284372105332,0.9962206664039944,manhattan
2017-01-04 22:16:38.277375232,0.1019528359174728,0.6144658137173764,0,0.975886151008038,0.996317702279957,manhattan
2017-01-10 20:56:48.223647488,0.1104741320014,0.6144658137173764,0,0.9739478957915833,0.9955256790360728,manhattan
2017-01-17 04:59:38.757997568,0.1378796547651291,0.6144658137173764,0,0.9745683308794004,0.9961872896245488,manhattan
2017-01-24 02:28:52.148750848,0.1701409816741943,0.6144658137173764,0,0.9761999206664024,0.9960563049754436,manhattan
2017-01-31 17:37:25.901447424,0.2059576213359832,0.6144658137173764,0,0.9717093903572852,0.9956585327842812,manhattan
2017-02-08 10:39:14.659304192,0.2400434017181396,0.6144658137173764,0,0.9747387911651898,0.996188022503812,manhattan
2017-02-16 13:19:43.407748864,0.2474326938390731,0.6144658137173764,0,0.9743486973947896,0.9962613055846748,manhattan
2017-02-25 01:31:15.515959808,0.1811056137084961,0.6144658137173764,0,0.968474977013004,0.9943666800059094,manhattan
2017-03-04 23:00:53.579133440,0.2396381497383117,0.6144658137173764,0,0.9748658201335252,0.9957494156392072,manhattan
2017-03-12 14:57:13.493110272,0.2094614058732986,0.6144658137173764,0,0.9720401337792642,0.9944768508040088,manhattan
2017-03-19 07:30:07.155601920,0.338887870311737,0.6144658137173764,0,0.9744358940915612,0.99639635234845,manhattan
2017-03-26 15:48:53.983547904,0.2006963193416595,0.6144658137173764,0,0.9734642430675337,0.9961268857027954,manhattan
2017-04-03 09:24:18.020380928,0.4341927766799927,0.6144658137173764,0,0.970960436925536,0.995292120370584,manhattan
2017-04-11 11:19:21.909979904,0.345037043094635,0.6144658137173764,0,0.9703951774949764,0.995716189898255,manhattan
2017-04-19 13:38:16.158673664,0.3578132688999176,0.6144658137173764,0,0.9681595983617388,0.9956322506718136,manhattan
2017-04-27 04:32:28.451162880,0.4156038761138916,0.6144658137173764,0,0.9730232558139534,0.9964345856056284,manhattan
2017-05-05 05:58:39.392567040,0.3935474753379822,0.6144658137173764,0,0.9718928999600372,0.9957892869085724,manhattan
2017-05-14 04:22:32.892679424,0.368462860584259,0.6144658137173764,0,0.9721961047683008,0.9960161450779934,manhattan
2017-05-21 19:24:48.956270336,0.4316433072090149,0.6144658137173764,0,0.970059093893631,0.9952534884661072,manhattan
2017-05-29 21:29:31.905385472,0.4593495726585388,0.6144658137173764,0,0.970867299211546,0.9957772404447194,manhattan
2017-06-06 21:26:11.897116160,0.4841262102127075,0.6144658137173764,0,0.9696969696969696,0.9947705264957052,manhattan
2017-06-14 20:46:07.987727104,0.6178838014602661,0.6144658137173764,0,0.9715977924350518,0.9959514671553268,manhattan
2017-06-22 20:00:49.528886016,0.4421082139015198,0.6144658137173764,0,0.9706871050154632,0.9954542495519124,manhattan
2017-07-01 09:36:16.053435904,0.589736819267273,0.6144658137173764,0,0.9682281059063136,0.9946955789197292,manhattan
2017-07-12 14:58:14.009790208,0.6073371171951294,0.6144658137173764,0,0.95874079035499,0.9932898510072632,manhattan
2017-07-19 05:59:53.470542080,0.4298723340034485,0.6144658137173764,0,0.9781700579436734,0.9969926543554688,manhattan
2017-07-24 10:00:41.826860544,0.4430264830589294,0.6144658137173764,0,0.9705215419501134,0.995800313666868,manhattan
2017-07-31 22:57:28.080697088,0.4828715622425079,0.6144658137173764,0,0.9682453521509023,0.9948123526042432,manhattan
2017-08-07 12:03:09.532411648,0.4445236325263977,0.6144658137173764,0,0.969857433808554,0.99564967393878,manhattan
2017-08-14 17:50:42.746228992,0.4247579574584961,0.6144658137173764,0,0.9726694628602354,0.9961236425747798,manhattan
2017-08-21 07:36:09.961766656,0.3178690075874328,0.6144658137173764,0,0.973317079777868,0.9954568507284136,manhattan
2017-08-28 19:57:39.823730432,0.4093424081802368,0.6144658137173764,0,0.9737515143357114,0.9959691165193416,manhattan
2017-09-05 01:55:46.054718208,0.4536504745483398,0.6144658137173764,0,0.9687626774847872,0.9957836560567216,manhattan
2017-09-13 14:01:37.723277568,0.3521111011505127,0.6144658137173764,0,0.9726250169399648,0.9964311913372632,manhattan
2017-09-22 02:41:11.360974336,0.3244132995605469,0.6144658137173764,0,0.9749016415683084,0.996122140708257,manhattan
2017-09-30 17:22:12.757061120,0.334027349948883,0.6144658137173764,0,0.9742261011864176,0.995511478159087,manhattan
2017-10-09 12:10:52.014179840,0.5758271217346191,0.6144658137173764,0,0.9719184555150532,0.9964949181523726,manhattan
2017-10-18 05:33:31.071549952,0.477969080209732,0.6144658137173764,0,0.9697627118644068,0.9962838814190412,manhattan
2017-10-26 10:29:49.184672256,0.3880656361579895,0.6144658137173764,0,0.9689147182051628,0.9948879845193208,manhattan
2017-11-03 13:32:06.526492928,0.4728815853595733,0.6144658137173764,0,0.9691182446160096,0.9957077980938176,manhattan
2017-11-12 11:16:33.610533376,0.310306191444397,0.6144658137173764,0,0.9724425325984676,0.9957261735143615,manhattan
2017-11-22 09:22:30.779576064,0.5181992053985596,0.6144658137173764,0,0.9677157908955828,0.995645429134305,manhattan
2017-12-02 00:14:20.750861312,0.341694176197052,0.6144658137173764,0,0.9707673568818516,0.9954670455382516,manhattan
2017-12-10 18:38:30.163156736,0.4321638345718384,0.6144658137173764,0,0.9676593451017385,0.9966062113766786,manhattan
2017-12-19 10:11:00.917120000,0.3831631243228912,0.6144658137173764,0,0.9671953368578012,0.9954450084977052,manhattan
2017-12-29 04:55:25.730855936,0.3328873515129089,0.6144658137173764,0,0.9712776046606152,0.9961194834746752,manhattan
2018-01-07 05:03:58.074396160,0.2735221982002258,0.6144658137173764,0,0.968060630667208,0.9959592016513176,manhattan
2018-01-13 01:15:01.810510336,0.1584987789392471,0.6144658137173764,0,0.9721358041390504,0.9961572174932212,manhattan
2018-01-20 09:23:07.746618368,0.240489661693573,0.6144658137173764,0,0.9742830214083747,0.9965412695809917,manhattan
2018-01-28 08:00:23.843254272,0.3347257971763611,0.6144658137173764,0,0.9717659834396634,0.9959328974122644,manhattan
2018-02-05 16:11:44.747650816,0.4169335961341858,0.6144658137173764,0,0.9694054776219104,0.9955197725967956,manhattan
2018-02-14 04:34:46.924671744,0.3350901901721954,0.6144658137173764,0,0.9728781540952638,0.9967522829056036,manhattan
2018-02-22 06:31:20.301297664,0.3412474393844604,0.6144658137173764,0,0.9759491960545872,0.9965246801684146,manhattan
2018-03-02 00:39:40.729383424,0.3917272984981537,0.6144658137173764,0,0.9679443459282498,0.995520898869246,manhattan
2018-03-09 23:00:57.028640000,0.3178178668022156,0.6144658137173764,0,0.970496684260387,0.9955959799397816,manhattan
2018-03-18 07:01:04.328294144,0.5592756867408752,0.6144658137173764,0,0.9755080069977125,0.9969361824159156,manhattan
2018-03-26 00:14:58.361884672,0.3417077362537384,0.6144658137173764,0,0.9726694628602354,0.9966879703312186,manhattan
2018-04-02 21:40:45.219374592,0.3486596941947937,0.6144658137173764,0,0.9690931272875152,0.9959719702861554,manhattan
2018-04-10 13:53:58.238752000,0.4539453387260437,0.6144658137173764,0,0.9690498716042708,0.9953859238346554,manhattan
2018-04-18 05:52:30.149701888,0.3976988494396209,0.6144658137173764,0,0.9755702523957348,0.997130952215545,manhattan
2018-04-26 08:23:35.867226112,0.4623711705207824,0.6144658137173764,0,0.9734453326107574,0.9968284343893812,manhattan
2018-05-04 09:15:51.821802496,0.5694996118545532,0.6144658137173764,0,0.9745751189666894,0.9969512466018596,manhattan
2018-05-12 21:50:43.518119424,0.492711991071701,0.6144658137173764,0,0.9710693524401784,0.9950647520381928,manhattan
2018-05-21 12:17:53.595243520,0.3995986580848694,0.6144658137173764,0,0.9689098250336474,0.9958844660502816,manhattan
2018-05-29 22:37:11.426733056,0.5211399793624878,0.6144658137173764,0,0.9747830802603036,0.9967097961411028,manhattan
2018-06-07 00:32:46.876511488,0.4591779112815857,0.6144658137173764,0,0.9691266079891672,0.9961695922638266,manhattan
2018-06-14 14:02:17.009661696,0.3497067093849182,0.6144658137173764,0,0.9713517148621386,0.9957839400154544,manhattan
2018-06-22 06:59:06.886837248,0.2832432985305786,0.6144658137173764,0,0.9738800920286912,0.9964713986687272,manhattan
2018-06-29 16:42:36.076887296,0.3652765154838562,0.6201344444596399,0,0.9756031075371404,0.9955342530814704,manhattan
2018-07-07 12:49:43.480511488,0.4588127732276916,0.6186678402971402,0,0.971390194761585,0.9961315788142198,manhattan
2018-07-15 21:09:54.719060224,0.4771016240119934,0.6249069759932786,0,0.9668613336955044,0.9951747856281422,manhattan
2018-07-25 08:17:45.434097408,0.4303029179573059,0.6152961346161379,0,0.970766536440792,0.995847780823082,manhattan
2018-08-01 18:41:05.208256000,0.5405659675598145,0.6306918964125994,0,0.9721061851502492,0.9966802754364842,manhattan
2018-08-08 13:01:39.231343616,0.3944874107837677,0.6288235197683002,0,0.9759739378308674,0.9969737355978576,manhattan
2018-08-15 14:51:17.696300544,0.3794771730899811,0.628743224967681,0,0.9732973701955496,0.996484146345738,manhattan
2018-08-23 01:01:27.213691648,0.3217475414276123,0.6290316531331765,0,0.9749220550359224,0.9964475812699356,manhattan
2018-08-30 21:06:44.884686336,0.3952283859252929,0.6263565588039283,0,0.9712356515867656,0.996684405061541,manhattan
2018-09-08 13:18:56.003451648,0.4465532898902893,0.6079056524724505,0,0.9731335223437289,0.9966561127661664,manhattan
2018-09-17 07:39:59.075442944,0.4552231431007385,0.6004009648970533,0,0.968618963884756,0.9958626966431002,manhattan
2018-09-26 03:50:15.335848704,0.4401145279407501,0.6004482789350867,0,0.9749494949494948,0.9971163396488072,manhattan
2018-10-05 07:32:21.802231808,0.4012687504291534,0.6000845836071623,0,0.9723389830508474,0.9969995220535788,manhattan
2018-10-13 18:44:58.700504832,0.4111481010913849,0.598592919804243,0,0.9727090301003344,0.9969405078692458,manhattan
2018-10-21 16:45:27.440193024,0.3925278782844543,0.5970260978509125,0,0.9734477671986054,0.9970424265632728,manhattan
2018-10-29 08:42:23.578923776,0.4073320031166076,0.5971248629455939,0,0.9744629104175112,0.9964196933702334,manhattan
2018-11-06 04:18:43.090291968,0.3444646894931793,0.5950719295900712,0,0.9737379235270104,0.9970263242930292,manhattan
2018-11-14 20:25:18.838155776,0.3224230706691742,0.5808981943627907,0,0.9744421906693712,0.9967541831948612,manhattan
2018-11-23 09:54:35.962477312,0.4186079502105713,0.579881167859307,0,0.9738811046116176,0.997088312527828,manhattan
2018-12-01 08:47:21.810177536,0.4278587102890014,0.5793219508108951,0,0.9736172492299452,0.9974142202403072,manhattan
2018-12-09 00:42:57.972538368,0.2753894627094269,0.5853462347049839,0,0.9775326247813804,0.9977793933205324,manhattan
2018-12-15 23:21:59.329690368,0.354136198759079,0.5859063840289184,0,0.973595125253893,0.9968975369044883,manhattan
2018-12-23 11:05:31.167271680,0.3686994314193725,0.5823486739400219,0,0.9774072081764388,0.9976090350557466,manhattan
2018-12-29 17:00:32.257942272,0.284948468208313,0.5651746205269906,0,0.975869506605554,0.997331688743848,manhattan
2019-01-04 13:52:37.531022848,0.2442476153373718,0.565484028160725,0,0.9787899388171312,0.9972237999905712,manhattan
2019-01-10 06:41:21.192833792,0.23747019469738,0.5734405690804711,0,0.9780131384904144,0.9972199223071782,manhattan
2019-01-16 10:38:04.728266752,0.2411593049764633,0.5644641348145503,0,0.9745955341623213,0.9968490101667004,manhattan
2019-01-23 06:52:45.774218752,0.3233481049537658,0.5575120932902241,0,0.9759739378308674,0.9972091158355384,manhattan
2019-01-30 17:31:41.145020928,0.3506268858909607,0.557518913430307,0,0.9788474576271188,0.997886025575489,manhattan
2019-02-07 08:25:49.291846912,0.4209230542182922,0.5584414454456809,0,0.9762962962962964,0.9977198022717834,manhattan
2019-02-16 00:10:19.823346432,0.4666232466697693,0.5660398973861671,0,0.973176978029384,0.9973952665521532,manhattan
2019-02-24 03:28:32.059029760,0.5021679401397705,0.5722428700826993,0,0.9751898047722344,0.9972085035308752,manhattan
2019-03-03 23:26:39.587647232,0.3897407948970794,0.564241250185898,0,0.97664686825054,0.9967304682601446,manhattan
2019-03-11 23:36:41.152388864,0.4419596791267395,0.5653690533435762,0,0.9731888964116452,0.9968942057790986,manhattan
2019-03-20 03:09:37.201606144,0.5049216151237488,0.5583471118764028,0,0.9746027434469644,0.9975200321623346,manhattan
2019-03-28 13:04:36.918506240,0.4215712547302246,0.5601512967936834,0,0.9742274996626636,0.9965933070552636,manhattan
2019-04-06 03:31:12.239665920,0.3913795351982116,0.5606236127841268,0,0.979311283517082,0.9977851458885942,manhattan
2019-04-14 13:17:12.127801088,0.465976744890213,0.5673078487112446,0,0.9717223650385604,0.9968437129048984,manhattan
2019-04-22 20:24:59.649585152,0.4541149735450744,0.5718594062903858,0,0.9778647590767984,0.9974835671350402,manhattan
2019-04-30 21:09:58.900908032,0.411256343126297,0.5689815454702789,0,0.979694057127386,0.997199819880671,manhattan
2019-05-08 12:33:29.212087808,0.451376736164093,0.5685573132263759,0,0.977509822517274,0.9973049492909704,manhattan
2019-05-15 23:08:27.200681472,0.4441160857677459,0.5689477527611194,0,0.9787694388100068,0.9975537046252196,manhattan
2019-05-23 08:52:22.653012224,0.384253978729248,0.5682389442079312,0,0.9774598461330812,0.9981649238426784,manhattan
2019-05-30 22:52:33.977469440,0.5421354174613953,0.5854641778794379,0,0.9748206308379586,0.9970015375734812,manhattan
2019-06-07 01:21:35.321539072,0.6713088750839233,0.6320400690396446,1,0.9780234596197924,0.997788728848026,manhattan
2019-06-13 23:08:36.748116224,0.6046348810195923,0.6562577145105692,0,0.97457857531267,0.9970495620931236,manhattan
2019-06-19 21:51:20.566598400,0.521747887134552,0.6657859503434276,0,0.9801028695181376,0.9978177458033574,manhattan
2019-06-25 13:38:20.489797632,0.6121314167976379,0.6872968730726908,0,0.9761036857027136,0.996620508220997,manhattan
2019-07-01 04:13:41.139450112,0.4669654369354248,0.689702699697675,0,0.9776008635811632,0.9977094708283308,manhattan
2019-07-06 15:14:53.627373824,0.4501044750213623,0.6907223266623184,0,0.9786663088689118,0.9972674219848372,manhattan
2019-07-12 01:09:43.613655808,0.4328804016113281,0.6870115796647698,0,0.9760260056887444,0.9974870453426832,manhattan
2019-07-17 12:14:25.262008832,0.5060579776763916,0.6919532476193603,0,0.9789103690685412,0.9974053153362448,manhattan
2019-07-23 01:38:22.589190400,0.5228977203369141,0.6982843152552131,0,0.977675551346232,0.9974583604182452,manhattan
2019-07-29 00:02:24.235024128,0.5305342674255371,0.6994516773362607,0,0.9756953821226032,0.9970230760243518,manhattan
2019-08-04 14:57:42.356743168,0.496159553527832,0.6904220068412822,0,0.9786371011357492,0.9972539251207728,manhattan
2019-08-11 22:40:47.209317632,0.6016990542411804,0.6886458534301674,0,0.9768723947828424,0.997945779605962,manhattan
2019-08-19 12:11:12.264657664,0.5070009231567383,0.6714717884299909,0,0.9727457627118644,0.9971253660746942,manhattan
2019-08-26 12:18:00.631070464,0.4897749125957489,0.6636676035647959,0,0.9799481653253308,0.9981271990925036,manhattan
2019-09-02 23:59:24.102610944,0.4187733232975006,0.6580888344761724,0,0.9741252178576216,0.997159343456792,manhattan
2019-09-11 14:18:50.241135616,0.558732807636261,0.6632359822261109,0,0.9762840493291776,0.9974481492833196,manhattan
2019-09-20 07:11:53.724405760,0.5489262342453003,0.6677041570980794,0,0.980169971671388,0.9977836137503694,manhattan
2019-09-28 17:43:57.425362688,0.5458172559738159,0.6707905022920007,0,0.9767975178740052,0.9977183395241316,manhattan
2019-10-07 05:47:27.246907904,0.5264867544174194,0.669297223237285,0,0.979382832502358,0.9982533910097956,manhattan
2019-10-15 03:07:43.260482560,0.5153779983520508,0.6699472670308932,0,0.9765908785147316,0.997192047429757,manhattan
2019-10-23 04:54:55.352891904,0.5699223875999451,0.6749870810984968,0,0.976855003403676,0.9975726748044748,manhattan
2019-10-30 22:03:19.516393216,0.399422824382782,0.6766683600676202,0,0.9801711258997692,0.9983134204416424,manhattan
2019-11-07 00:53:40.218806016,0.3425320982933044,0.6826343916715496,0,0.97671617824167,0.9977226633863264,manhattan
2019-11-14 13:41:12.079603712,0.3438782691955566,0.6910483531164876,0,0.9788857103936792,0.9976172588855884,manhattan
2019-11-21 23:22:56.785410048,0.2890683114528656,0.7058526811191103,0,0.9807196198234894,0.9972779609645056,manhattan
2019-11-30 20:34:38.279047936,0.3345193862915039,0.7117314843310424,0,0.979852249832102,0.9982134065311636,manhattan
2019-12-08 09:25:22.834821632,0.3363475501537323,0.7175146013496446,0,0.982130861211877,0.9983076824902204,manhattan
2019-12-12 18:50:53.435386880,0.3412214517593384,0.7221478653645866,0,0.9800404585300068,0.9980180939102798,manhattan
2019-12-16 13:35:06.442365184,0.3419152498245239,0.7249532642738143,0,0.9787321063394684,0.9977508763557238,manhattan
2019-12-21 06:00:31.676440064,0.3231931626796722,0.7254409471629764,0,0.9770971676378912,0.9977103371302892,manhattan
2019-12-26 05:37:55.490231296,0.3528367280960083,0.7025781632556278,0,0.9793149764942914,0.9981033388219184,manhattan
2019-12-30 07:47:43.296733696,0.3129202723503113,0.6922023940545088,0,0.983533540288838,0.9986466202721646,manhattan
2020-01-03 16:51:19.239594752,0.4117669463157654,0.686888690842869,0,0.98168001085629,0.997904064422759,manhattan
2020-01-08 01:33:12.531953920,0.3349685668945312,0.6701694304505379,0,0.9805062948422903,0.9980880950380392,manhattan
2020-01-12 15:12:23.531623168,0.3747358322143554,0.6684208613867979,0,0.9818845477896444,0.9983810152898812,manhattan
2020-01-17 15:46:46.688024064,0.3280485868453979,0.6691297999040351,0,0.9809742274996628,0.997574729830632,manhattan
2020-01-23 21:51:56.381055744,0.3014395534992218,0.6717746302141151,0,0.9790455590104096,0.997821978792643,manhattan
2020-01-30 19:11:52.586894080,0.3349589109420776,0.6665859617870392,0,0.982368099823681,0.9984064247903502,manhattan
2020-02-06 07:08:13.361990656,0.3447581231594085,0.6582770473570687,0,0.980466118819884,0.9984713729849916,manhattan
2020-02-13 01:08:20.600041216,0.4539009034633636,0.6505272490837637,0,0.980594381869996,0.9985777946335452,manhattan
2020-02-20 04:43:36.799451136,0.315713882446289,0.6451058890003211,0,0.982296064278905,0.997757319264885,manhattan
2020-02-27 11:09:41.174667776,0.3430379629135132,0.620101471666868,0,0.980522115514676,0.9980716062436624,manhattan
2020-03-06 10:01:34.221097216,0.3092781603336334,0.6110165888267652,0,0.9771951386043972,0.9981527258877304,manhattan
2020-03-15 17:50:55.387179520,0.3917361497879028,0.6029596970002151,0,0.976470588235294,0.9979705325287408,manhattan
2020-03-31 12:24:21.388140032,0.6538610458374023,0.6414872743527193,1,0.97648330855521,0.9979869100302784,manhattan
2020-04-19 19:09:54.220436480,0.6998395919799805,0.6724412942515059,1,0.9787688609961276,0.9987764275734796,manhattan
2020-05-06 13:02:34.439251200,0.720375657081604,0.7070000081036036,1,0.9803602871461464,0.9982450183591168,manhattan
2020-05-20 22:14:33.564038144,0.8534733057022095,0.7734369061556856,1,0.9797966101694916,0.9979939286721116,manhattan
2020-06-02 19:01:00.673675008,0.5911784768104553,0.7808826790375463,0,0.980089394555059,0.9982406728621536,manhattan
2020-06-14 12:55:11.777557504,0.712083637714386,0.8085133127564039,0,0.980803028254698,0.998587369584675,manhattan
2020-06-25 18:31:03.157110528,0.7065632343292236,0.8284057732006352,0,0.9820585457979226,0.9985096238742716,manhattan
2020-07-06 01:42:44.718910208,0.656702995300293,0.8494056622330377,0,0.9817838348401026,0.9987254640535896,manhattan
2020-07-14 20:10:16.472787968,0.7031309008598328,0.8754948840690453,0,0.9784582034954612,0.9984417456364816,manhattan
2020-07-23 10:45:36.111246080,0.4719535708427429,0.8769414497296779,0,0.9826356171759322,0.9985062115287798,manhattan
2020-08-01 00:21:53.413779712,0.5185381770133972,0.8783291483045598,0,0.980169971671388,0.998430781905718,manhattan
2020-08-09 22:33:36.310064640,0.5615067481994629,0.8838124728273185,0,0.985581458024525,0.9986509526896749,manhattan
2020-08-19 11:40:47.998887680,0.6172525882720947,0.8934661351083917,0,0.9791525653174497,0.9983216062683318,manhattan
2020-08-29 07:17:24.744298240,0.5802298784255981,0.8986955588027605,0,0.9801333514763914,0.9986544613580158,manhattan
2020-09-08 13:07:14.854673152,0.4818014204502105,0.8978033887704118,0,0.983358138276282,0.9986346322368932,manhattan
2020-09-18 15:46:03.256505856,0.5675225257873535,0.8995271538450446,0,0.982255679526818,0.9981268025393812,manhattan
2020-09-28 20:35:51.413286912,0.6055373549461365,0.9046104733966868,0,0.9847028563692974,0.9985904821521646,manhattan
2020-10-08 21:31:41.572937984,0.6503897309303284,0.9100290538623724,0,0.9835068270920644,0.9983260266776848,manhattan
2020-10-18 16:03:22.807606528,0.4774799346923828,0.9095312275593734,0,0.9822832023444784,0.9985796984753094,manhattan
2020-10-26 21:41:59.190437632,0.6714910864830017,0.9162998797760908,0,0.9807407407407408,0.9984083038512688,manhattan
2020-11-04 17:58:27.908431360,0.6163656115531921,0.9188257586972548,0,0.982989064398542,0.9984378479677632,manhattan
2020-11-13 22:28:31.770108160,0.5162698030471802,0.9121724520515306,0,0.9806521445000675,0.9983999238269854,manhattan
2020-11-23 10:16:15.536645632,0.561426043510437,0.9024710073525906,0,0.9801001759848382,0.9983419121326316,manhattan
2020-12-03 15:59:54.972755200,0.5777493715286255,0.8950243072384332,0,0.9831149533972714,0.998675437306011,manhattan
2020-12-12 11:15:47.909172736,0.6203553676605225,0.8888497504301826,0,0.9847069968872648,0.9990173950610582,manhattan
2020-12-20 03:07:40.230582528,0.5601544380187988,0.8875591636395734,0,0.9819349658771578,0.9985848715980462,manhattan
2020-12-27 19:23:19.554768128,0.3484079837799072,0.8832134342769933,0,0.987362413371382,0.9992794062063745,manhattan
2021-01-03 06:23:17.718913792,0.4150181710720062,0.8755980041245799,0,0.9834521727431724,0.99872027790213,manhattan
2021-01-10 11:48:21.955332096,0.4552712440490722,0.8589855811350153,0,0.986776413439482,0.99910815438574,manhattan
2021-01-18 01:57:13.053986560,0.5501444339752197,0.8497455148254898,0,0.9848263010781312,0.998797277724573,manhattan
2021-01-25 23:09:30.944615936,0.4695696532726288,0.8474208373333232,0,0.9817592217267936,0.998323050846558,manhattan
2021-02-03 12:33:21.853117696,0.6116840839385986,0.8393565637468687,0,0.9845865165527408,0.9986461544188432,manhattan
2021-02-12 09:54:04.417721344,0.6185835599899292,0.8284881908592048,0,0.9825779229617532,0.998757891999708,manhattan
2021-02-20 16:35:42.963620352,0.6563148498535156,0.790397569998641,0,0.982966067324591,0.9985863802728536,manhattan
2021-02-28 05:00:00.566801408,0.634987473487854,0.7935482618306461,0,0.9820585457979226,0.99865716930198,manhattan
2021-03-07 21:11:20.962432768,0.6855504512786865,0.7894778790578287,0,0.983461073013312,0.999011677835454,manhattan
2021-03-15 20:44:33.816502528,0.7128127813339233,0.7905077421036814,0,0.9851210604625996,0.9990411326854578,manhattan
2021-03-23 10:38:54.493573120,0.8506746292114258,0.8277840397110111,1,0.9797761898341648,0.998720500733767,manhattan
2021-03-31 06:58:45.219431936,0.8723729252815247,0.861076168918769,1,0.9842466675642924,0.9990547629519408,manhattan
2021-04-08 13:38:17.877173504,0.9488441944122314,0.9165008768943012,1,0.9812881355932204,0.9983652303142312,manhattan
2021-04-16 05:42:19.725994240,0.944707691669464,0.9638208994196008,0,0.9821597513177456,0.9988658938950524,manhattan
2021-04-23 19:16:04.996834304,0.9631705284118652,1.0095014470232977,0,0.9844489519945908,0.9991844221743872,manhattan
2021-05-01 18:30:03.026884352,1.0984010696411133,1.0799333320431663,1,0.9856817877693028,0.9992198973780494,manhattan
2021-05-10 01:02:27.782891008,1.0909199714660645,1.13953893453875,0,0.9814291481631006,0.9987078284062388,manhattan
2021-05-19 04:00:54.178891776,1.0570858716964722,1.182839043912042,0,0.9838512688288776,0.9988911648996066,manhattan
2021-05-28 06:59:56.814934272,1.0994024276733398,1.2314361954516273,0,0.9836375929682216,0.9986718477503638,manhattan
2021-06-06 08:10:03.114930688,1.1701860427856443,1.2886632711981263,0,0.9856698661619576,0.9988180313288908,manhattan
2021-06-15 02:51:55.451059200,1.0727035999298096,1.3235416726699154,0,0.9836198727494246,0.9989317270543058,manhattan
2021-06-24 11:51:15.571951104,1.0890319347381592,1.352915537356138,0,0.9836905243294244,0.998774483764801,manhattan
2021-07-03 00:41:20.139074560,1.176656723022461,1.3978468331798823,0,0.9860904794058069,0.9990300582352372,manhattan
2021-07-11 03:42:50.439658240,1.203786015510559,1.442602644361187,0,0.9858280469699016,0.9991130667709556,manhattan
2021-07-19 19:34:35.039692288,1.1843676567077637,1.4757165638817191,0,0.9818845477896444,0.9987777719953944,manhattan
2021-07-29 01:51:02.608172544,1.308128833770752,1.5263560262224742,0,0.9821549276733812,0.9990594832895136,manhattan
2021-08-07 10:51:27.352369408,1.2712392807006836,1.5655895991357551,0,0.9834216605517054,0.9991277648510354,manhattan
2021-08-17 12:38:25.298760960,1.3267042636871338,1.6103903462219669,0,0.9831955549532456,0.9989466507167266,manhattan
2021-08-28 02:15:10.444094976,1.3077644109725952,1.6437958047579833,0,0.9830531271015468,0.9989072023665696,manhattan
2021-09-08 08:23:55.827413248,1.230318307876587,1.639578675255437,0,0.9854073773814348,0.9992764860304276,manhattan
2021-09-20 02:09:24.517992448,1.5148468017578125,1.6797221672304217,0,0.9833674164962508,0.998948198652258,manhattan
2021-10-02 09:07:14.140529664,1.4128804206848145,1.6961182061870423,0,0.9829094334544476,0.999314443202496,manhattan
2021-10-14 09:53:58.433844224,1.4203205108642578,1.7162255550367544,0,0.9858829917198316,0.9993252146922252,manhattan
2021-10-26 06:50:48.638631424,1.578662395477295,1.7437090452010788,0,0.9847654683950288,0.999173959024674,manhattan
2021-11-07 02:07:38.964423168,1.4351601600646973,1.7554990233831127,0,0.9858509634820104,0.9991854951229406,manhattan
2021-11-20 03:43:54.708039424,2.577381134033203,2.0653827956981345,1,0.7079028579095666,0.6543381694877807,manhattan
2021-12-04 16:27:34.629209856,2.599308967590332,2.3067932623697938,1,0.692888948859803,0.6129756944534697,manhattan
2021-12-16 15:25:29.038531328,2.557126522064209,2.4891268515510916,1,0.7032074705643524,0.6299999447588833,manhattan
2021-12-28 07:33:53.691827456,2.535947799682617,2.640179096731123,0,0.7241004752206381,0.6089595442639874,manhattan
2022-01-07 23:29:55.343080448,2.578305959701538,2.7788659264174145,0,0.7182964871829649,0.6022975152928747,manhattan
2022-01-19 00:01:43.121507840,2.604055404663086,2.910969389145862,0,0.7134336451131896,0.614395176029269,manhattan
2022-02-01 02:08:39.386309376,2.71919846534729,3.048376473683465,0,0.6860140788949396,0.6020920195011361,manhattan
2022-02-15 21:24:12.288849152,2.739166736602783,3.175188441839625,0,0.6871864406779661,0.5928130371760321,manhattan
2022-03-03 18:56:24.278607872,2.6902542114257812,3.27715777718375,0,0.6862612916273426,0.6044672765502397,manhattan
2022-03-20 01:26:42.440673792,2.749614715576172,3.3758648929862938,0,0.7012599918710202,0.6070035843832118,manhattan
2022-04-05 13:17:19.308122880,2.7659003734588623,3.4709026172273285,0,0.700282752120641,0.5969200415761987,manhattan
2022-04-22 15:56:24.990583552,2.7965893745422363,3.558063432523171,0,0.6924438393464942,0.5952509771742679,manhattan
2022-05-10 01:49:57.067557120,2.8211846351623535,3.6345963409568873,0,0.6865852020948032,0.5867689699991769,manhattan
2022-05-26 23:41:19.694324992,2.807642698287964,3.699756733853005,0,0.692601171821774,0.5862204836690921,manhattan
2022-06-13 19:31:30.953625856,2.8117849826812744,3.7587787096681504,0,0.7063870352716873,0.5999926459072181,manhattan
2022-07-01 05:13:34.188655360,2.7993316650390625,3.798083045231268,0,0.7135282121006118,0.6122314093367258,manhattan
2022-07-19 07:43:38.707995136,2.898491144180298,3.838805468545549,0,0.7150632739148184,0.5904891588394284,manhattan
2022-08-03 21:19:20.825760512,2.827526569366455,3.8657899018702166,0,0.7179001488296577,0.5890484316325203,manhattan
2022-08-20 21:57:39.515699200,2.862183094024658,3.8873898501726463,0,0.7087875117749967,0.5876377806366361,manhattan
2022-09-08 12:21:15.658391552,2.8797545433044434,3.896375857711984,0,0.7056106507268034,0.5979556096174928,manhattan
2022-09-29 05:47:21.496285952,2.835057258605957,3.900367467679296,0,0.7102526002971769,0.5868182809386289,manhattan
2022-10-17 10:02:33.443390208,3.001047134399414,3.905577801864484,0,0.7228915662650602,0.5734394626800947,manhattan
2022-11-03 19:29:27.377822464,2.9408364295959473,3.895353357837705,0,0.7336480107889414,0.5803756586775455,manhattan
2022-11-22 04:43:40.296791552,2.90301513671875,3.862571507055384,0,0.7608194274860941,0.5684594943910825,manhattan
2022-12-12 18:26:22.581661952,2.8220415115356445,3.789193116631764,0,0.7535525781567195,0.5736545178875823,manhattan
2023-01-01 16:50:34.107695360,2.8284316062927246,3.7413507341219545,0,0.7775238607339696,0.5725183312382702,manhattan
2023-01-21 22:36:39.085148160,2.7504658699035645,3.64807156746902,0,0.763359806165029,0.5718948551000891,manhattan
2023-02-19 18:52:46.886860032,2.710646152496338,3.518268960021594,0,0.7478603450618122,0.5715764019509713,manhattan
2023-03-20 16:48:23.729529344,2.7220144271850586,3.381865608733068,0,0.7495614626905951,0.5793050523471636,manhattan
2023-05-24 23:45:22.533269760,2.497037887573242,3.068179922562376,0,0.7254461335095836,0.5739864479921157,manhattan
2015-01-11 08:09:48.506820096,0.0,0.056598731312276,0,0.9820807702594276,0.9973916716569126,js_kll
2015-02-05 05:45:21.200667648,0.0581236615355252,0.056598731312276,0,0.9755674232309748,0.9963946645121632,js_kll
2015-02-28 16:39:17.016885504,0.057810663835142,0.056598731312276,0,0.9777539533637096,0.9957381803589668,js_kll
2015-03-24 08:51:32.283909632,0.0540767936023169,0.056598731312276,0,0.9722074468085108,0.99592193589534,js_kll
2015-04-19 23:55:22.089075712,0.0565700220347153,0.056598731312276,0,0.9747596153846154,0.995621762789683,js_kll
2015-05-16 05:23:02.882852864,0.050299259522749,0.056598731312276,0,0.9747910488002156,0.9951544258628652,js_kll
2015-06-11 17:01:20.739780864,0.0493975243525649,0.056598731312276,0,0.9754207854662036,0.9959718922349832,js_kll
2015-07-07 02:48:50.688933888,0.0584967249789814,0.056598731312276,0,0.9734143049932524,0.9954411281334216,js_kll
2015-07-30 15:34:58.859391744,0.0536948012374677,0.056598731312276,0,0.9753201707577376,0.995919278433188,js_kll
2015-08-21 15:05:12.752964864,0.049732371399907,0.056598731312276,0,0.9747978436657682,0.9951549073703082,js_kll
2015-09-12 21:37:22.907615744,0.0472789043399458,0.056598731312276,0,0.9737194958433896,0.9967122383874012,js_kll
2015-10-05 21:53:33.587716864,0.048076909491644,0.056598731312276,0,0.9758022093634928,0.9972455237358976,js_kll
2015-10-26 04:25:22.448119552,0.048840792270798,0.056598731312276,0,0.9733262203254202,0.9956075193809828,js_kll
2015-11-13 17:02:05.369004800,0.0485715118282022,0.056598731312276,0,0.9748830995323982,0.996506195164423,js_kll
2015-12-02 07:12:01.405064960,0.0471689036047745,0.056598731312276,0,0.9764169904863996,0.9966623651246994,js_kll
2015-12-22 18:55:59.606276864,0.0554527681889731,0.056598731312276,0,0.9703663793103448,0.9960126635069232,js_kll
2016-01-10 08:06:09.746892288,0.0506833059529551,0.056598731312276,0,0.9744776514149696,0.9959212977336231,js_kll
2016-01-21 04:39:16.918586112,0.0487865930517551,0.056598731312276,0,0.9752276379217996,0.99565376818614,js_kll
2016-02-02 02:58:14.565866496,0.0470906959127657,0.056598731312276,0,0.9752,0.9957445729855394,js_kll
2016-02-14 18:06:33.121078016,0.0475370961534821,0.056598731312276,0,0.976401179941003,0.995136070591376,js_kll
2016-02-26 21:17:57.877155840,0.0469316710272278,0.056598731312276,0,0.9751923587158398,0.9963266425151,js_kll
2016-03-09 07:50:47.186913280,0.0463468570245214,0.056598731312276,0,0.9746580852775544,0.9954687573729653,js_kll
2016-03-21 19:27:45.574640896,0.048736430221617,0.056598731312276,0,0.9757849920170304,0.9966273167605524,js_kll
2016-04-04 14:40:47.423562496,0.0479485660838873,0.056598731312276,0,0.973267060720043,0.9954549086588884,js_kll
2016-04-19 00:35:56.588087808,0.0481581576840019,0.056598731312276,0,0.9734548335974644,0.9953450653822644,js_kll
2016-04-29 09:06:52.916020480,0.0480610612072793,0.056598731312276,0,0.9729874297940626,0.9952464292989204,js_kll
2016-05-10 06:38:48.651970048,0.0470831047007068,0.056598731312276,0,0.9717233985526668,0.9952706076965744,js_kll
2016-05-21 10:47:31.657382656,0.0472278517856378,0.056598731312276,0,0.9773454157782516,0.9959949892631766,js_kll
2016-06-01 08:05:10.293080576,0.0479337438466306,0.056598731312276,0,0.9722148009617954,0.9954980218562054,js_kll
2016-06-11 14:38:48.016489472,0.0573879460116068,0.056598731312276,0,0.9751329787234042,0.9958026190877796,js_kll
2016-06-22 00:57:55.235603712,0.0535075302700363,0.056598731312276,0,0.9765974230870366,0.9960748749469592,js_kll
2016-07-02 07:25:22.794145280,0.050508647061791,0.056598731312276,0,0.972730918326427,0.9956982330518912,js_kll
2016-07-13 09:27:46.314788096,0.0502848654542515,0.056598731312276,0,0.971322849213691,0.9948799666264048,js_kll
2016-07-22 03:46:52.547762176,0.0494699590283322,0.056598731312276,0,0.970741482965932,0.9943637526262904,js_kll
2016-07-31 10:31:14.596140800,0.0492346218794692,0.056598731312276,0,0.9704590818363272,0.995318887980376,js_kll
2016-08-09 22:13:06.052518912,0.0470662472242361,0.056598731312276,0,0.9748763864760124,0.9958252967429676,js_kll
2016-08-19 15:46:13.900492800,0.0465267925128839,0.056598731312276,0,0.9682962568269616,0.995206116487054,js_kll
2016-08-29 05:53:12.757607936,0.0495742063750227,0.056598731312276,0,0.9685049833887044,0.9953991244094098,js_kll
2016-09-08 09:39:44.793902336,0.0464096081145484,0.056598731312276,0,0.974703767807216,0.9964862001306454,js_kll
2016-09-18 06:03:33.502058752,0.0471843927312159,0.056598731312276,0,0.9721078496480277,0.9957278517704528,js_kll
2016-09-27 18:24:40.967160576,0.0459920819503736,0.056598731312276,0,0.9707649179014818,0.9951950672651252,js_kll
2016-10-07 13:41:23.872992768,0.0456516488224327,0.056598731312276,0,0.9700066357000664,0.9951628968859444,js_kll
2016-10-17 11:55:33.511858432,0.0448962202440918,0.056598731312276,0,0.9749430523917996,0.9965663720648624,js_kll
2016-10-27 01:29:41.976607488,0.0430770082624654,0.056598731312276,0,0.9677850554738672,0.9948193011232784,js_kll
2016-11-05 01:35:03.399676928,0.0451752586194313,0.056598731312276,0,0.9741622930964876,0.9961169449653317,js_kll
2016-11-14 19:01:10.739316736,0.0438203917264629,0.056598731312276,0,0.9724045545880776,0.9951873849013252,js_kll
2016-11-25 12:35:37.448248320,0.0462500453153439,0.056598731312276,0,0.968562674836819,0.9943729423206012,js_kll
2016-12-03 15:52:34.117192704,0.0471474535198425,0.056598731312276,0,0.9703023039019842,0.996177784409808,js_kll
2016-12-10 08:59:30.693692160,0.0462052939258197,0.056598731312276,0,0.975596746232831,0.9957150348138878,js_kll
2016-12-17 08:49:39.525993984,0.0461680384297969,0.056598731312276,0,0.9724770642201837,0.9958783696859832,js_kll
2016-12-24 06:30:44.857579520,0.0449651376994849,0.056598731312276,0,0.9751561046897834,0.9964480545386588,js_kll
2016-12-30 03:47:24.421860352,0.0451075331682441,0.056598731312276,0,0.9743284372105332,0.9962206664039944,js_kll
2017-01-04 22:16:38.277375232,0.0452920899570067,0.056598731312276,0,0.975886151008038,0.996317702279957,js_kll
2017-01-10 20:56:48.223647488,0.0439934515554061,0.056598731312276,0,0.9739478957915833,0.9955256790360728,js_kll
2017-01-17 04:59:38.757997568,0.0440777645313139,0.056598731312276,0,0.9745683308794004,0.9961872896245488,js_kll
2017-01-24 02:28:52.148750848,0.0442402733512091,0.056598731312276,0,0.9761999206664024,0.9960563049754436,js_kll
2017-01-31 17:37:25.901447424,0.0508843872341436,0.056598731312276,0,0.9717093903572852,0.9956585327842812,js_kll
2017-02-08 10:39:14.659304192,0.0491394734439963,0.056598731312276,0,0.9747387911651898,0.996188022503812,js_kll
2017-02-16 13:19:43.407748864,0.0499896196709578,0.056598731312276,0,0.9743486973947896,0.9962613055846748,js_kll
2017-02-25 01:31:15.515959808,0.0477574222942895,0.056598731312276,0,0.968474977013004,0.9943666800059094,js_kll
2017-03-04 23:00:53.579133440,0.0470257007258361,0.056598731312276,0,0.9748658201335252,0.9957494156392072,js_kll
2017-03-12 14:57:13.493110272,0.0480329207462018,0.056598731312276,0,0.9720401337792642,0.9944768508040088,js_kll
2017-03-19 07:30:07.155601920,0.0474226276550985,0.056598731312276,0,0.9744358940915612,0.99639635234845,js_kll
2017-03-26 15:48:53.983547904,0.0464518354217368,0.056598731312276,0,0.9734642430675337,0.9961268857027954,js_kll
2017-04-03 09:24:18.020380928,0.048303899522995,0.056598731312276,0,0.970960436925536,0.995292120370584,js_kll
2017-04-11 11:19:21.909979904,0.0470313328614752,0.056598731312276,0,0.9703951774949764,0.995716189898255,js_kll
2017-04-19 13:38:16.158673664,0.0454961428688922,0.056598731312276,0,0.9681595983617388,0.9956322506718136,js_kll
2017-04-27 04:32:28.451162880,0.045464636976055,0.056598731312276,0,0.9730232558139534,0.9964345856056284,js_kll
2017-05-05 05:58:39.392567040,0.0489557757108163,0.056598731312276,0,0.9718928999600372,0.9957892869085724,js_kll
2017-05-14 04:22:32.892679424,0.0471051579471437,0.056598731312276,0,0.9721961047683008,0.9960161450779934,js_kll
2017-05-21 19:24:48.956270336,0.0464157235549289,0.056598731312276,0,0.970059093893631,0.9952534884661072,js_kll
2017-05-29 21:29:31.905385472,0.0448611651745242,0.056598731312276,0,0.970867299211546,0.9957772404447194,js_kll
2017-06-06 21:26:11.897116160,0.0449383834233119,0.056598731312276,0,0.9696969696969696,0.9947705264957052,js_kll
2017-06-14 20:46:07.987727104,0.044404416085581,0.056598731312276,0,0.9715977924350518,0.9959514671553268,js_kll
2017-06-22 20:00:49.528886016,0.0440329957111659,0.056598731312276,0,0.9706871050154632,0.9954542495519124,js_kll
2017-07-01 09:36:16.053435904,0.045983657134907,0.056598731312276,0,0.9682281059063136,0.9946955789197292,js_kll
2017-07-12 14:58:14.009790208,0.0439986123438622,0.056598731312276,0,0.95874079035499,0.9932898510072632,js_kll
2017-07-19 05:59:53.470542080,0.042803313296701,0.056598731312276,0,0.9781700579436734,0.9969926543554688,js_kll
2017-07-24 10:00:41.826860544,0.0434848514738662,0.056598731312276,0,0.9705215419501134,0.995800313666868,js_kll
2017-07-31 22:57:28.080697088,0.0441629350009447,0.056598731312276,0,0.9682453521509023,0.9948123526042432,js_kll
2017-08-07 12:03:09.532411648,0.0422679950969376,0.056598731312276,0,0.969857433808554,0.99564967393878,js_kll
2017-08-14 17:50:42.746228992,0.0452249505647388,0.056598731312276,0,0.9726694628602354,0.9961236425747798,js_kll
2017-08-21 07:36:09.961766656,0.0445195584865165,0.056598731312276,0,0.973317079777868,0.9954568507284136,js_kll
2017-08-28 19:57:39.823730432,0.0431780370392428,0.056598731312276,0,0.9737515143357114,0.9959691165193416,js_kll
2017-09-05 01:55:46.054718208,0.0421678039655972,0.056598731312276,0,0.9687626774847872,0.9957836560567216,js_kll
2017-09-13 14:01:37.723277568,0.0437498077214097,0.056598731312276,0,0.9726250169399648,0.9964311913372632,js_kll
2017-09-22 02:41:11.360974336,0.0429486716675246,0.056598731312276,0,0.9749016415683084,0.996122140708257,js_kll
2017-09-30 17:22:12.757061120,0.0433929382873641,0.056598731312276,0,0.9742261011864176,0.995511478159087,js_kll
2017-10-09 12:10:52.014179840,0.0432634814013968,0.056598731312276,0,0.9719184555150532,0.9964949181523726,js_kll
2017-10-18 05:33:31.071549952,0.0423771172112566,0.056598731312276,0,0.9697627118644068,0.9962838814190412,js_kll
2017-10-26 10:29:49.184672256,0.0467453351145311,0.056598731312276,0,0.9689147182051628,0.9948879845193208,js_kll
2017-11-03 13:32:06.526492928,0.0458525963286788,0.056598731312276,0,0.9691182446160096,0.9957077980938176,js_kll
2017-11-12 11:16:33.610533376,0.0454915448093955,0.056598731312276,0,0.9724425325984676,0.9957261735143615,js_kll
2017-11-22 09:22:30.779576064,0.0451979605711379,0.056598731312276,0,0.9677157908955828,0.995645429134305,js_kll
2017-12-02 00:14:20.750861312,0.0443340670913345,0.056598731312276,0,0.9707673568818516,0.9954670455382516,js_kll
2017-12-10 18:38:30.163156736,0.0460369066653157,0.056598731312276,0,0.9676593451017385,0.9966062113766786,js_kll
2017-12-19 10:11:00.917120000,0.0449378427517116,0.056598731312276,0,0.9671953368578012,0.9954450084977052,js_kll
2017-12-29 04:55:25.730855936,0.0458016801388596,0.056598731312276,0,0.9712776046606152,0.9961194834746752,js_kll
2018-01-07 05:03:58.074396160,0.046835776259519,0.056598731312276,0,0.968060630667208,0.9959592016513176,js_kll
2018-01-13 01:15:01.810510336,0.0459476640170137,0.056598731312276,0,0.9721358041390504,0.9961572174932212,js_kll
2018-01-20 09:23:07.746618368,0.0446075385563907,0.056598731312276,0,0.9742830214083747,0.9965412695809917,js_kll
2018-01-28 08:00:23.843254272,0.0451572110162793,0.056598731312276,0,0.9717659834396634,0.9959328974122644,js_kll
2018-02-05 16:11:44.747650816,0.0451841646017801,0.056598731312276,0,0.9694054776219104,0.9955197725967956,js_kll
2018-02-14 04:34:46.924671744,0.0456457353195658,0.056598731312276,0,0.9728781540952638,0.9967522829056036,js_kll
2018-02-22 06:31:20.301297664,0.0439825802957959,0.056598731312276,0,0.9759491960545872,0.9965246801684146,js_kll
2018-03-02 00:39:40.729383424,0.0451075825216718,0.056598731312276,0,0.9679443459282498,0.995520898869246,js_kll
2018-03-09 23:00:57.028640000,0.0452015555047643,0.056598731312276,0,0.970496684260387,0.9955959799397816,js_kll
2018-03-18 07:01:04.328294144,0.0459512325300865,0.056598731312276,0,0.9755080069977125,0.9969361824159156,js_kll
2018-03-26 00:14:58.361884672,0.044791654561968,0.056598731312276,0,0.9726694628602354,0.9966879703312186,js_kll
2018-04-02 21:40:45.219374592,0.0459672385730472,0.056598731312276,0,0.9690931272875152,0.9959719702861554,js_kll
2018-04-10 13:53:58.238752000,0.0466643230261268,0.056598731312276,0,0.9690498716042708,0.9953859238346554,js_kll
2018-04-18 05:52:30.149701888,0.0438075439888853,0.056598731312276,0,0.9755702523957348,0.997130952215545,js_kll
2018-04-26 08:23:35.867226112,0.0456130726905589,0.056598731312276,0,0.9734453326107574,0.9968284343893812,js_kll
2018-05-04 09:15:51.821802496,0.045164411247053,0.056598731312276,0,0.9745751189666894,0.9969512466018596,js_kll
2018-05-12 21:50:43.518119424,0.045761014459737,0.056598731312276,0,0.9710693524401784,0.9950647520381928,js_kll
2018-05-21 12:17:53.595243520,0.0436690811669925,0.056598731312276,0,0.9689098250336474,0.9958844660502816,js_kll
2018-05-29 22:37:11.426733056,0.0454007186210567,0.056598731312276,0,0.9747830802603036,0.9967097961411028,js_kll
2018-06-07 00:32:46.876511488,0.045726999461906,0.056598731312276,0,0.9691266079891672,0.9961695922638266,js_kll
2018-06-14 14:02:17.009661696,0.0460408912504494,0.056598731312276,0,0.9713517148621386,0.9957839400154544,js_kll
2018-06-22 06:59:06.886837248,0.0454383935664923,0.056598731312276,0,0.9738800920286912,0.9964713986687272,js_kll
2018-06-29 16:42:36.076887296,0.0452656160752866,0.0471949190523918,0,0.9756031075371404,0.9955342530814704,js_kll
2018-07-07 12:49:43.480511488,0.0452387953830873,0.047160305398315,0,0.971390194761585,0.9961315788142198,js_kll
2018-07-15 21:09:54.719060224,0.0463043044932147,0.0472378357230243,0,0.9668613336955044,0.9951747856281422,js_kll
2018-07-25 08:17:45.434097408,0.0451832006616389,0.047237619751316,0,0.970766536440792,0.995847780823082,js_kll
2018-08-01 18:41:05.208256000,0.0468850026756302,0.0473806136777291,0,0.9721061851502492,0.9966802754364842,js_kll
2018-08-08 13:01:39.231343616,0.0452530440140251,0.0473363504739562,0,0.9759739378308674,0.9969737355978576,js_kll
2018-08-15 14:51:17.696300544,0.045916265209871,0.0473682084033609,0,0.9732973701955496,0.996484146345738,js_kll
2018-08-23 01:01:27.213691648,0.0441114421917236,0.0473955606354956,0,0.9749220550359224,0.9964475812699356,js_kll
2018-08-30 21:06:44.884686336,0.0454153569390145,0.0472332664417455,0,0.9712356515867656,0.996684405061541,js_kll
2018-09-08 13:18:56.003451648,0.0433567891713257,0.0473248832665271,0,0.9731335223437289,0.9966561127661664,js_kll
2018-09-17 07:39:59.075442944,0.0451757724570999,0.047322019836927,0,0.968618963884756,0.9958626966431002,js_kll
2018-09-26 03:50:15.335848704,0.0441301196143103,0.0473515864241784,0,0.9749494949494948,0.9971163396488072,js_kll
2018-10-05 07:32:21.802231808,0.0454367365014789,0.0473615314822613,0,0.9723389830508474,0.9969995220535788,js_kll
2018-10-13 18:44:58.700504832,0.045778691832774,0.0473719526741901,0,0.9727090301003344,0.9969405078692458,js_kll
2018-10-21 16:45:27.440193024,0.0447773743513984,0.0473274440477035,0,0.9734477671986054,0.9970424265632728,js_kll
2018-10-29 08:42:23.578923776,0.0446538511235894,0.0473305699371211,0,0.9744629104175112,0.9964196933702334,js_kll
2018-11-06 04:18:43.090291968,0.0460095324499224,0.0473836915447372,0,0.9737379235270104,0.9970263242930292,js_kll
2018-11-14 20:25:18.838155776,0.0450353658109047,0.0473336674443976,0,0.9744421906693712,0.9967541831948612,js_kll
2018-11-23 09:54:35.962477312,0.0466643801281271,0.0474758785010673,0,0.9738811046116176,0.997088312527828,js_kll
2018-12-01 08:47:21.810177536,0.0469057112287122,0.0476044278974298,0,0.9736172492299452,0.9974142202403072,js_kll
2018-12-09 00:42:57.972538368,0.0459388157491601,0.0475150541453039,0,0.9775326247813804,0.9977793933205324,js_kll
2018-12-15 23:21:59.329690368,0.0463274330448287,0.0475231191560426,0,0.973595125253893,0.9968975369044883,js_kll
2018-12-23 11:05:31.167271680,0.0468412250841475,0.0476577346707209,0,0.9774072081764388,0.9976090350557466,js_kll
2018-12-29 17:00:32.257942272,0.046610681072796,0.0477605527597722,0,0.975869506605554,0.997331688743848,js_kll
2019-01-04 13:52:37.531022848,0.0463986257346539,0.047814642707116,0,0.9787899388171312,0.9972237999905712,js_kll
2019-01-10 06:41:21.192833792,0.045806854147784,0.0477185123730735,0,0.9780131384904144,0.9972199223071782,js_kll
2019-01-16 10:38:04.728266752,0.0452666356279925,0.0477175360740554,0,0.9745955341623213,0.9968490101667004,js_kll
2019-01-23 06:52:45.774218752,0.045101943839884,0.0477072083968866,0,0.9759739378308674,0.9972091158355384,js_kll
2019-01-30 17:31:41.145020928,0.0451160117868979,0.0476747298460667,0,0.9788474576271188,0.997886025575489,js_kll
2019-02-07 08:25:49.291846912,0.0468473561055271,0.0477994624182327,0,0.9762962962962964,0.9977198022717834,js_kll
2019-02-16 00:10:19.823346432,0.0447446469662781,0.0478103295422193,0,0.973176978029384,0.9973952665521532,js_kll
2019-02-24 03:28:32.059029760,0.0478507989483625,0.0481126134137352,0,0.9751898047722344,0.9972085035308752,js_kll
2019-03-03 23:26:39.587647232,0.0450440533235961,0.0480669907633201,0,0.97664686825054,0.9967304682601446,js_kll
2019-03-11 23:36:41.152388864,0.0464632834696687,0.0481294599155343,0,0.9731888964116452,0.9968942057790986,js_kll
2019-03-20 03:09:37.201606144,0.04609059951193,0.0480460514165465,0,0.9746027434469644,0.9975200321623346,js_kll
2019-03-28 13:04:36.918506240,0.0471944530830867,0.0482022804961691,0,0.9742274996626636,0.9965933070552636,js_kll
2019-04-06 03:31:12.239665920,0.0462056510260877,0.0482204851485889,0,0.979311283517082,0.9977851458885942,js_kll
2019-04-14 13:17:12.127801088,0.0463131724151826,0.0481942596098524,0,0.9717223650385604,0.9968437129048984,js_kll
2019-04-22 20:24:59.649585152,0.0460453702824643,0.0482117986337433,0,0.9778647590767984,0.9974835671350402,js_kll
2019-04-30 21:09:58.900908032,0.046636913298513,0.0480624961118108,0,0.979694057127386,0.997199819880671,js_kll
2019-05-08 12:33:29.212087808,0.0460446956318866,0.048064502114567,0,0.977509822517274,0.9973049492909704,js_kll
2019-05-15 23:08:27.200681472,0.0460362647116689,0.0479541007284452,0,0.9787694388100068,0.9975537046252196,js_kll
2019-05-23 08:52:22.653012224,0.0461003011474676,0.0479584826506561,0,0.9774598461330812,0.9981649238426784,js_kll
2019-05-30 22:52:33.977469440,0.0463813731488893,0.0479812783352901,0,0.9748206308379586,0.9970015375734812,js_kll
2019-06-07 01:21:35.321539072,0.0470815162871884,0.0480185876801252,0,0.9780234596197924,0.997788728848026,js_kll
2019-06-13 23:08:36.748116224,0.0461103995130075,0.0479398694096342,0,0.97457857531267,0.9970495620931236,js_kll
2019-06-19 21:51:20.566598400,0.0463322352982504,0.047950310309947,0,0.9801028695181376,0.9978177458033574,js_kll
2019-06-25 13:38:20.489797632,0.046218891351507,0.0479072393743908,0,0.9761036857027136,0.996620508220997,js_kll
2019-07-01 04:13:41.139450112,0.0475976177470146,0.0480383438674972,0,0.9776008635811632,0.9977094708283308,js_kll
2019-07-06 15:14:53.627373824,0.0458743069919843,0.0479855430081359,0,0.9786663088689118,0.9972674219848372,js_kll
2019-07-12 01:09:43.613655808,0.0476232258460663,0.0481445202475457,0,0.9760260056887444,0.9974870453426832,js_kll
2019-07-17 12:14:25.262008832,0.046422151012968,0.0481486950193112,0,0.9789103690685412,0.9974053153362448,js_kll
2019-07-23 01:38:22.589190400,0.0465259152633635,0.0481237588711768,0,0.977675551346232,0.9974583604182452,js_kll
2019-07-29 00:02:24.235024128,0.0465557090783644,0.0481199824734131,0,0.9756953821226032,0.9970230760243518,js_kll
2019-08-04 14:57:42.356743168,0.0459909681351712,0.0481094225086382,0,0.9786371011357492,0.9972539251207728,js_kll
2019-08-11 22:40:47.209317632,0.0461935921942882,0.0481109736697791,0,0.9768723947828424,0.997945779605962,js_kll
2019-08-19 12:11:12.264657664,0.0475586586491217,0.0482149909964124,0,0.9727457627118644,0.9971253660746942,js_kll
2019-08-26 12:18:00.631070464,0.0471397019888008,0.0482237907959605,0,0.9799481653253308,0.9981271990925036,js_kll
2019-09-02 23:59:24.102610944,0.0454542718289761,0.0481905117798032,0,0.9741252178576216,0.997159343456792,js_kll
2019-09-11 14:18:50.241135616,0.0485694070320944,0.0484868632770912,1,0.9762840493291776,0.9974481492833196,js_kll
2019-09-20 07:11:53.724405760,0.0475667406482628,0.0484690219564934,0,0.980169971671388,0.9977836137503694,js_kll
2019-09-28 17:43:57.425362688,0.0465690371083882,0.0483313028450383,0,0.9767975178740052,0.9977183395241316,js_kll
2019-10-07 05:47:27.246907904,0.0466739941288157,0.0482484431015338,0,0.979382832502358,0.9982533910097956,js_kll
2019-10-15 03:07:43.260482560,0.0465345416174137,0.0482500329031625,0,0.9765908785147316,0.997192047429757,js_kll
2019-10-23 04:54:55.352891904,0.0487419848082241,0.0485812551265904,1,0.976855003403676,0.9975726748044748,js_kll
2019-10-30 22:03:19.516393216,0.0493298564333305,0.0489853750847492,1,0.9801711258997692,0.9983134204416424,js_kll
2019-11-07 00:53:40.218806016,0.0451857741293156,0.0490475753618006,0,0.97671617824167,0.9977226633863264,js_kll
2019-11-14 13:41:12.079603712,0.0474622718956508,0.0491017183681722,0,0.9788857103936792,0.9976172588855884,js_kll
2019-11-21 23:22:56.785410048,0.0476822499268556,0.049168527627601,0,0.9807196198234894,0.9972779609645056,js_kll
2019-11-30 20:34:38.279047936,0.0466350558357462,0.0491684936399763,0,0.979852249832102,0.9982134065311636,js_kll
2019-12-08 09:25:22.834821632,0.0473173524745863,0.0491944011135267,0,0.982130861211877,0.9983076824902204,js_kll
2019-12-12 18:50:53.435386880,0.048419763465914,0.0493446441211681,0,0.9800404585300068,0.9980180939102798,js_kll
2019-12-16 13:35:06.442365184,0.0487852400532213,0.0495405369695634,0,0.9787321063394684,0.9977508763557238,js_kll
2019-12-21 06:00:31.676440064,0.0479993669324851,0.0496138516530947,0,0.9770971676378912,0.9977103371302892,js_kll
2019-12-26 05:37:55.490231296,0.0464257516182796,0.0496084469956871,0,0.9793149764942914,0.9981033388219184,js_kll
2019-12-30 07:47:43.296733696,0.0474661643438412,0.04962207253809,0,0.983533540288838,0.9986466202721646,js_kll
2020-01-03 16:51:19.239594752,0.048718837118183,0.0497773640217542,0,0.98168001085629,0.997904064422759,js_kll
2020-01-08 01:33:12.531953920,0.0483424787504457,0.0498601365764908,0,0.9805062948422903,0.9980880950380392,js_kll
2020-01-12 15:12:23.531623168,0.048975080548983,0.0500154880363081,0,0.9818845477896444,0.9983810152898812,js_kll
2020-01-17 15:46:46.688024064,0.0473084629002733,0.0499827127722225,0,0.9809742274996628,0.997574729830632,js_kll
2020-01-23 21:51:56.381055744,0.0473666992175911,0.0499709229484189,0,0.9790455590104096,0.997821978792643,js_kll
2020-01-30 19:11:52.586894080,0.0482843561753459,0.0500317689023151,0,0.982368099823681,0.9984064247903502,js_kll
2020-02-06 07:08:13.361990656,0.0470065663849113,0.05002360846124,0,0.980466118819884,0.9984713729849916,js_kll
2020-02-13 01:08:20.600041216,0.047121954608294,0.050016218832945,0,0.980594381869996,0.9985777946335452,js_kll
2020-02-20 04:43:36.799451136,0.04846085753116,0.0500498296031702,0,0.982296064278905,0.997757319264885,js_kll
2020-02-27 11:09:41.174667776,0.047727078334698,0.0500275503174139,0,0.980522115514676,0.9980716062436624,js_kll
2020-03-06 10:01:34.221097216,0.048691003860498,0.0501168777243032,0,0.9771951386043972,0.9981527258877304,js_kll
2020-03-15 17:50:55.387179520,0.0500378679089938,0.0504299833664463,0,0.976470588235294,0.9979705325287408,js_kll
2020-03-31 12:24:21.388140032,0.0486868978179776,0.0503651662782187,0,0.97648330855521,0.9979869100302784,js_kll
2020-04-19 19:09:54.220436480,0.0480508257825336,0.0503260423878107,0,0.9787688609961276,0.9987764275734796,js_kll
2020-05-06 13:02:34.439251200,0.0471153589399123,0.0503271310722593,0,0.9803602871461464,0.9982450183591168,js_kll
2020-05-20 22:14:33.564038144,0.0495445853646675,0.0504830274174905,0,0.9797966101694916,0.9979939286721116,js_kll
2020-06-02 19:01:00.673675008,0.0495727148311771,0.0506266290118957,0,0.980089394555059,0.9982406728621536,js_kll
2020-06-14 12:55:11.777557504,0.0486541462137108,0.0506287441806489,0,0.980803028254698,0.998587369584675,js_kll
2020-06-25 18:31:03.157110528,0.0488936572475505,0.0506432696627838,0,0.9820585457979226,0.9985096238742716,js_kll
2020-07-06 01:42:44.718910208,0.0489755577594536,0.0505995844782843,0,0.9817838348401026,0.9987254640535896,js_kll
2020-07-14 20:10:16.472787968,0.0482550714344455,0.0503372189477389,0,0.9784582034954612,0.9984417456364816,js_kll
2020-07-23 10:45:36.111246080,0.0483031638952171,0.0503441621139009,0,0.9826356171759322,0.9985062115287798,js_kll
2020-08-01 00:21:53.413779712,0.0477076050797297,0.0503438788453104,0,0.980169971671388,0.998430781905718,js_kll
2020-08-09 22:33:36.310064640,0.0491804045940697,0.050355483458195,0,0.985581458024525,0.9986509526896749,js_kll
2020-08-19 11:40:47.998887680,0.0481010252438426,0.0503385604057355,0,0.9791525653174497,0.9983216062683318,js_kll
2020-08-29 07:17:24.744298240,0.0487771034602631,0.0503619658459313,0,0.9801333514763914,0.9986544613580158,js_kll
2020-09-08 13:07:14.854673152,0.0492557253420776,0.050411723072018,0,0.983358138276282,0.9986346322368932,js_kll
2020-09-18 15:46:03.256505856,0.0482506436829073,0.0504156466465681,0,0.982255679526818,0.9981268025393812,js_kll
2020-09-28 20:35:51.413286912,0.0508331295116263,0.0506677429349009,1,0.9847028563692974,0.9985904821521646,js_kll
2020-10-08 21:31:41.572937984,0.0494459616490973,0.0507276807094738,0,0.9835068270920644,0.9983260266776848,js_kll
2020-10-18 16:03:22.807606528,0.0466544199781576,0.0508097531275205,0,0.9822832023444784,0.9985796984753094,js_kll
2020-10-26 21:41:59.190437632,0.0492280475114193,0.0508640189510391,0,0.9807407407407408,0.9984083038512688,js_kll
2020-11-04 17:58:27.908431360,0.0497315156844642,0.0509453730709523,0,0.982989064398542,0.9984378479677632,js_kll
2020-11-13 22:28:31.770108160,0.0501687230385539,0.05108516312127,0,0.9806521445000675,0.9983999238269854,js_kll
2020-11-23 10:16:15.536645632,0.0493506618307406,0.0511047136437316,0,0.9801001759848382,0.9983419121326316,js_kll
2020-12-03 15:59:54.972755200,0.0504682029203655,0.0512997697857927,0,0.9831149533972714,0.998675437306011,js_kll
2020-12-12 11:15:47.909172736,0.0510020390060958,0.0514959630915287,0,0.9847069968872648,0.9990173950610582,js_kll
2020-12-20 03:07:40.230582528,0.0504117189846946,0.0515626860555098,0,0.9819349658771578,0.9985848715980462,js_kll
2020-12-27 19:23:19.554768128,0.0507731926348246,0.0517484561699288,0,0.987362413371382,0.9992794062063745,js_kll
2021-01-03 06:23:17.718913792,0.0508292029165121,0.0518912206618852,0,0.9834521727431724,0.99872027790213,js_kll
2021-01-10 11:48:21.955332096,0.0510523177237057,0.0520877962323225,0,0.986776413439482,0.99910815438574,js_kll
2021-01-18 01:57:13.053986560,0.0492067039931175,0.0520360972886243,0,0.9848263010781312,0.998797277724573,js_kll
2021-01-25 23:09:30.944615936,0.0484379884822847,0.0520397167367968,0,0.9817592217267936,0.998323050846558,js_kll
2021-02-03 12:33:21.853117696,0.0493336880897728,0.0520313546629325,0,0.9845865165527408,0.9986461544188432,js_kll
2021-02-12 09:54:04.417721344,0.0502219179065822,0.051983312502591,0,0.9825779229617532,0.998757891999708,js_kll
2021-02-20 16:35:42.963620352,0.0493838091055678,0.0519765152920372,0,0.982966067324591,0.9985863802728536,js_kll
2021-02-28 05:00:00.566801408,0.051030493271046,0.0521303255689344,0,0.9820585457979226,0.99865716930198,js_kll
2021-03-07 21:11:20.962432768,0.0498675515780399,0.052156245895622,0,0.983461073013312,0.999011677835454,js_kll
2021-03-15 20:44:33.816502528,0.0493426357158123,0.0521599357806315,0,0.9851210604625996,0.9990411326854578,js_kll
2021-03-23 10:38:54.493573120,0.0523517818916706,0.0525574861645249,0,0.9797761898341648,0.998720500733767,js_kll
2021-03-31 06:58:45.219431936,0.0510429077530304,0.0526576473144779,0,0.9842466675642924,0.9990547629519408,js_kll
2021-04-08 13:38:17.877173504,0.0520559489104181,0.0529000512937599,0,0.9812881355932204,0.9983652303142312,js_kll
2021-04-16 05:42:19.725994240,0.0516816043991637,0.0529911064233884,0,0.9821597513177456,0.9988658938950524,js_kll
2021-04-23 19:16:04.996834304,0.0521210556248251,0.0532228776990678,0,0.9844489519945908,0.9991844221743872,js_kll
2021-05-01 18:30:03.026884352,0.0517301943799954,0.0533062636568238,0,0.9856817877693028,0.9992198973780494,js_kll
2021-05-10 01:02:27.782891008,0.0539507186852581,0.0538458995893322,1,0.9814291481631006,0.9987078284062388,js_kll
2021-05-19 04:00:54.178891776,0.0532740728092308,0.054184647512918,0,0.9838512688288776,0.9988911648996066,js_kll
2021-05-28 06:59:56.814934272,0.0523460351817851,0.0542727550879793,0,0.9836375929682216,0.9986718477503638,js_kll
2021-06-06 08:10:03.114930688,0.0541675512379813,0.0547196652966507,0,0.9856698661619576,0.9988180313288908,js_kll
2021-06-15 02:51:55.451059200,0.0546403892329437,0.0552199175590267,0,0.9836198727494246,0.9989317270543058,js_kll
2021-06-24 11:51:15.571951104,0.0533497235311501,0.0551202144724229,0,0.9836905243294244,0.998774483764801,js_kll
2021-07-03 00:41:20.139074560,0.054742666333884,0.0555279781442104,0,0.9860904794058069,0.9990300582352372,js_kll
2021-07-11 03:42:50.439658240,0.0557218988890626,0.0561085388622536,0,0.9858280469699016,0.9991130667709556,js_kll
2021-07-19 19:34:35.039692288,0.0560536250640855,0.0566962867431356,0,0.9818845477896444,0.9987777719953944,js_kll
2021-07-29 01:51:02.608172544,0.0583606976528246,0.0577077120290873,1,0.9821549276733812,0.9990594832895136,js_kll
2021-08-07 10:51:27.352369408,0.0569824963577244,0.0583027633488221,0,0.9834216605517054,0.9991277648510354,js_kll
2021-08-17 12:38:25.298760960,0.0572477033732009,0.0588900731202167,0,0.9831955549532456,0.9989466507167266,js_kll
2021-08-28 02:15:10.444094976,0.0571871924162943,0.059391561244807,0,0.9830531271015468,0.9989072023665696,js_kll
2021-09-08 08:23:55.827413248,0.0586343739413849,0.0601110873595572,0,0.9854073773814348,0.9992764860304276,js_kll
2021-09-20 02:09:24.517992448,0.0602057998584538,0.0610657370197162,0,0.9833674164962508,0.998948198652258,js_kll
2021-10-02 09:07:14.140529664,0.0593245076356649,0.0617384534345352,0,0.9829094334544476,0.999314443202496,js_kll
2021-10-14 09:53:58.433844224,0.0607915874080287,0.0625066195012367,0,0.9858829917198316,0.9993252146922252,js_kll
2021-10-26 06:50:48.638631424,0.0617903604898523,0.0632794359702656,0,0.9847654683950288,0.999173959024674,js_kll
2021-11-07 02:07:38.964423168,0.0618978075271354,0.0640156859583263,0,0.9858509634820104,0.9991854951229406,js_kll
2021-11-20 03:43:54.708039424,0.2798455609771345,0.1637367719421606,1,0.7079028579095666,0.6543381694877807,js_kll
2021-12-04 16:27:34.629209856,0.2942311516679934,0.2155269988711932,1,0.692888948859803,0.6129756944534697,js_kll
2021-12-16 15:25:29.038531328,0.2983972528556609,0.2557989574922288,1,0.7032074705643524,0.6299999447588833,js_kll
2021-12-28 07:33:53.691827456,0.3027512477665144,0.2901089975373976,1,0.7241004752206381,0.6089595442639874,js_kll
2022-01-07 23:29:55.343080448,0.3020740071018347,0.3193393207088459,0,0.7182964871829649,0.6022975152928747,js_kll
2022-01-19 00:01:43.121507840,0.3066362957857685,0.3459372074670052,0,0.7134336451131896,0.614395176029269,js_kll
2022-02-01 02:08:39.386309376,0.3148234008648592,0.3710900260510025,0,0.6860140788949396,0.6020920195011361,js_kll
2022-02-15 21:24:12.288849152,0.3228379393819089,0.3949895695174628,0,0.6871864406779661,0.5928130371760321,js_kll
2022-03-03 18:56:24.278607872,0.3203132455422166,0.4158962311894274,0,0.6862612916273426,0.6044672765502397,js_kll
2022-03-20 01:26:42.440673792,0.3206162949787695,0.4346878083778306,0,0.7012599918710202,0.6070035843832118,js_kll
2022-04-05 13:17:19.308122880,0.32410491807782,0.452031707899987,0,0.700282752120641,0.5969200415761987,js_kll
2022-04-22 15:56:24.990583552,0.3393759102636633,0.4698662823356084,0,0.6924438393464942,0.5952509771742679,js_kll
2022-05-10 01:49:57.067557120,0.3361357614529077,0.4852116347250518,0,0.6865852020948032,0.5867689699991769,js_kll
2022-05-26 23:41:19.694324992,0.3419192940339912,0.4994789746442363,0,0.692601171821774,0.5862204836690921,js_kll
2022-06-13 19:31:30.953625856,0.3494050643325767,0.5129976987913164,0,0.7063870352716873,0.5999926459072181,js_kll
2022-07-01 05:13:34.188655360,0.3464975695225494,0.5242831209267051,0,0.7135282121006118,0.6122314093367258,js_kll
2022-07-19 07:43:38.707995136,0.3562487949737087,0.5348953869508213,0,0.7150632739148184,0.5904891588394284,js_kll
2022-08-03 21:19:20.825760512,0.3526933255421558,0.5432284356406547,0,0.7179001488296577,0.5890484316325203,js_kll
2022-08-20 21:57:39.515699200,0.3597067965905755,0.5505419526972746,0,0.7087875117749967,0.5876377806366361,js_kll
2022-09-08 12:21:15.658391552,0.356561646631113,0.5554967084127237,0,0.7056106507268034,0.5979556096174928,js_kll
2022-09-29 05:47:21.496285952,0.3570139017580112,0.5586250280650358,0,0.7102526002971769,0.5868182809386289,js_kll
2022-10-17 10:02:33.443390208,0.3754024724922418,0.5614029943292768,0,0.7228915662650602,0.5734394626800947,js_kll
2022-11-03 19:29:27.377822464,0.3708942095645717,0.5611259212587643,0,0.7336480107889414,0.5803756586775455,js_kll
2022-11-22 04:43:40.296791552,0.3765690007083996,0.5585873872037146,0,0.7608194274860941,0.5684594943910825,js_kll
2022-12-12 18:26:22.581661952,0.3706267117777796,0.5523404945565704,0,0.7535525781567195,0.5736545178875823,js_kll
2023-01-01 16:50:34.107695360,0.3781007351951875,0.5431929820829522,0,0.7775238607339696,0.5725183312382702,js_kll
2023-01-21 22:36:39.085148160,0.3644849836414557,0.5276787308949047,0,0.763359806165029,0.5718948551000891,js_kll
2023-02-19 18:52:46.886860032,0.3605048797297895,0.5052895407024683,0,0.7478603450618122,0.5715764019509713,js_kll
2023-03-20 16:48:23.729529344,0.3610899285874234,0.4719431799873577,0,0.7495614626905951,0.5793050523471636,js_kll
2023-05-24 23:45:22.533269760,0.3513131668620486,0.4079872691256163,0,0.7254461335095836,0.5739864479921157,js_kll
2015-01-11 08:09:48.506820096,0.0,23.275714709923015,0,0.9820807702594276,0.9973916716569126,canberra
2015-02-05 05:45:21.200667648,9.50432307730584,23.275714709923015,0,0.9755674232309748,0.9963946645121632,canberra
2015-02-28 16:39:17.016885504,14.30910768792292,23.275714709923015,0,0.9777539533637096,0.9957381803589668,canberra
2015-03-24 08:51:32.283909632,11.808416991731235,23.275714709923015,0,0.9722074468085108,0.99592193589534,canberra
2015-04-19 23:55:22.089075712,12.014978151966227,23.275714709923015,0,0.9747596153846154,0.995621762789683,canberra
2015-05-16 05:23:02.882852864,8.873626409262656,23.275714709923015,0,0.9747910488002156,0.9951544258628652,canberra
2015-06-11 17:01:20.739780864,8.869182787968157,23.275714709923015,0,0.9754207854662036,0.9959718922349832,canberra
2015-07-07 02:48:50.688933888,11.183734727140695,23.275714709923015,0,0.9734143049932524,0.9954411281334216,canberra
2015-07-30 15:34:58.859391744,14.586273964348743,23.275714709923015,0,0.9753201707577376,0.995919278433188,canberra
2015-08-21 15:05:12.752964864,15.17901384891995,23.275714709923015,0,0.9747978436657682,0.9951549073703082,canberra
2015-09-12 21:37:22.907615744,10.99546054823104,23.275714709923015,0,0.9737194958433896,0.9967122383874012,canberra
2015-10-05 21:53:33.587716864,18.615884327444807,23.275714709923015,0,0.9758022093634928,0.9972455237358976,canberra
2015-10-26 04:25:22.448119552,7.174586385800434,23.275714709923015,0,0.9733262203254202,0.9956075193809828,canberra
2015-11-13 17:02:05.369004800,7.81552938409825,23.275714709923015,0,0.9748830995323982,0.996506195164423,canberra
2015-12-02 07:12:01.405064960,9.4451918934791,23.275714709923015,0,0.9764169904863996,0.9966623651246994,canberra
2015-12-22 18:55:59.606276864,14.660325852160964,23.275714709923015,0,0.9703663793103448,0.9960126635069232,canberra
2016-01-10 08:06:09.746892288,15.814842630086885,23.275714709923015,0,0.9744776514149696,0.9959212977336231,canberra
2016-01-21 04:39:16.918586112,9.17240202004014,23.275714709923015,0,0.9752276379217996,0.99565376818614,canberra
2016-02-02 02:58:14.565866496,11.235808641106962,23.275714709923015,0,0.9752,0.9957445729855394,canberra
2016-02-14 18:06:33.121078016,10.650360885224751,23.275714709923015,0,0.976401179941003,0.995136070591376,canberra
2016-02-26 21:17:57.877155840,7.359590120493122,23.275714709923015,0,0.9751923587158398,0.9963266425151,canberra
2016-03-09 07:50:47.186913280,10.534751975253783,23.275714709923015,0,0.9746580852775544,0.9954687573729653,canberra
2016-03-21 19:27:45.574640896,10.910279825863135,23.275714709923015,0,0.9757849920170304,0.9966273167605524,canberra
2016-04-04 14:40:47.423562496,13.56010994627114,23.275714709923015,0,0.973267060720043,0.9954549086588884,canberra
2016-04-19 00:35:56.588087808,12.289839608216871,23.275714709923015,0,0.9734548335974644,0.9953450653822644,canberra
2016-04-29 09:06:52.916020480,14.224033645722798,23.275714709923015,0,0.9729874297940626,0.9952464292989204,canberra
2016-05-10 06:38:48.651970048,17.416787224484626,23.275714709923015,0,0.9717233985526668,0.9952706076965744,canberra
2016-05-21 10:47:31.657382656,11.769771796650534,23.275714709923015,0,0.9773454157782516,0.9959949892631766,canberra
2016-06-01 08:05:10.293080576,12.648504851128338,23.275714709923015,0,0.9722148009617954,0.9954980218562054,canberra
2016-06-11 14:38:48.016489472,14.498534543030653,23.275714709923015,0,0.9751329787234042,0.9958026190877796,canberra
2016-06-22 00:57:55.235603712,13.0845720577112,23.275714709923015,0,0.9765974230870366,0.9960748749469592,canberra
2016-07-02 07:25:22.794145280,16.030365067533328,23.275714709923015,0,0.972730918326427,0.9956982330518912,canberra
2016-07-13 09:27:46.314788096,15.054679085226848,23.275714709923015,0,0.971322849213691,0.9948799666264048,canberra
2016-07-22 03:46:52.547762176,13.594960064731737,23.275714709923015,0,0.970741482965932,0.9943637526262904,canberra
2016-07-31 10:31:14.596140800,15.805701791553211,23.275714709923015,0,0.9704590818363272,0.995318887980376,canberra
2016-08-09 22:13:06.052518912,17.768295706560345,23.275714709923015,0,0.9748763864760124,0.9958252967429676,canberra
2016-08-19 15:46:13.900492800,14.588805994820415,23.275714709923015,0,0.9682962568269616,0.995206116487054,canberra
2016-08-29 05:53:12.757607936,20.362857641366748,23.275714709923015,0,0.9685049833887044,0.9953991244094098,canberra
2016-09-08 09:39:44.793902336,12.203008749715792,23.275714709923015,0,0.974703767807216,0.9964862001306454,canberra
2016-09-18 06:03:33.502058752,15.15884096001114,23.275714709923015,0,0.9721078496480277,0.9957278517704528,canberra
2016-09-27 18:24:40.967160576,12.67296843299894,23.275714709923015,0,0.9707649179014818,0.9951950672651252,canberra
2016-10-07 13:41:23.872992768,15.227927960203957,23.275714709923015,0,0.9700066357000664,0.9951628968859444,canberra
2016-10-17 11:55:33.511858432,15.908304163475751,23.275714709923015,0,0.9749430523917996,0.9965663720648624,canberra
2016-10-27 01:29:41.976607488,12.800725140992247,23.275714709923015,0,0.9677850554738672,0.9948193011232784,canberra
2016-11-05 01:35:03.399676928,14.27790163520372,23.275714709923015,0,0.9741622930964876,0.9961169449653317,canberra
2016-11-14 19:01:10.739316736,15.254345968272728,23.275714709923015,0,0.9724045545880776,0.9951873849013252,canberra
2016-11-25 12:35:37.448248320,19.083938073973115,23.275714709923015,0,0.968562674836819,0.9943729423206012,canberra
2016-12-03 15:52:34.117192704,9.65295427061314,23.275714709923015,0,0.9703023039019842,0.996177784409808,canberra
2016-12-10 08:59:30.693692160,6.691236148490201,23.275714709923015,0,0.975596746232831,0.9957150348138878,canberra
2016-12-17 08:49:39.525993984,9.57880806099261,23.275714709923015,0,0.9724770642201837,0.9958783696859832,canberra
2016-12-24 06:30:44.857579520,13.059374630255956,23.275714709923015,0,0.9751561046897834,0.9964480545386588,canberra
2016-12-30 03:47:24.421860352,13.294852624133666,23.275714709923015,0,0.9743284372105332,0.9962206664039944,canberra
2017-01-04 22:16:38.277375232,13.844913759851757,23.275714709923015,0,0.975886151008038,0.996317702279957,canberra
2017-01-10 20:56:48.223647488,7.957404687116538,23.275714709923015,0,0.9739478957915833,0.9955256790360728,canberra
2017-01-17 04:59:38.757997568,9.448094989334878,23.275714709923015,0,0.9745683308794004,0.9961872896245488,canberra
2017-01-24 02:28:52.148750848,15.454858008236434,23.275714709923015,0,0.9761999206664024,0.9960563049754436,canberra
2017-01-31 17:37:25.901447424,10.51097372974304,23.275714709923015,0,0.9717093903572852,0.9956585327842812,canberra
2017-02-08 10:39:14.659304192,9.058432017102351,23.275714709923015,0,0.9747387911651898,0.996188022503812,canberra
2017-02-16 13:19:43.407748864,10.642648782705647,23.275714709923015,0,0.9743486973947896,0.9962613055846748,canberra
2017-02-25 01:31:15.515959808,9.24846630356859,23.275714709923015,0,0.968474977013004,0.9943666800059094,canberra
2017-03-04 23:00:53.579133440,11.184699605627523,23.275714709923015,0,0.9748658201335252,0.9957494156392072,canberra
2017-03-12 14:57:13.493110272,8.612142566063701,23.275714709923015,0,0.9720401337792642,0.9944768508040088,canberra
2017-03-19 07:30:07.155601920,14.033765080880976,23.275714709923015,0,0.9744358940915612,0.99639635234845,canberra
2017-03-26 15:48:53.983547904,8.351360209731428,23.275714709923015,0,0.9734642430675337,0.9961268857027954,canberra
2017-04-03 09:24:18.020380928,17.418629744778883,23.275714709923015,0,0.970960436925536,0.995292120370584,canberra
2017-04-11 11:19:21.909979904,14.505454286502449,23.275714709923015,0,0.9703951774949764,0.995716189898255,canberra
2017-04-19 13:38:16.158673664,12.58524798625917,23.275714709923015,0,0.9681595983617388,0.9956322506718136,canberra
2017-04-27 04:32:28.451162880,13.505228559674112,23.275714709923015,0,0.9730232558139534,0.9964345856056284,canberra
2017-05-05 05:58:39.392567040,15.320300204336204,23.275714709923015,0,0.9718928999600372,0.9957892869085724,canberra
2017-05-14 04:22:32.892679424,14.655237892576398,23.275714709923015,0,0.9721961047683008,0.9960161450779934,canberra
2017-05-21 19:24:48.956270336,18.765672976976077,23.275714709923015,0,0.970059093893631,0.9952534884661072,canberra
2017-05-29 21:29:31.905385472,16.597775524565378,23.275714709923015,0,0.970867299211546,0.9957772404447194,canberra
2017-06-06 21:26:11.897116160,17.3946072093057,23.275714709923015,0,0.9696969696969696,0.9947705264957052,canberra
2017-06-14 20:46:07.987727104,23.426586027260015,23.275714709923015,0,0.9715977924350518,0.9959514671553268,canberra
2017-06-22 20:00:49.528886016,14.695626942946898,23.275714709923015,0,0.9706871050154632,0.9954542495519124,canberra
2017-07-01 09:36:16.053435904,23.67239181594782,23.275714709923015,0,0.9682281059063136,0.9946955789197292,canberra
2017-07-12 14:58:14.009790208,22.835384448929656,23.275714709923015,0,0.95874079035499,0.9932898510072632,canberra
2017-07-19 05:59:53.470542080,16.623386094089003,23.275714709923015,0,0.9781700579436734,0.9969926543554688,canberra
2017-07-24 10:00:41.826860544,15.756090073991576,23.275714709923015,0,0.9705215419501134,0.995800313666868,canberra
2017-07-31 22:57:28.080697088,19.67341427554475,23.275714709923015,0,0.9682453521509023,0.9948123526042432,canberra
2017-08-07 12:03:09.532411648,16.021062387285617,23.275714709923015,0,0.969857433808554,0.99564967393878,canberra
2017-08-14 17:50:42.746228992,17.08315007580765,23.275714709923015,0,0.9726694628602354,0.9961236425747798,canberra
2017-08-21 07:36:09.961766656,13.62310931809242,23.275714709923015,0,0.973317079777868,0.9954568507284136,canberra
2017-08-28 19:57:39.823730432,18.76888612482742,23.275714709923015,0,0.9737515143357114,0.9959691165193416,canberra
2017-09-05 01:55:46.054718208,18.282655316150933,23.275714709923015,0,0.9687626774847872,0.9957836560567216,canberra
2017-09-13 14:01:37.723277568,14.633827470569136,23.275714709923015,0,0.9726250169399648,0.9964311913372632,canberra
2017-09-22 02:41:11.360974336,12.39847371864848,23.275714709923015,0,0.9749016415683084,0.996122140708257,canberra
2017-09-30 17:22:12.757061120,12.210558924647906,23.275714709923015,0,0.9742261011864176,0.995511478159087,canberra
2017-10-09 12:10:52.014179840,22.82385367442464,23.275714709923015,0,0.9719184555150532,0.9964949181523726,canberra
2017-10-18 05:33:31.071549952,18.842358087575732,23.275714709923015,0,0.9697627118644068,0.9962838814190412,canberra
2017-10-26 10:29:49.184672256,14.15884276078778,23.275714709923015,0,0.9689147182051628,0.9948879845193208,canberra
2017-11-03 13:32:06.526492928,16.870972291186142,23.275714709923015,0,0.9691182446160096,0.9957077980938176,canberra
2017-11-12 11:16:33.610533376,11.571013325712798,23.275714709923015,0,0.9724425325984676,0.9957261735143615,canberra
2017-11-22 09:22:30.779576064,20.48343746101954,23.275714709923015,0,0.9677157908955828,0.995645429134305,canberra
2017-12-02 00:14:20.750861312,11.5076810570142,23.275714709923015,0,0.9707673568818516,0.9954670455382516,canberra
2017-12-10 18:38:30.163156736,14.777190496739529,23.275714709923015,0,0.9676593451017385,0.9966062113766786,canberra
2017-12-19 10:11:00.917120000,16.89500650886608,23.275714709923015,0,0.9671953368578012,0.9954450084977052,canberra
2017-12-29 04:55:25.730855936,12.126900820652416,23.275714709923015,0,0.9712776046606152,0.9961194834746752,canberra
2018-01-07 05:03:58.074396160,12.40711206047306,23.275714709923015,0,0.968060630667208,0.9959592016513176,canberra
2018-01-13 01:15:01.810510336,12.625228349765306,23.275714709923015,0,0.9721358041390504,0.9961572174932212,canberra
2018-01-20 09:23:07.746618368,10.56384381987208,23.275714709923015,0,0.9742830214083747,0.9965412695809917,canberra
2018-01-28 08:00:23.843254272,11.758037562039249,23.275714709923015,0,0.9717659834396634,0.9959328974122644,canberra
2018-02-05 16:11:44.747650816,15.527674391843822,23.275714709923015,0,0.9694054776219104,0.9955197725967956,canberra
2018-02-14 04:34:46.924671744,12.40686514608031,23.275714709923015,0,0.9728781540952638,0.9967522829056036,canberra
2018-02-22 06:31:20.301297664,15.965208809742972,23.275714709923015,0,0.9759491960545872,0.9965246801684146,canberra
2018-03-02 00:39:40.729383424,16.522713608991232,23.275714709923015,0,0.9679443459282498,0.995520898869246,canberra
2018-03-09 23:00:57.028640000,12.397884157068692,23.275714709923015,0,0.970496684260387,0.9955959799397816,canberra
2018-03-18 07:01:04.328294144,25.45751391760072,23.275714709923015,1,0.9755080069977125,0.9969361824159156,canberra
2018-03-26 00:14:58.361884672,14.343203714422062,23.275714709923015,0,0.9726694628602354,0.9966879703312186,canberra
2018-04-02 21:40:45.219374592,13.879449201725318,23.275714709923015,0,0.9690931272875152,0.9959719702861554,canberra
2018-04-10 13:53:58.238752000,18.61033041882979,23.275714709923015,0,0.9690498716042708,0.9953859238346554,canberra
2018-04-18 05:52:30.149701888,18.14677495129465,23.275714709923015,0,0.9755702523957348,0.997130952215545,canberra
2018-04-26 08:23:35.867226112,16.531359089916428,23.275714709923015,0,0.9734453326107574,0.9968284343893812,canberra
2018-05-04 09:15:51.821802496,23.85175101681831,23.275714709923015,1,0.9745751189666894,0.9969512466018596,canberra
2018-05-12 21:50:43.518119424,20.389812073026754,23.275714709923015,0,0.9710693524401784,0.9950647520381928,canberra
2018-05-21 12:17:53.595243520,17.162616328322393,23.275714709923015,0,0.9689098250336474,0.9958844660502816,canberra
2018-05-29 22:37:11.426733056,22.252620998896944,23.275714709923015,0,0.9747830802603036,0.9967097961411028,canberra
2018-06-07 00:32:46.876511488,15.967022286614242,23.275714709923015,0,0.9691266079891672,0.9961695922638266,canberra
2018-06-14 14:02:17.009661696,14.943408682953866,23.275714709923015,0,0.9713517148621386,0.9957839400154544,canberra
2018-06-22 06:59:06.886837248,12.52428977831524,23.275714709923015,0,0.9738800920286912,0.9964713986687272,canberra
2018-06-29 16:42:36.076887296,15.79410301504737,25.141464085984023,0,0.9756031075371404,0.9955342530814704,canberra
2018-07-07 12:49:43.480511488,16.429542261174,25.118380846540312,0,0.971390194761585,0.9961315788142198,canberra
2018-07-15 21:09:54.719060224,18.35482008236334,25.20029072969117,0,0.9668613336955044,0.9951747856281422,canberra
2018-07-25 08:17:45.434097408,16.119065817221326,24.8186355136132,0,0.970766536440792,0.995847780823082,canberra
2018-08-01 18:41:05.208256000,20.423680127885355,25.10387466235124,0,0.9721061851502492,0.9966802754364842,canberra
2018-08-08 13:01:39.231343616,15.64506493434668,25.113042008672327,0,0.9759739378308674,0.9969737355978576,canberra
2018-08-15 14:51:17.696300544,14.953914727589996,25.05940136047028,0,0.9732973701955496,0.996484146345738,canberra
2018-08-23 01:01:27.213691648,13.661459314007145,24.99271088084185,0,0.9749220550359224,0.9964475812699356,canberra
2018-08-30 21:06:44.884686336,17.351100593988086,24.993329517519776,0,0.9712356515867656,0.996684405061541,canberra
2018-09-08 13:18:56.003451648,15.933465570099516,24.932194324146092,0,0.9731335223437289,0.9966561127661664,canberra
2018-09-17 07:39:59.075442944,16.748003249624272,24.683567561739338,0,0.968618963884756,0.9958626966431002,canberra
2018-09-26 03:50:15.335848704,19.09739070691534,24.66382919155803,0,0.9749494949494948,0.9971163396488072,canberra
2018-10-05 07:32:21.802231808,22.59976852592358,25.276800177177748,0,0.9723389830508474,0.9969995220535788,canberra
2018-10-13 18:44:58.700504832,18.02865210859127,25.167003736489285,0,0.9727090301003344,0.9969405078692458,canberra
2018-10-21 16:45:27.440193024,14.530681902070386,25.19757877857555,0,0.9734477671986054,0.9970424265632728,canberra
2018-10-29 08:42:23.578923776,15.922157424437708,25.194246548357988,0,0.9744629104175112,0.9964196933702334,canberra
2018-11-06 04:18:43.090291968,14.97665554636268,25.030623645984495,0,0.9737379235270104,0.9970263242930292,canberra
2018-11-14 20:25:18.838155776,16.786724331115124,23.757911009156537,0,0.9744421906693712,0.9967541831948612,canberra
2018-11-23 09:54:35.962477312,17.13951681323394,23.730738647949735,0,0.9738811046116176,0.997088312527828,canberra
2018-12-01 08:47:21.810177536,17.78693067071662,23.68644558413419,0,0.9736172492299452,0.9974142202403072,canberra
2018-12-09 00:42:57.972538368,14.08299885865464,23.662049407062742,0,0.9775326247813804,0.9977793933205324,canberra
2018-12-15 23:21:59.329690368,17.520927363995305,23.62705451297035,0,0.973595125253893,0.9968975369044883,canberra
2018-12-23 11:05:31.167271680,18.690317579589347,23.73057785308503,0,0.9774072081764388,0.9976090350557466,canberra
2018-12-29 17:00:32.257942272,22.779140586648698,23.48145403342728,0,0.975869506605554,0.997331688743848,canberra
2019-01-04 13:52:37.531022848,20.432164901785136,23.48740553066041,0,0.9787899388171312,0.9972237999905712,canberra
2019-01-10 06:41:21.192833792,20.663574021923655,23.796976821748625,0,0.9780131384904144,0.9972199223071782,canberra
2019-01-16 10:38:04.728266752,16.573288051955444,23.18874641484041,0,0.9745955341623213,0.9968490101667004,canberra
2019-01-23 06:52:45.774218752,20.069137082330357,23.44573198128741,0,0.9759739378308674,0.9972091158355384,canberra
2019-01-30 17:31:41.145020928,16.978679977244568,23.424994907198112,0,0.9788474576271188,0.997886025575489,canberra
2019-02-07 08:25:49.291846912,17.86506767454846,23.19408367041726,0,0.9762962962962964,0.9977198022717834,canberra
2019-02-16 00:10:19.823346432,18.560493837864502,23.25266031006604,0,0.973176978029384,0.9973952665521532,canberra
2019-02-24 03:28:32.059029760,21.666520940930265,23.690084262320045,0,0.9751898047722344,0.9972085035308752,canberra
2019-03-03 23:26:39.587647232,18.165117503245177,23.68023293244109,0,0.97664686825054,0.9967304682601446,canberra
2019-03-11 23:36:41.152388864,19.479210898020423,23.79436275895721,0,0.9731888964116452,0.9968942057790986,canberra
2019-03-20 03:09:37.201606144,22.03929300560595,24.03553439459171,0,0.9746027434469644,0.9975200321623346,canberra
2019-03-28 13:04:36.918506240,17.26315598574487,24.008634516339058,0,0.9742274996626636,0.9965933070552636,canberra
2019-04-06 03:31:12.239665920,22.4776361917389,24.424054935787613,0,0.979311283517082,0.9977851458885942,canberra
2019-04-14 13:17:12.127801088,21.671248236105768,24.51086987832447,0,0.9717223650385604,0.9968437129048984,canberra
2019-04-22 20:24:59.649585152,19.097404339770883,24.552968699560687,0,0.9778647590767984,0.9974835671350402,canberra
2019-04-30 21:09:58.900908032,17.60491435605115,24.505067256079663,0,0.979694057127386,0.997199819880671,canberra
2019-05-08 12:33:29.212087808,22.888523914696997,24.950710290852356,0,0.977509822517274,0.9973049492909704,canberra
2019-05-15 23:08:27.200681472,18.52659976130996,24.930907774509823,0,0.9787694388100068,0.9975537046252196,canberra
2019-05-23 08:52:22.653012224,21.152260856778103,24.727299935687224,0,0.9774598461330812,0.9981649238426784,canberra
2019-05-30 22:52:33.977469440,21.50248048411082,24.96152174612584,0,0.9748206308379586,0.9970015375734812,canberra
2019-06-07 01:21:35.321539072,26.96147738479203,26.059615805870177,1,0.9780234596197924,0.997788728848026,canberra
2019-06-13 23:08:36.748116224,23.862595030859115,26.448390292812512,0,0.97457857531267,0.9970495620931236,canberra
2019-06-19 21:51:20.566598400,20.07986708611601,26.294476621368265,0,0.9801028695181376,0.9978177458033574,canberra
2019-06-25 13:38:20.489797632,23.937801286717956,26.65869813971716,0,0.9761036857027136,0.996620508220997,canberra
2019-07-01 04:13:41.139450112,18.802229070148428,26.61190979110008,0,0.9776008635811632,0.9977094708283308,canberra
2019-07-06 15:14:53.627373824,22.13035746224749,26.744897876254257,0,0.9786663088689118,0.9972674219848372,canberra
2019-07-12 01:09:43.613655808,18.809271398413955,26.319658843671828,0,0.9760260056887444,0.9974870453426832,canberra
2019-07-17 12:14:25.262008832,20.57811661345617,26.28553615942756,0,0.9789103690685412,0.9974053153362448,canberra
2019-07-23 01:38:22.589190400,21.10238563213541,26.321479853064027,0,0.977675551346232,0.9974583604182452,canberra
2019-07-29 00:02:24.235024128,20.86656005630156,26.16199637430982,0,0.9756953821226032,0.9970230760243518,canberra
2019-08-04 14:57:42.356743168,21.19345839345084,26.198539912370546,0,0.9786371011357492,0.9972539251207728,canberra
2019-08-11 22:40:47.209317632,24.253456445405973,26.568944990228715,0,0.9768723947828424,0.997945779605962,canberra
2019-08-19 12:11:12.264657664,24.58249711457469,26.809792958994674,0,0.9727457627118644,0.9971253660746942,canberra
2019-08-26 12:18:00.631070464,21.288938716890065,26.844232897323753,0,0.9799481653253308,0.9981271990925036,canberra
2019-09-02 23:59:24.102610944,20.365691759986273,26.68871990284642,0,0.9741252178576216,0.997159343456792,canberra
2019-09-11 14:18:50.241135616,21.129503596035494,26.61463550404125,0,0.9762840493291776,0.9974481492833196,canberra
2019-09-20 07:11:53.724405760,23.405853871432143,26.745936228823787,0,0.980169971671388,0.9977836137503694,canberra
2019-09-28 17:43:57.425362688,23.20592641825256,26.86549228981871,0,0.9767975178740052,0.9977183395241316,canberra
2019-10-07 05:47:27.246907904,22.94327446047347,26.879158086215256,0,0.979382832502358,0.9982533910097956,canberra
2019-10-15 03:07:43.260482560,24.53897411885152,27.14095555113228,0,0.9765908785147316,0.997192047429757,canberra
2019-10-23 04:54:55.352891904,26.209530357699023,27.65163494135317,0,0.976855003403676,0.9975726748044748,canberra
2019-10-30 22:03:19.516393216,25.026325289713437,27.706248030132222,0,0.9801711258997692,0.9983134204416424,canberra
2019-11-07 00:53:40.218806016,24.930976229787515,27.93471845238207,0,0.97671617824167,0.9977226633863264,canberra
2019-11-14 13:41:12.079603712,18.637298165684797,28.033783115282045,0,0.9788857103936792,0.9976172588855884,canberra
2019-11-21 23:22:56.785410048,20.98324036462138,27.96670995829734,0,0.9807196198234894,0.9972779609645056,canberra
2019-11-30 20:34:38.279047936,17.89089019058885,27.932714188505983,0,0.979852249832102,0.9982134065311636,canberra
2019-12-08 09:25:22.834821632,21.072347027828013,27.875320580303537,0,0.982130861211877,0.9983076824902204,canberra
2019-12-12 18:50:53.435386880,19.355902991911673,27.81195074875189,0,0.9800404585300068,0.9980180939102798,canberra
2019-12-16 13:35:06.442365184,23.463554678088016,27.90916206448518,0,0.9787321063394684,0.9977508763557238,canberra
2019-12-21 06:00:31.676440064,22.773349992690463,27.95211911564133,0,0.9770971676378912,0.9977103371302892,canberra
2019-12-26 05:37:55.490231296,21.473773079693125,27.326387433889597,0,0.9793149764942914,0.9981033388219184,canberra
2019-12-30 07:47:43.296733696,21.399486012079823,27.176017101545447,0,0.983533540288838,0.9986466202721646,canberra
2020-01-03 16:51:19.239594752,26.427596496861774,27.695095160367508,0,0.98168001085629,0.997904064422759,canberra
2020-01-08 01:33:12.531953920,21.825998115356832,27.55957750450225,0,0.9805062948422903,0.9980880950380392,canberra
2020-01-12 15:12:23.531623168,24.248239038895527,27.619342547027387,0,0.9818845477896444,0.9983810152898812,canberra
2020-01-17 15:46:46.688024064,21.91845493963573,27.613712186686097,0,0.9809742274996628,0.997574729830632,canberra
2020-01-23 21:51:56.381055744,18.12336468042694,27.68807930602599,0,0.9790455590104096,0.997821978792643,canberra
2020-01-30 19:11:52.586894080,20.710303848907813,27.68483006069694,0,0.982368099823681,0.9984064247903502,canberra
2020-02-06 07:08:13.361990656,20.54696997726619,27.69449235938457,0,0.980466118819884,0.9984713729849916,canberra
2020-02-13 01:08:20.600041216,19.344035852172084,27.758828123178375,0,0.980594381869996,0.9985777946335452,canberra
2020-02-20 04:43:36.799451136,18.897017624519805,27.851267372826648,0,0.982296064278905,0.997757319264885,canberra
2020-02-27 11:09:41.174667776,21.406214438768032,27.6695865076406,0,0.980522115514676,0.9980716062436624,canberra
2020-03-06 10:01:34.221097216,18.840248087089066,27.505337315533037,0,0.9771951386043972,0.9981527258877304,canberra
2020-03-15 17:50:55.387179520,19.30285813224209,27.540061313502974,0,0.976470588235294,0.9979705325287408,canberra
2020-03-31 12:24:21.388140032,26.982931621534224,28.188268720783043,0,0.97648330855521,0.9979869100302784,canberra
2020-04-19 19:09:54.220436480,28.683201601235645,29.123686708235745,0,0.9787688609961276,0.9987764275734796,canberra
2020-05-06 13:02:34.439251200,29.902785770632025,30.14667599775419,0,0.9803602871461464,0.9982450183591168,canberra
2020-05-20 22:14:33.564038144,33.87890460547386,32.060452364848565,1,0.9797966101694916,0.9979939286721116,canberra
2020-06-02 19:01:00.673675008,28.337139567311464,32.57438824445009,0,0.980089394555059,0.9982406728621536,canberra
2020-06-14 12:55:11.777557504,28.338808593218765,32.981158675614466,0,0.980803028254698,0.998587369584675,canberra
2020-06-25 18:31:03.157110528,28.59837603100807,33.27520515614537,0,0.9820585457979226,0.9985096238742716,canberra
2020-07-06 01:42:44.718910208,27.02291594183132,33.45896580687631,0,0.9817838348401026,0.9987254640535896,canberra
2020-07-14 20:10:16.472787968,28.23413801662209,33.790912088889094,0,0.9784582034954612,0.9984417456364816,canberra
2020-07-23 10:45:36.111246080,22.748672334307088,33.70851501161738,0,0.9826356171759322,0.9985062115287798,canberra
2020-08-01 00:21:53.413779712,23.37556916628787,33.725801279261916,0,0.980169971671388,0.998430781905718,canberra
2020-08-09 22:33:36.310064640,25.522454978490792,33.676302872002594,0,0.985581458024525,0.9986509526896749,canberra
2020-08-19 11:40:47.998887680,24.44236879259936,33.71350311873883,0,0.9791525653174497,0.9983216062683318,canberra
2020-08-29 07:17:24.744298240,26.111217260225317,33.758312349196494,0,0.9801333514763914,0.9986544613580158,canberra
2020-09-08 13:07:14.854673152,23.20695188257675,33.75394354570926,0,0.983358138276282,0.9986346322368932,canberra
2020-09-18 15:46:03.256505856,24.440388895028683,33.791228526162854,0,0.982255679526818,0.9981268025393812,canberra
2020-09-28 20:35:51.413286912,26.600559950998505,33.940917790171845,0,0.9847028563692974,0.9985904821521646,canberra
2020-10-08 21:31:41.572937984,27.63236387430995,34.161903947040415,0,0.9835068270920644,0.9983260266776848,canberra
2020-10-18 16:03:22.807606528,24.59344412888662,34.06027434768231,0,0.9822832023444784,0.9985796984753094,canberra
2020-10-26 21:41:59.190437632,28.894267867616666,34.4150631071048,0,0.9807407407407408,0.9984083038512688,canberra
2020-11-04 17:58:27.908431360,26.513960174385492,34.52196788589091,0,0.982989064398542,0.9984378479677632,canberra
2020-11-13 22:28:31.770108160,25.11093664330665,34.538596593673134,0,0.9806521445000675,0.9983999238269854,canberra
2020-11-23 10:16:15.536645632,25.976900052667105,34.285530753156195,0,0.9801001759848382,0.9983419121326316,canberra
2020-12-03 15:59:54.972755200,26.09121362365652,34.237910715854866,0,0.9831149533972714,0.998675437306011,canberra
2020-12-12 11:15:47.909172736,28.330692512704893,34.311767751806705,0,0.9847069968872648,0.9990173950610582,canberra
2020-12-20 03:07:40.230582528,25.26099906833734,34.018879249386735,0,0.9819349658771578,0.9985848715980462,canberra
2020-12-27 19:23:19.554768128,22.730747229676368,33.64437873526023,0,0.987362413371382,0.9992794062063745,canberra
2021-01-03 06:23:17.718913792,23.62924649304244,33.51089035440039,0,0.9834521727431724,0.99872027790213,canberra
2021-01-10 11:48:21.955332096,23.958717640516184,32.9895566088047,0,0.986776413439482,0.99910815438574,canberra
2021-01-18 01:57:13.053986560,27.53203259023311,32.502747393759584,0,0.9848263010781312,0.998797277724573,canberra
2021-01-25 23:09:30.944615936,23.364957638148734,32.52774741055013,0,0.9817592217267936,0.998323050846558,canberra
2021-02-03 12:33:21.853117696,26.890762450033662,32.37647193377211,0,0.9845865165527408,0.9986461544188432,canberra
2021-02-12 09:54:04.417721344,26.667237560082206,32.03373615538782,0,0.9825779229617532,0.998757891999708,canberra
2021-02-20 16:35:42.963620352,26.400468594591946,30.568425825925843,0,0.982966067324591,0.9985863802728536,canberra
2021-02-28 05:00:00.566801408,27.731863698792814,30.489742627976582,0,0.9820585457979226,0.99865716930198,canberra
2021-03-07 21:11:20.962432768,28.81481012019985,30.56322786104451,0,0.983461073013312,0.999011677835454,canberra
2021-03-15 20:44:33.816502528,28.557209284321004,30.55691205273091,0,0.9851210604625996,0.9990411326854578,canberra
2021-03-23 10:38:54.493573120,33.53283098146639,31.88564798998245,1,0.9797761898341648,0.998720500733767,canberra
2021-03-31 06:58:45.219431936,33.28873138291807,32.8347265905968,1,0.9842466675642924,0.9990547629519408,canberra
2021-04-08 13:38:17.877173504,36.47081325803829,34.53119291640018,1,0.9812881355932204,0.9983652303142312,canberra
2021-04-16 05:42:19.725994240,36.02825038097437,35.837430397031135,1,0.9821597513177456,0.9988658938950524,canberra
2021-04-23 19:16:04.996834304,36.396190100917366,37.10021258596016,0,0.9844489519945908,0.9991844221743872,canberra
2021-05-01 18:30:03.026884352,42.18379428721899,39.6207512378058,1,0.9856817877693028,0.9992198973780494,canberra
2021-05-10 01:02:27.782891008,39.870785852537075,41.1864212164332,0,0.9814291481631006,0.9987078284062388,canberra
2021-05-19 04:00:54.178891776,39.13845308094693,42.32075491840821,0,0.9838512688288776,0.9988911648996066,canberra
2021-05-28 06:59:56.814934272,39.88352352406882,43.50350861292099,0,0.9836375929682216,0.9986718477503638,canberra
2021-06-06 08:10:03.114930688,43.191846147548524,45.252619785731206,0,0.9856698661619576,0.9988180313288908,canberra
2021-06-15 02:51:55.451059200,39.33753722922653,46.14084521270411,0,0.9836198727494246,0.9989317270543058,canberra
2021-06-24 11:51:15.571951104,39.63951705083721,46.905468588313504,0,0.9836905243294244,0.998774483764801,canberra
2021-07-03 00:41:20.139074560,41.63222582126376,47.98646067854028,0,0.9860904794058069,0.9990300582352372,canberra
2021-07-11 03:42:50.439658240,42.27003574682002,49.03169136246433,0,0.9858280469699016,0.9991130667709556,canberra
2021-07-19 19:34:35.039692288,41.97384432833455,49.85255007299662,0,0.9818845477896444,0.9987777719953944,canberra
2021-07-29 01:51:02.608172544,46.41135087092503,51.32650816651517,0,0.9821549276733812,0.9990594832895136,canberra
2021-08-07 10:51:27.352369408,45.861155838474346,52.525437426717104,0,0.9834216605517054,0.9991277648510354,canberra
2021-08-17 12:38:25.298760960,46.642810458238976,53.79639306238192,0,0.9831955549532456,0.9989466507167266,canberra
2021-08-28 02:15:10.444094976,47.69356154760097,54.92651980540624,0,0.9830531271015468,0.9989072023665696,canberra
2021-09-08 08:23:55.827413248,44.13371682571501,55.13891375216654,0,0.9854073773814348,0.9992764860304276,canberra
2021-09-20 02:09:24.517992448,54.8686524156057,57.09463501150458,0,0.9833674164962508,0.998948198652258,canberra
2021-10-02 09:07:14.140529664,51.2915533877848,58.05029145366326,0,0.9829094334544476,0.999314443202496,canberra
2021-10-14 09:53:58.433844224,51.236862523707714,59.10034079189133,0,0.9858829917198316,0.9993252146922252,canberra
2021-10-26 06:50:48.638631424,57.01926795259676,60.53535367531817,0,0.9847654683950288,0.999173959024674,canberra
2021-11-07 02:07:38.964423168,52.32632850800624,61.21595445058192,0,0.9858509634820104,0.9991854951229406,canberra
2021-11-20 03:43:54.708039424,98.46301667539984,75.33153081295723,1,0.7079028579095666,0.6543381694877807,canberra
2021-12-04 16:27:34.629209856,99.83705269213031,85.7264097587879,1,0.692888948859803,0.6129756944534697,canberra
2021-12-16 15:25:29.038531328,99.5329930897757,93.98449679923932,1,0.7032074705643524,0.6299999447588833,canberra
2021-12-28 07:33:53.691827456,96.7818178298796,100.2979771339667,0,0.7241004752206381,0.6089595442639874,canberra
2022-01-07 23:29:55.343080448,98.35449639975262,106.0229343490524,0,0.7182964871829649,0.6022975152928747,canberra
2022-01-19 00:01:43.121507840,98.44188762613332,111.23229417889269,0,0.7134336451131896,0.614395176029269,canberra
2022-02-01 02:08:39.386309376,105.64787319480882,117.15707380630612,0,0.6860140788949396,0.6020920195011361,canberra
2022-02-15 21:24:12.288849152,106.602732512847,122.64293098726326,0,0.6871864406779661,0.5928130371760321,canberra
2022-03-03 18:56:24.278607872,103.6235028312276,126.9296880053473,0,0.6862612916273426,0.6044672765502397,canberra
2022-03-20 01:26:42.440673792,106.2731814244132,131.12710010798,0,0.7012599918710202,0.6070035843832118,canberra
2022-04-05 13:17:19.308122880,106.5959487732904,135.11050695632616,0,0.700282752120641,0.5969200415761987,canberra
2022-04-22 15:56:24.990583552,108.01213150425392,138.73821313215552,0,0.6924438393464942,0.5952509771742679,canberra
2022-05-10 01:49:57.067557120,110.61247714168464,142.22595869037258,0,0.6865852020948032,0.5867689699991769,canberra
2022-05-26 23:41:19.694324992,109.91340376822144,145.15530072009773,0,0.692601171821774,0.5862204836690921,canberra
2022-06-13 19:31:30.953625856,109.87205314504476,147.81642660237702,0,0.7063870352716873,0.5999926459072181,canberra
2022-07-01 05:13:34.188655360,109.03876185423825,149.66989941249182,0,0.7135282121006118,0.6122314093367258,canberra
2022-07-19 07:43:38.707995136,112.44629848172364,151.49216074688675,0,0.7150632739148184,0.5904891588394284,canberra
2022-08-03 21:19:20.825760512,111.27450378542768,152.8267961465952,0,0.7179001488296577,0.5890484316325203,canberra
2022-08-20 21:57:39.515699200,111.01344748387667,153.69200119401864,0,0.7087875117749967,0.5876377806366361,canberra
2022-09-08 12:21:15.658391552,112.77559470098592,154.20245722971416,0,0.7056106507268034,0.5979556096174928,canberra
2022-09-29 05:47:21.496285952,111.21159469339749,154.45357362616323,0,0.7102526002971769,0.5868182809386289,canberra
2022-10-17 10:02:33.443390208,120.17716476470464,155.13328441122155,0,0.7228915662650602,0.5734394626800947,canberra
2022-11-03 19:29:27.377822464,115.47928942997116,154.6980689874219,0,0.7336480107889414,0.5803756586775455,canberra
2022-11-22 04:43:40.296791552,114.42185138657734,153.60773411063718,0,0.7608194274860941,0.5684594943910825,canberra
2022-12-12 18:26:22.581661952,112.25123050272184,150.917673159993,0,0.7535525781567195,0.5736545178875823,canberra
2023-01-01 16:50:34.107695360,111.80722602686764,149.02894605699754,0,0.7775238607339696,0.5725183312382702,canberra
2023-01-21 22:36:39.085148160,107.05862504322673,145.26592258469407,0,0.763359806165029,0.5718948551000891,canberra
2023-02-19 18:52:46.886860032,107.75452999159126,140.07259543472998,0,0.7478603450618122,0.5715764019509713,canberra
2023-03-20 16:48:23.729529344,108.68254658592424,134.3898183476978,0,0.7495614626905951,0.5793050523471636,canberra
2023-05-24 23:45:22.533269760,104.29394782615788,121.65777389098218,0,0.7254461335095836,0.5739864479921157,canberra
2015-01-11 08:09:48.506820096,0.0,0.0034118752787691,0,0.9820807702594276,0.9973916716569126,wasserstein_kll
2015-02-05 05:45:21.200667648,0.0026276330605422,0.0034118752787691,0,0.9755674232309748,0.9963946645121632,wasserstein_kll
2015-02-28 16:39:17.016885504,0.0029277096103239,0.0034118752787691,0,0.9777539533637096,0.9957381803589668,wasserstein_kll
2015-03-24 08:51:32.283909632,0.0026875314355768,0.0034118752787691,0,0.9722074468085108,0.99592193589534,wasserstein_kll
2015-04-19 23:55:22.089075712,0.0026836109310072,0.0034118752787691,0,0.9747596153846154,0.995621762789683,wasserstein_kll
2015-05-16 05:23:02.882852864,0.002475607441035,0.0034118752787691,0,0.9747910488002156,0.9951544258628652,wasserstein_kll
2015-06-11 17:01:20.739780864,0.0023383607012962,0.0034118752787691,0,0.9754207854662036,0.9959718922349832,wasserstein_kll
2015-07-07 02:48:50.688933888,0.0026995958981823,0.0034118752787691,0,0.9734143049932524,0.9954411281334216,wasserstein_kll
2015-07-30 15:34:58.859391744,0.00266941705467,0.0034118752787691,0,0.9753201707577376,0.995919278433188,wasserstein_kll
2015-08-21 15:05:12.752964864,0.0027263357978294,0.0034118752787691,0,0.9747978436657682,0.9951549073703082,wasserstein_kll
2015-09-12 21:37:22.907615744,0.0024273435717471,0.0034118752787691,0,0.9737194958433896,0.9967122383874012,wasserstein_kll
2015-10-05 21:53:33.587716864,0.002898376574843,0.0034118752787691,0,0.9758022093634928,0.9972455237358976,wasserstein_kll
2015-10-26 04:25:22.448119552,0.0025199700221148,0.0034118752787691,0,0.9733262203254202,0.9956075193809828,wasserstein_kll
2015-11-13 17:02:05.369004800,0.00259219443921,0.0034118752787691,0,0.9748830995323982,0.996506195164423,wasserstein_kll
2015-12-02 07:12:01.405064960,0.0026280421880061,0.0034118752787691,0,0.9764169904863996,0.9966623651246994,wasserstein_kll
2015-12-22 18:55:59.606276864,0.0029690988344642,0.0034118752787691,0,0.9703663793103448,0.9960126635069232,wasserstein_kll
2016-01-10 08:06:09.746892288,0.0028561397717853,0.0034118752787691,0,0.9744776514149696,0.9959212977336231,wasserstein_kll
2016-01-21 04:39:16.918586112,0.0026568421780108,0.0034118752787691,0,0.9752276379217996,0.99565376818614,wasserstein_kll
2016-02-02 02:58:14.565866496,0.0025194622337853,0.0034118752787691,0,0.9752,0.9957445729855394,wasserstein_kll
2016-02-14 18:06:33.121078016,0.0025164917908147,0.0034118752787691,0,0.976401179941003,0.995136070591376,wasserstein_kll
2016-02-26 21:17:57.877155840,0.0023537427146652,0.0034118752787691,0,0.9751923587158398,0.9963266425151,wasserstein_kll
2016-03-09 07:50:47.186913280,0.0025841270910546,0.0034118752787691,0,0.9746580852775544,0.9954687573729653,wasserstein_kll
2016-03-21 19:27:45.574640896,0.0026978725764909,0.0034118752787691,0,0.9757849920170304,0.9966273167605524,wasserstein_kll
2016-04-04 14:40:47.423562496,0.0027997131651529,0.0034118752787691,0,0.973267060720043,0.9954549086588884,wasserstein_kll
2016-04-19 00:35:56.588087808,0.0026772475193765,0.0034118752787691,0,0.9734548335974644,0.9953450653822644,wasserstein_kll
2016-04-29 09:06:52.916020480,0.0026667296543628,0.0034118752787691,0,0.9729874297940626,0.9952464292989204,wasserstein_kll
2016-05-10 06:38:48.651970048,0.0027189575706443,0.0034118752787691,0,0.9717233985526668,0.9952706076965744,wasserstein_kll
2016-05-21 10:47:31.657382656,0.0025899965409024,0.0034118752787691,0,0.9773454157782516,0.9959949892631766,wasserstein_kll
2016-06-01 08:05:10.293080576,0.0027925933700548,0.0034118752787691,0,0.9722148009617954,0.9954980218562054,wasserstein_kll
2016-06-11 14:38:48.016489472,0.0029628287518254,0.0034118752787691,0,0.9751329787234042,0.9958026190877796,wasserstein_kll
2016-06-22 00:57:55.235603712,0.003004257535974,0.0034118752787691,0,0.9765974230870366,0.9960748749469592,wasserstein_kll
2016-07-02 07:25:22.794145280,0.0029266242996761,0.0034118752787691,0,0.972730918326427,0.9956982330518912,wasserstein_kll
2016-07-13 09:27:46.314788096,0.0028240123675947,0.0034118752787691,0,0.971322849213691,0.9948799666264048,wasserstein_kll
2016-07-22 03:46:52.547762176,0.0028506848402488,0.0034118752787691,0,0.970741482965932,0.9943637526262904,wasserstein_kll
2016-07-31 10:31:14.596140800,0.0030488307783635,0.0034118752787691,0,0.9704590818363272,0.995318887980376,wasserstein_kll
2016-08-09 22:13:06.052518912,0.0028991337262554,0.0034118752787691,0,0.9748763864760124,0.9958252967429676,wasserstein_kll
2016-08-19 15:46:13.900492800,0.0026868476264758,0.0034118752787691,0,0.9682962568269616,0.995206116487054,wasserstein_kll
2016-08-29 05:53:12.757607936,0.0031446399633509,0.0034118752787691,0,0.9685049833887044,0.9953991244094098,wasserstein_kll
2016-09-08 09:39:44.793902336,0.0026029142379222,0.0034118752787691,0,0.974703767807216,0.9964862001306454,wasserstein_kll
2016-09-18 06:03:33.502058752,0.0027154201426776,0.0034118752787691,0,0.9721078496480277,0.9957278517704528,wasserstein_kll
2016-09-27 18:24:40.967160576,0.0024329505701709,0.0034118752787691,0,0.9707649179014818,0.9951950672651252,wasserstein_kll
2016-10-07 13:41:23.872992768,0.0025934596943516,0.0034118752787691,0,0.9700066357000664,0.9951628968859444,wasserstein_kll
2016-10-17 11:55:33.511858432,0.0027343953459786,0.0034118752787691,0,0.9749430523917996,0.9965663720648624,wasserstein_kll
2016-10-27 01:29:41.976607488,0.0027936460470994,0.0034118752787691,0,0.9677850554738672,0.9948193011232784,wasserstein_kll
2016-11-05 01:35:03.399676928,0.0027130345426947,0.0034118752787691,0,0.9741622930964876,0.9961169449653317,wasserstein_kll
2016-11-14 19:01:10.739316736,0.0026624544302572,0.0034118752787691,0,0.9724045545880776,0.9951873849013252,wasserstein_kll
2016-11-25 12:35:37.448248320,0.0028718022174392,0.0034118752787691,0,0.968562674836819,0.9943729423206012,wasserstein_kll
2016-12-03 15:52:34.117192704,0.0025701311968951,0.0034118752787691,0,0.9703023039019842,0.996177784409808,wasserstein_kll
2016-12-10 08:59:30.693692160,0.0025651706256893,0.0034118752787691,0,0.975596746232831,0.9957150348138878,wasserstein_kll
2016-12-17 08:49:39.525993984,0.002623889267868,0.0034118752787691,0,0.9724770642201837,0.9958783696859832,wasserstein_kll
2016-12-24 06:30:44.857579520,0.0029301698019701,0.0034118752787691,0,0.9751561046897834,0.9964480545386588,wasserstein_kll
2016-12-30 03:47:24.421860352,0.0028214623190478,0.0034118752787691,0,0.9743284372105332,0.9962206664039944,wasserstein_kll
2017-01-04 22:16:38.277375232,0.0028176461545309,0.0034118752787691,0,0.975886151008038,0.996317702279957,wasserstein_kll
2017-01-10 20:56:48.223647488,0.0025540136355449,0.0034118752787691,0,0.9739478957915833,0.9955256790360728,wasserstein_kll
2017-01-17 04:59:38.757997568,0.0024927422638684,0.0034118752787691,0,0.9745683308794004,0.9961872896245488,wasserstein_kll
2017-01-24 02:28:52.148750848,0.0025939064884293,0.0034118752787691,0,0.9761999206664024,0.9960563049754436,wasserstein_kll
2017-01-31 17:37:25.901447424,0.0026091008104128,0.0034118752787691,0,0.9717093903572852,0.9956585327842812,wasserstein_kll
2017-02-08 10:39:14.659304192,0.0026296561539777,0.0034118752787691,0,0.9747387911651898,0.996188022503812,wasserstein_kll
2017-02-16 13:19:43.407748864,0.002599081193962,0.0034118752787691,0,0.9743486973947896,0.9962613055846748,wasserstein_kll
2017-02-25 01:31:15.515959808,0.0026553277086614,0.0034118752787691,0,0.968474977013004,0.9943666800059094,wasserstein_kll
2017-03-04 23:00:53.579133440,0.0026491473361897,0.0034118752787691,0,0.9748658201335252,0.9957494156392072,wasserstein_kll
2017-03-12 14:57:13.493110272,0.0025264009503538,0.0034118752787691,0,0.9720401337792642,0.9944768508040088,wasserstein_kll
2017-03-19 07:30:07.155601920,0.0027032370232562,0.0034118752787691,0,0.9744358940915612,0.99639635234845,wasserstein_kll
2017-03-26 15:48:53.983547904,0.0025400451485917,0.0034118752787691,0,0.9734642430675337,0.9961268857027954,wasserstein_kll
2017-04-03 09:24:18.020380928,0.0030781077041443,0.0034118752787691,0,0.970960436925536,0.995292120370584,wasserstein_kll
2017-04-11 11:19:21.909979904,0.0027432015527659,0.0034118752787691,0,0.9703951774949764,0.995716189898255,wasserstein_kll
2017-04-19 13:38:16.158673664,0.0027468237647416,0.0034118752787691,0,0.9681595983617388,0.9956322506718136,wasserstein_kll
2017-04-27 04:32:28.451162880,0.0029728761206166,0.0034118752787691,0,0.9730232558139534,0.9964345856056284,wasserstein_kll
2017-05-05 05:58:39.392567040,0.002757483179605,0.0034118752787691,0,0.9718928999600372,0.9957892869085724,wasserstein_kll
2017-05-14 04:22:32.892679424,0.0026424952478873,0.0034118752787691,0,0.9721961047683008,0.9960161450779934,wasserstein_kll
2017-05-21 19:24:48.956270336,0.0030012970510205,0.0034118752787691,0,0.970059093893631,0.9952534884661072,wasserstein_kll
2017-05-29 21:29:31.905385472,0.0030513145935835,0.0034118752787691,0,0.970867299211546,0.9957772404447194,wasserstein_kll
2017-06-06 21:26:11.897116160,0.0033201792317526,0.0034118752787691,0,0.9696969696969696,0.9947705264957052,wasserstein_kll
2017-06-14 20:46:07.987727104,0.0035406867389254,0.0034118752787691,0,0.9715977924350518,0.9959514671553268,wasserstein_kll
2017-06-22 20:00:49.528886016,0.0029090044632132,0.0034118752787691,0,0.9706871050154632,0.9954542495519124,wasserstein_kll
2017-07-01 09:36:16.053435904,0.003532873931088,0.0034118752787691,0,0.9682281059063136,0.9946955789197292,wasserstein_kll
2017-07-12 14:58:14.009790208,0.0037206676955304,0.0034118752787691,0,0.95874079035499,0.9932898510072632,wasserstein_kll
2017-07-19 05:59:53.470542080,0.0028671524164974,0.0034118752787691,0,0.9781700579436734,0.9969926543554688,wasserstein_kll
2017-07-24 10:00:41.826860544,0.0030651984801382,0.0034118752787691,0,0.9705215419501134,0.995800313666868,wasserstein_kll
2017-07-31 22:57:28.080697088,0.0029442826494377,0.0034118752787691,0,0.9682453521509023,0.9948123526042432,wasserstein_kll
2017-08-07 12:03:09.532411648,0.0029978506927993,0.0034118752787691,0,0.969857433808554,0.99564967393878,wasserstein_kll
2017-08-14 17:50:42.746228992,0.0028341650557978,0.0034118752787691,0,0.9726694628602354,0.9961236425747798,wasserstein_kll
2017-08-21 07:36:09.961766656,0.0025939302339998,0.0034118752787691,0,0.973317079777868,0.9954568507284136,wasserstein_kll
2017-08-28 19:57:39.823730432,0.0028116834199943,0.0034118752787691,0,0.9737515143357114,0.9959691165193416,wasserstein_kll
2017-09-05 01:55:46.054718208,0.0030099213326241,0.0034118752787691,0,0.9687626774847872,0.9957836560567216,wasserstein_kll
2017-09-13 14:01:37.723277568,0.002720256828732,0.0034118752787691,0,0.9726250169399648,0.9964311913372632,wasserstein_kll
2017-09-22 02:41:11.360974336,0.0027133455623666,0.0034118752787691,0,0.9749016415683084,0.996122140708257,wasserstein_kll
2017-09-30 17:22:12.757061120,0.0026818067069628,0.0034118752787691,0,0.9742261011864176,0.995511478159087,wasserstein_kll
2017-10-09 12:10:52.014179840,0.0034555054598542,0.0034118752787691,0,0.9719184555150532,0.9964949181523726,wasserstein_kll
2017-10-18 05:33:31.071549952,0.0031024425422958,0.0034118752787691,0,0.9697627118644068,0.9962838814190412,wasserstein_kll
2017-10-26 10:29:49.184672256,0.0029056141553242,0.0034118752787691,0,0.9689147182051628,0.9948879845193208,wasserstein_kll
2017-11-03 13:32:06.526492928,0.0031623277051911,0.0034118752787691,0,0.9691182446160096,0.9957077980938176,wasserstein_kll
2017-11-12 11:16:33.610533376,0.0027838535352733,0.0034118752787691,0,0.9724425325984676,0.9957261735143615,wasserstein_kll
2017-11-22 09:22:30.779576064,0.0034180078465975,0.0034118752787691,1,0.9677157908955828,0.995645429134305,wasserstein_kll
2017-12-02 00:14:20.750861312,0.0028169934129896,0.0034118752787691,0,0.9707673568818516,0.9954670455382516,wasserstein_kll
2017-12-10 18:38:30.163156736,0.0031862306584746,0.0034118752787691,0,0.9676593451017385,0.9966062113766786,wasserstein_kll
2017-12-19 10:11:00.917120000,0.003064119315983,0.0034118752787691,0,0.9671953368578012,0.9954450084977052,wasserstein_kll
2017-12-29 04:55:25.730855936,0.0029393327241483,0.0034118752787691,0,0.9712776046606152,0.9961194834746752,wasserstein_kll
2018-01-07 05:03:58.074396160,0.0027519003650089,0.0034118752787691,0,0.968060630667208,0.9959592016513176,wasserstein_kll
2018-01-13 01:15:01.810510336,0.0027584463899777,0.0034118752787691,0,0.9721358041390504,0.9961572174932212,wasserstein_kll
2018-01-20 09:23:07.746618368,0.0025382108341019,0.0034118752787691,0,0.9742830214083747,0.9965412695809917,wasserstein_kll
2018-01-28 08:00:23.843254272,0.0027280992816534,0.0034118752787691,0,0.9717659834396634,0.9959328974122644,wasserstein_kll
2018-02-05 16:11:44.747650816,0.0030169119771863,0.0034118752787691,0,0.9694054776219104,0.9955197725967956,wasserstein_kll
2018-02-14 04:34:46.924671744,0.0028368208725293,0.0034118752787691,0,0.9728781540952638,0.9967522829056036,wasserstein_kll
2018-02-22 06:31:20.301297664,0.0027755464786018,0.0034118752787691,0,0.9759491960545872,0.9965246801684146,wasserstein_kll
2018-03-02 00:39:40.729383424,0.0029569537697389,0.0034118752787691,0,0.9679443459282498,0.995520898869246,wasserstein_kll
2018-03-09 23:00:57.028640000,0.0028850711421369,0.0034118752787691,0,0.970496684260387,0.9955959799397816,wasserstein_kll
2018-03-18 07:01:04.328294144,0.0033483620494152,0.0034118752787691,0,0.9755080069977125,0.9969361824159156,wasserstein_kll
2018-03-26 00:14:58.361884672,0.0027121765323315,0.0034118752787691,0,0.9726694628602354,0.9966879703312186,wasserstein_kll
2018-04-02 21:40:45.219374592,0.0028119861283152,0.0034118752787691,0,0.9690931272875152,0.9959719702861554,wasserstein_kll
2018-04-10 13:53:58.238752000,0.0031652845374058,0.0034118752787691,0,0.9690498716042708,0.9953859238346554,wasserstein_kll
2018-04-18 05:52:30.149701888,0.0028660473137659,0.0034118752787691,0,0.9755702523957348,0.997130952215545,wasserstein_kll
2018-04-26 08:23:35.867226112,0.0031008332522226,0.0034118752787691,0,0.9734453326107574,0.9968284343893812,wasserstein_kll
2018-05-04 09:15:51.821802496,0.003377347838016,0.0034118752787691,0,0.9745751189666894,0.9969512466018596,wasserstein_kll
2018-05-12 21:50:43.518119424,0.0032163204321537,0.0034118752787691,0,0.9710693524401784,0.9950647520381928,wasserstein_kll
2018-05-21 12:17:53.595243520,0.0030593212634068,0.0034118752787691,0,0.9689098250336474,0.9958844660502816,wasserstein_kll
2018-05-29 22:37:11.426733056,0.0032648062589847,0.0034118752787691,0,0.9747830802603036,0.9967097961411028,wasserstein_kll
2018-06-07 00:32:46.876511488,0.0032441806752314,0.0034118752787691,0,0.9691266079891672,0.9961695922638266,wasserstein_kll
2018-06-14 14:02:17.009661696,0.0029074913624741,0.0034118752787691,0,0.9713517148621386,0.9957839400154544,wasserstein_kll
2018-06-22 06:59:06.886837248,0.0026444720965658,0.0034118752787691,0,0.9738800920286912,0.9964713986687272,wasserstein_kll
2018-06-29 16:42:36.076887296,0.0028217713927095,0.003546392318847,0,0.9756031075371404,0.9955342530814704,wasserstein_kll
2018-07-07 12:49:43.480511488,0.0031476810794004,0.0035449296958545,0,0.971390194761585,0.9961315788142198,wasserstein_kll
2018-07-15 21:09:54.719060224,0.0033678808474339,0.0035841395612942,0,0.9668613336955044,0.9951747856281422,wasserstein_kll
2018-07-25 08:17:45.434097408,0.0033502849317619,0.0035724278436138,0,0.970766536440792,0.995847780823082,wasserstein_kll
2018-08-01 18:41:05.208256000,0.0035531323746731,0.0036434800921163,0,0.9721061851502492,0.9966802754364842,wasserstein_kll
2018-08-08 13:01:39.231343616,0.0030370918965494,0.0036335140963287,0,0.9759739378308674,0.9969737355978576,wasserstein_kll
2018-08-15 14:51:17.696300544,0.0029338784179758,0.0036294804794381,0,0.9732973701955496,0.996484146345738,wasserstein_kll
2018-08-23 01:01:27.213691648,0.0030159536871809,0.0036313309737454,0,0.9749220550359224,0.9964475812699356,wasserstein_kll
2018-08-30 21:06:44.884686336,0.0031204696713031,0.0036341524469249,0,0.9712356515867656,0.996684405061541,wasserstein_kll
2018-09-08 13:18:56.003451648,0.0032598871076403,0.0036478121229419,0,0.9731335223437289,0.9966561127661664,wasserstein_kll
2018-09-17 07:39:59.075442944,0.0032769954261018,0.0036361252231849,0,0.968618963884756,0.9958626966431002,wasserstein_kll
2018-09-26 03:50:15.335848704,0.0033190907871871,0.0036458295862787,0,0.9749494949494948,0.9971163396488072,wasserstein_kll
2018-10-05 07:32:21.802231808,0.0032803985903727,0.0036608298250503,0,0.9723389830508474,0.9969995220535788,wasserstein_kll
2018-10-13 18:44:58.700504832,0.0030900995007595,0.0036572186036062,0,0.9727090301003344,0.9969405078692458,wasserstein_kll
2018-10-21 16:45:27.440193024,0.0030926166178979,0.0036475861006964,0,0.9734477671986054,0.9970424265632728,wasserstein_kll
2018-10-29 08:42:23.578923776,0.0032177952875474,0.0036538026190156,0,0.9744629104175112,0.9964196933702334,wasserstein_kll
2018-11-06 04:18:43.090291968,0.003072056949406,0.0036497292579505,0,0.9737379235270104,0.9970263242930292,wasserstein_kll
2018-11-14 20:25:18.838155776,0.0032692752138625,0.0036411967071183,0,0.9744421906693712,0.9967541831948612,wasserstein_kll
2018-11-23 09:54:35.962477312,0.0033539068755643,0.0036369416272809,0,0.9738811046116176,0.997088312527828,wasserstein_kll
2018-12-01 08:47:21.810177536,0.0033399534303408,0.0036378128159212,0,0.9736172492299452,0.9974142202403072,wasserstein_kll
2018-12-09 00:42:57.972538368,0.0029907719946256,0.0036378762382897,0,0.9775326247813804,0.9977793933205324,wasserstein_kll
2018-12-15 23:21:59.329690368,0.0031474945683136,0.0036286404173293,0,0.973595125253893,0.9968975369044883,wasserstein_kll
2018-12-23 11:05:31.167271680,0.0033303344911688,0.0036413211937834,0,0.9774072081764388,0.9976090350557466,wasserstein_kll
2018-12-29 17:00:32.257942272,0.0034589045091434,0.0036528516430635,0,0.975869506605554,0.997331688743848,wasserstein_kll
2019-01-04 13:52:37.531022848,0.0032669132578262,0.0036560280101844,0,0.9787899388171312,0.9972237999905712,wasserstein_kll
2019-01-10 06:41:21.192833792,0.0032519663601414,0.0036606070130226,0,0.9780131384904144,0.9972199223071782,wasserstein_kll
2019-01-16 10:38:04.728266752,0.0031553781691199,0.003655483964143,0,0.9745955341623213,0.9968490101667004,wasserstein_kll
2019-01-23 06:52:45.774218752,0.0031819865961134,0.0036524113587229,0,0.9759739378308674,0.9972091158355384,wasserstein_kll
2019-01-30 17:31:41.145020928,0.0031119665605104,0.0036439062905185,0,0.9788474576271188,0.997886025575489,wasserstein_kll
2019-02-07 08:25:49.291846912,0.0035110693632065,0.0036238037825479,0,0.9762962962962964,0.9977198022717834,wasserstein_kll
2019-02-16 00:10:19.823346432,0.0035111893396003,0.0036268550533418,0,0.973176978029384,0.9973952665521532,wasserstein_kll
2019-02-24 03:28:32.059029760,0.0037588958601866,0.0037100085129593,1,0.9751898047722344,0.9972085035308752,wasserstein_kll
2019-03-03 23:26:39.587647232,0.0032180611055615,0.0037021832180469,0,0.97664686825054,0.9967304682601446,wasserstein_kll
2019-03-11 23:36:41.152388864,0.0033580655234404,0.0037028174288665,0,0.9731888964116452,0.9968942057790986,wasserstein_kll
2019-03-20 03:09:37.201606144,0.0037053859139628,0.0037335605040276,0,0.9746027434469644,0.9975200321623346,wasserstein_kll
2019-03-28 13:04:36.918506240,0.003410965723793,0.0037400010164328,0,0.9742274996626636,0.9965933070552636,wasserstein_kll
2019-04-06 03:31:12.239665920,0.0035286817376763,0.0037477007086199,0,0.979311283517082,0.9977851458885942,wasserstein_kll
2019-04-14 13:17:12.127801088,0.0036099693898778,0.0037718252972032,0,0.9717223650385604,0.9968437129048984,wasserstein_kll
2019-04-22 20:24:59.649585152,0.0034860982996243,0.0037824554351332,0,0.9778647590767984,0.9974835671350402,wasserstein_kll
2019-04-30 21:09:58.900908032,0.0032652381984719,0.0037824981582919,0,0.979694057127386,0.997199819880671,wasserstein_kll
2019-05-08 12:33:29.212087808,0.0034785320844383,0.0037942040906221,0,0.977509822517274,0.9973049492909704,wasserstein_kll
2019-05-15 23:08:27.200681472,0.0034229540038973,0.0037996723170301,0,0.9787694388100068,0.9975537046252196,wasserstein_kll
2019-05-23 08:52:22.653012224,0.0035274768094296,0.0038155695480267,0,0.9774598461330812,0.9981649238426784,wasserstein_kll
2019-05-30 22:52:33.977469440,0.0036549312205027,0.0038406655362501,0,0.9748206308379586,0.9970015375734812,wasserstein_kll
2019-06-07 01:21:35.321539072,0.004260862677786,0.0040125854932093,1,0.9780234596197924,0.997788728848026,wasserstein_kll
2019-06-13 23:08:36.748116224,0.00397684450255,0.0040846404036192,0,0.97457857531267,0.9970495620931236,wasserstein_kll
2019-06-19 21:51:20.566598400,0.0035758035387341,0.0040846257935176,0,0.9801028695181376,0.9978177458033574,wasserstein_kll
2019-06-25 13:38:20.489797632,0.0038621913420565,0.0041266254265176,0,0.9761036857027136,0.996620508220997,wasserstein_kll
2019-07-01 04:13:41.139450112,0.0034824148690048,0.0041292645846154,0,0.9776008635811632,0.9977094708283308,wasserstein_kll
2019-07-06 15:14:53.627373824,0.0034569716181892,0.0041307933396703,0,0.9786663088689118,0.9972674219848372,wasserstein_kll
2019-07-12 01:09:43.613655808,0.0033108124617964,0.0041086092535123,0,0.9760260056887444,0.9974870453426832,wasserstein_kll
2019-07-17 12:14:25.262008832,0.0035754977084177,0.0041055016700437,0,0.9789103690685412,0.9974053153362448,wasserstein_kll
2019-07-23 01:38:22.589190400,0.0037063207187571,0.0041208098163702,0,0.977675551346232,0.9974583604182452,wasserstein_kll
2019-07-29 00:02:24.235024128,0.0037127767565652,0.0041359844935241,0,0.9756953821226032,0.9970230760243518,wasserstein_kll
2019-08-04 14:57:42.356743168,0.0035762932154131,0.0041364436394403,0,0.9786371011357492,0.9972539251207728,wasserstein_kll
2019-08-11 22:40:47.209317632,0.0038722519393853,0.0041634445458254,0,0.9768723947828424,0.997945779605962,wasserstein_kll
2019-08-19 12:11:12.264657664,0.0037178429399851,0.0041601173042745,0,0.9727457627118644,0.9971253660746942,wasserstein_kll
2019-08-26 12:18:00.631070464,0.003635770231539,0.0041495039566185,0,0.9799481653253308,0.9981271990925036,wasserstein_kll
2019-09-02 23:59:24.102610944,0.0036926251148274,0.0041287559469399,0,0.9741252178576216,0.997159343456792,wasserstein_kll
2019-09-11 14:18:50.241135616,0.0039411550541995,0.0041634547990161,0,0.9762840493291776,0.9974481492833196,wasserstein_kll
2019-09-20 07:11:53.724405760,0.0039357132982395,0.0041943810465881,0,0.980169971671388,0.9977836137503694,wasserstein_kll
2019-09-28 17:43:57.425362688,0.0038352294376794,0.0042016969299263,0,0.9767975178740052,0.9977183395241316,wasserstein_kll
2019-10-07 05:47:27.246907904,0.003856271894651,0.0041993899125814,0,0.979382832502358,0.9982533910097956,wasserstein_kll
2019-10-15 03:07:43.260482560,0.0037929909986369,0.004200679361332,0,0.9765908785147316,0.997192047429757,wasserstein_kll
2019-10-23 04:54:55.352891904,0.0042479202948513,0.0042794480043967,0,0.976855003403676,0.9975726748044748,wasserstein_kll
2019-10-30 22:03:19.516393216,0.0036675056427935,0.0042748896335595,0,0.9801711258997692,0.9983134204416424,wasserstein_kll
2019-11-07 00:53:40.218806016,0.0036071489729275,0.004274084819252,0,0.97671617824167,0.9977226633863264,wasserstein_kll
2019-11-14 13:41:12.079603712,0.003679119692955,0.0042751995085885,0,0.9788857103936792,0.9976172588855884,wasserstein_kll
2019-11-21 23:22:56.785410048,0.0035549137305993,0.004273176309664,0,0.9807196198234894,0.9972779609645056,wasserstein_kll
2019-11-30 20:34:38.279047936,0.0037264799309966,0.004252826738972,0,0.979852249832102,0.9982134065311636,wasserstein_kll
2019-12-08 09:25:22.834821632,0.0038723626916783,0.0042594637126201,0,0.982130861211877,0.9983076824902204,wasserstein_kll
2019-12-12 18:50:53.435386880,0.0037036586322015,0.0042503576884546,0,0.9800404585300068,0.9980180939102798,wasserstein_kll
2019-12-16 13:35:06.442365184,0.0039437006854518,0.0042633433132977,0,0.9787321063394684,0.9977508763557238,wasserstein_kll
2019-12-21 06:00:31.676440064,0.003694260337855,0.0042634788551075,0,0.9770971676378912,0.9977103371302892,wasserstein_kll
2019-12-26 05:37:55.490231296,0.003912671611289,0.0042009114637302,0,0.9793149764942914,0.9981033388219184,wasserstein_kll
2019-12-30 07:47:43.296733696,0.0038923102972802,0.0041904884356638,0,0.983533540288838,0.9986466202721646,wasserstein_kll
2020-01-03 16:51:19.239594752,0.0042402380281977,0.0042595016340888,0,0.98168001085629,0.997904064422759,wasserstein_kll
2020-01-08 01:33:12.531953920,0.0039621179182113,0.0042691560079436,0,0.9805062948422903,0.9980880950380392,wasserstein_kll
2020-01-12 15:12:23.531623168,0.0042095282995382,0.0043148672139736,0,0.9818845477896444,0.9983810152898812,wasserstein_kll
2020-01-17 15:46:46.688024064,0.0039895290505831,0.0043177612577346,0,0.9809742274996628,0.997574729830632,wasserstein_kll
2020-01-23 21:51:56.381055744,0.0036953907845762,0.0042806983781008,0,0.9790455590104096,0.997821978792643,wasserstein_kll
2020-01-30 19:11:52.586894080,0.0037984110008613,0.0042748003903813,0,0.982368099823681,0.9984064247903502,wasserstein_kll
2020-02-06 07:08:13.361990656,0.003883042892606,0.0042781872718991,0,0.980466118819884,0.9984713729849916,wasserstein_kll
2020-02-13 01:08:20.600041216,0.0038136155524584,0.0042784186734937,0,0.980594381869996,0.9985777946335452,wasserstein_kll
2020-02-20 04:43:36.799451136,0.0037799870863709,0.0042700451344864,0,0.982296064278905,0.997757319264885,wasserstein_kll
2020-02-27 11:09:41.174667776,0.0038163993773676,0.0042680000705779,0,0.980522115514676,0.9980716062436624,wasserstein_kll
2020-03-06 10:01:34.221097216,0.0037371968453903,0.0042676214929814,0,0.9771951386043972,0.9981527258877304,wasserstein_kll
2020-03-15 17:50:55.387179520,0.0039754449685629,0.0042727672553663,0,0.976470588235294,0.9979705325287408,wasserstein_kll
2020-03-31 12:24:21.388140032,0.0043873107399798,0.0043533832375891,1,0.97648330855521,0.9979869100302784,wasserstein_kll
2020-04-19 19:09:54.220436480,0.0045146215134472,0.0044519238049578,1,0.9787688609961276,0.9987764275734796,wasserstein_kll
2020-05-06 13:02:34.439251200,0.0045108599145722,0.0045362600878483,0,0.9803602871461464,0.9982450183591168,wasserstein_kll
2020-05-20 22:14:33.564038144,0.0051194630350532,0.0047800519640451,1,0.9797966101694916,0.9979939286721116,wasserstein_kll
2020-06-02 19:01:00.673675008,0.0043898734562032,0.0048192463037917,0,0.980089394555059,0.9982406728621536,wasserstein_kll
2020-06-14 12:55:11.777557504,0.0045145407665025,0.0048730891819085,0,0.980803028254698,0.998587369584675,wasserstein_kll
2020-06-25 18:31:03.157110528,0.0045108228165049,0.0049052551983424,0,0.9820585457979226,0.9985096238742716,wasserstein_kll
2020-07-06 01:42:44.718910208,0.0044706599942523,0.0049416751334239,0,0.9817838348401026,0.9987254640535896,wasserstein_kll
2020-07-14 20:10:16.472787968,0.0043855861831309,0.0049592586180691,0,0.9784582034954612,0.9984417456364816,wasserstein_kll
2020-07-23 10:45:36.111246080,0.0037623136311757,0.0049555446848201,0,0.9826356171759322,0.9985062115287798,wasserstein_kll
2020-08-01 00:21:53.413779712,0.0040787793473608,0.0049419418722485,0,0.980169971671388,0.998430781905718,wasserstein_kll
2020-08-09 22:33:36.310064640,0.0042051375119093,0.0049441307488281,0,0.985581458024525,0.9986509526896749,wasserstein_kll
2020-08-19 11:40:47.998887680,0.0042181797119964,0.0049511786861186,0,0.9791525653174497,0.9983216062683318,wasserstein_kll
2020-08-29 07:17:24.744298240,0.0040643128530922,0.0049429280869738,0,0.9801333514763914,0.9986544613580158,wasserstein_kll
2020-09-08 13:07:14.854673152,0.0040511876034925,0.0049432493820922,0,0.983358138276282,0.9986346322368932,wasserstein_kll
2020-09-18 15:46:03.256505856,0.0041800613812812,0.0049357093863753,0,0.982255679526818,0.9981268025393812,wasserstein_kll
2020-09-28 20:35:51.413286912,0.0043833591591697,0.0049519524672653,0,0.9847028563692974,0.9985904821521646,wasserstein_kll
2020-10-08 21:31:41.572937984,0.0044205643433995,0.0049690508410107,0,0.9835068270920644,0.9983260266776848,wasserstein_kll
2020-10-18 16:03:22.807606528,0.0039525374917585,0.0049645215328316,0,0.9822832023444784,0.9985796984753094,wasserstein_kll
2020-10-26 21:41:59.190437632,0.0043592321529336,0.0049772134179239,0,0.9807407407407408,0.9984083038512688,wasserstein_kll
2020-11-04 17:58:27.908431360,0.0045018866781506,0.0050003396357603,0,0.982989064398542,0.9984378479677632,wasserstein_kll
2020-11-13 22:28:31.770108160,0.0043161041043435,0.0050083116719141,0,0.9806521445000675,0.9983999238269854,wasserstein_kll
2020-11-23 10:16:15.536645632,0.0042428204192076,0.0049932419329509,0,0.9801001759848382,0.9983419121326316,wasserstein_kll
2020-12-03 15:59:54.972755200,0.0044454850522835,0.0049973173112536,0,0.9831149533972714,0.998675437306011,wasserstein_kll
2020-12-12 11:15:47.909172736,0.0046796923995354,0.0050314448987731,0,0.9847069968872648,0.9990173950610582,wasserstein_kll
2020-12-20 03:07:40.230582528,0.0044718423054042,0.0050303280452728,0,0.9819349658771578,0.9985848715980462,wasserstein_kll
2020-12-27 19:23:19.554768128,0.0043124644099037,0.0050109814650873,0,0.987362413371382,0.9992794062063745,wasserstein_kll
2021-01-03 06:23:17.718913792,0.0046384727999065,0.0050174883476506,0,0.9834521727431724,0.99872027790213,wasserstein_kll
2021-01-10 11:48:21.955332096,0.0045070544177627,0.0049906825378112,0,0.986776413439482,0.99910815438574,wasserstein_kll
2021-01-18 01:57:13.053986560,0.0045009320151722,0.0049867562753426,0,0.9848263010781312,0.998797277724573,wasserstein_kll
2021-01-25 23:09:30.944615936,0.0041427021546574,0.0049868732535824,0,0.9817592217267936,0.998323050846558,wasserstein_kll
2021-02-03 12:33:21.853117696,0.0044543957136413,0.004982376187134,0,0.9845865165527408,0.9986461544188432,wasserstein_kll
2021-02-12 09:54:04.417721344,0.0046494293862638,0.0049970272549082,0,0.9825779229617532,0.998757891999708,wasserstein_kll
2021-02-20 16:35:42.963620352,0.0046604179062119,0.0048952057344863,0,0.982966067324591,0.9985863802728536,wasserstein_kll
2021-02-28 05:00:00.566801408,0.0047920946375599,0.0049435864219702,0,0.9820585457979226,0.99865716930198,wasserstein_kll
2021-03-07 21:11:20.962432768,0.00464539471467,0.0049579638382347,0,0.983461073013312,0.999011677835454,wasserstein_kll
2021-03-15 20:44:33.816502528,0.0049116472915456,0.0050172505631235,0,0.9851210604625996,0.9990411326854578,wasserstein_kll
2021-03-23 10:38:54.493573120,0.0056076964550898,0.005260157560253,1,0.9797761898341648,0.998720500733767,wasserstein_kll
2021-03-31 06:58:45.219431936,0.0054227885969884,0.0054074874321611,1,0.9842466675642924,0.9990547629519408,wasserstein_kll
2021-04-08 13:38:17.877173504,0.0057529768403469,0.0055853928155678,1,0.9812881355932204,0.9983652303142312,wasserstein_kll
2021-04-16 05:42:19.725994240,0.0056409737252629,0.0057295777536139,0,0.9821597513177456,0.9988658938950524,wasserstein_kll
2021-04-23 19:16:04.996834304,0.0057202337265361,0.0058759359677038,0,0.9844489519945908,0.9991844221743872,wasserstein_kll
2021-05-01 18:30:03.026884352,0.0064677672015778,0.0061846707834993,1,0.9856817877693028,0.9992198973780494,wasserstein_kll
2021-05-10 01:02:27.782891008,0.0064311280265684,0.0064244286058824,1,0.9814291481631006,0.9987078284062388,wasserstein_kll
2021-05-19 04:00:54.178891776,0.0063381686435874,0.0066073304620829,0,0.9838512688288776,0.9988911648996066,wasserstein_kll
2021-05-28 06:59:56.814934272,0.0064047478473591,0.0067849950527484,0,0.9836375929682216,0.9986718477503638,wasserstein_kll
2021-06-06 08:10:03.114930688,0.0068470059420899,0.007038216643118,0,0.9856698661619576,0.9988180313288908,wasserstein_kll
2021-06-15 02:51:55.451059200,0.006630511599948,0.0072181223543856,0,0.9836198727494246,0.9989317270543058,wasserstein_kll
2021-06-24 11:51:15.571951104,0.0064492437151617,0.0073201695469651,0,0.9836905243294244,0.998774483764801,wasserstein_kll
2021-07-03 00:41:20.139074560,0.0069485653289174,0.0075153335717705,0,0.9860904794058069,0.9990300582352372,wasserstein_kll
2021-07-11 03:42:50.439658240,0.00711152473394,0.0077221079627445,0,0.9858280469699016,0.9991130667709556,wasserstein_kll
2021-07-19 19:34:35.039692288,0.0069273634324611,0.0078633176761965,0,0.9818845477896444,0.9987777719953944,wasserstein_kll
2021-07-29 01:51:02.608172544,0.0075685075828603,0.0080921096162468,0,0.9821549276733812,0.9990594832895136,wasserstein_kll
2021-08-07 10:51:27.352369408,0.0074007193256786,0.0082707288132995,0,0.9834216605517054,0.9991277648510354,wasserstein_kll
2021-08-17 12:38:25.298760960,0.0077400417024198,0.0084966364855406,0,0.9831955549532456,0.9989466507167266,wasserstein_kll
2021-08-28 02:15:10.444094976,0.0076077713923296,0.0086599494778826,0,0.9830531271015468,0.9989072023665696,wasserstein_kll
2021-09-08 08:23:55.827413248,0.0074098219401278,0.0087559583610472,0,0.9854073773814348,0.9992764860304276,wasserstein_kll
2021-09-20 02:09:24.517992448,0.0084706214480839,0.009034772274315,0,0.9833674164962508,0.998948198652258,wasserstein_kll
2021-10-02 09:07:14.140529664,0.0082594742118674,0.0092247520661961,0,0.9829094334544476,0.999314443202496,wasserstein_kll
2021-10-14 09:53:58.433844224,0.0082389587670573,0.0093776407806073,0,0.9858829917198316,0.9993252146922252,wasserstein_kll
2021-10-26 06:50:48.638631424,0.0087944837495517,0.009554601144445,0,0.9847654683950288,0.999173959024674,wasserstein_kll
2021-11-07 02:07:38.964423168,0.0082732439055452,0.0096358907127244,0,0.9858509634820104,0.9991854951229406,wasserstein_kll
2021-11-20 03:43:54.708039424,0.0213662750597445,0.0143624055452387,1,0.7079028579095666,0.6543381694877807,wasserstein_kll
2021-12-04 16:27:34.629209856,0.022384951892241,0.0175834158137457,1,0.692888948859803,0.6129756944534697,wasserstein_kll
2021-12-16 15:25:29.038531328,0.022546430445366,0.0201014025968526,1,0.7032074705643524,0.6299999447588833,wasserstein_kll
2021-12-28 07:33:53.691827456,0.0226610554129643,0.0222048604540195,1,0.7241004752206381,0.6089595442639874,wasserstein_kll
2022-01-07 23:29:55.343080448,0.022831287218824,0.0240468045195613,0,0.7182964871829649,0.6022975152928747,wasserstein_kll
2022-01-19 00:01:43.121507840,0.0231098897969487,0.0257263647192651,0,0.7134336451131896,0.614395176029269,wasserstein_kll
2022-02-01 02:08:39.386309376,0.0234769389765276,0.0272698353847744,0,0.6860140788949396,0.6020920195011361,wasserstein_kll
2022-02-15 21:24:12.288849152,0.0241578757143742,0.0287686196148318,0,0.6871864406779661,0.5928130371760321,wasserstein_kll
2022-03-03 18:56:24.278607872,0.0238461063113619,0.0300374267754249,0,0.6862612916273426,0.6044672765502397,wasserstein_kll
2022-03-20 01:26:42.440673792,0.0241897627158379,0.0312185011378656,0,0.7012599918710202,0.6070035843832118,wasserstein_kll
2022-04-05 13:17:19.308122880,0.024285427681918,0.032306628088344,0,0.700282752120641,0.5969200415761987,wasserstein_kll
2022-04-22 15:56:24.990583552,0.0248291131069779,0.0333487403170883,0,0.6924438393464942,0.5952509771742679,wasserstein_kll
2022-05-10 01:49:57.067557120,0.024891747641693,0.0342680373935628,0,0.6865852020948032,0.5867689699991769,wasserstein_kll
2022-05-26 23:41:19.694324992,0.0251058231284433,0.0350970969524278,0,0.692601171821774,0.5862204836690921,wasserstein_kll
2022-06-13 19:31:30.953625856,0.0254224014245426,0.0358723329937566,0,0.7063870352716873,0.5999926459072181,wasserstein_kll
2022-07-01 05:13:34.188655360,0.0253770198812323,0.0365088145706014,0,0.7135282121006118,0.6122314093367258,wasserstein_kll
2022-07-19 07:43:38.707995136,0.0259362867932551,0.0370804352626635,0,0.7150632739148184,0.5904891588394284,wasserstein_kll
2022-08-03 21:19:20.825760512,0.0255783334187577,0.0375173087507963,0,0.7179001488296577,0.5890484316325203,wasserstein_kll
2022-08-20 21:57:39.515699200,0.025951803001711,0.0378866327006377,0,0.7087875117749967,0.5876377806366361,wasserstein_kll
2022-09-08 12:21:15.658391552,0.0256716350225043,0.0380777045276869,0,0.7056106507268034,0.5979556096174928,wasserstein_kll
2022-09-29 05:47:21.496285952,0.0257501642215695,0.0382021353368031,0,0.7102526002971769,0.5868182809386289,wasserstein_kll
2022-10-17 10:02:33.443390208,0.0266431441378813,0.0382627023333077,0,0.7228915662650602,0.5734394626800947,wasserstein_kll
2022-11-03 19:29:27.377822464,0.0265235433655683,0.038186859269373,0,0.7336480107889414,0.5803756586775455,wasserstein_kll
2022-11-22 04:43:40.296791552,0.0264696742521784,0.0379118256273337,0,0.7608194274860941,0.5684594943910825,wasserstein_kll
2022-12-12 18:26:22.581661952,0.0259947263992665,0.0373511145225744,0,0.7535525781567195,0.5736545178875823,wasserstein_kll
2023-01-01 16:50:34.107695360,0.0263169412123039,0.0367428446357177,0,0.7775238607339696,0.5725183312382702,wasserstein_kll
2023-01-21 22:36:39.085148160,0.0256605667571341,0.0357539653358608,0,0.763359806165029,0.5718948551000891,wasserstein_kll
2023-02-19 18:52:46.886860032,0.0252346005145306,0.0343117066566039,0,0.7478603450618122,0.5715764019509713,wasserstein_kll
2023-03-20 16:48:23.729529344,0.0252588449957008,0.0323498290201722,0,0.7495614626905951,0.5793050523471636,wasserstein_kll
2023-05-24 23:45:22.533269760,0.0234232071824159,0.028203252506354,0,0.7254461335095836,0.5739864479921157,wasserstein_kll
2015-01-11 08:09:48.506820096,0.0,0.072189755031835,0,0.9820807702594276,0.9973916716569126,bhattacharyya_kll
2015-02-05 05:45:21.200667648,0.0764276696196342,0.072189755031835,0,0.9755674232309748,0.9963946645121632,bhattacharyya_kll
2015-02-28 16:39:17.016885504,0.0749494096570281,0.072189755031835,0,0.9777539533637096,0.9957381803589668,bhattacharyya_kll
2015-03-24 08:51:32.283909632,0.0667965805455066,0.072189755031835,0,0.9722074468085108,0.99592193589534,bhattacharyya_kll
2015-04-19 23:55:22.089075712,0.0718981246998563,0.072189755031835,0,0.9747596153846154,0.995621762789683,bhattacharyya_kll
2015-05-16 05:23:02.882852864,0.0640696327458757,0.072189755031835,0,0.9747910488002156,0.9951544258628652,bhattacharyya_kll
2015-06-11 17:01:20.739780864,0.0635548384307624,0.072189755031835,0,0.9754207854662036,0.9959718922349832,bhattacharyya_kll
2015-07-07 02:48:50.688933888,0.0761443221517419,0.072189755031835,0,0.9734143049932524,0.9954411281334216,bhattacharyya_kll
2015-07-30 15:34:58.859391744,0.0681347349792784,0.072189755031835,0,0.9753201707577376,0.995919278433188,bhattacharyya_kll
2015-08-21 15:05:12.752964864,0.0627066393614185,0.072189755031835,0,0.9747978436657682,0.9951549073703082,bhattacharyya_kll
2015-09-12 21:37:22.907615744,0.0622689152185066,0.072189755031835,0,0.9737194958433896,0.9967122383874012,bhattacharyya_kll
2015-10-05 21:53:33.587716864,0.0615440993032653,0.072189755031835,0,0.9758022093634928,0.9972455237358976,bhattacharyya_kll
2015-10-26 04:25:22.448119552,0.0633341418655063,0.072189755031835,0,0.9733262203254202,0.9956075193809828,bhattacharyya_kll
2015-11-13 17:02:05.369004800,0.0612793356494234,0.072189755031835,0,0.9748830995323982,0.996506195164423,bhattacharyya_kll
2015-12-02 07:12:01.405064960,0.0615547490956605,0.072189755031835,0,0.9764169904863996,0.9966623651246994,bhattacharyya_kll
2015-12-22 18:55:59.606276864,0.0675046691429242,0.072189755031835,0,0.9703663793103448,0.9960126635069232,bhattacharyya_kll
2016-01-10 08:06:09.746892288,0.0654157651308543,0.072189755031835,0,0.9744776514149696,0.9959212977336231,bhattacharyya_kll
2016-01-21 04:39:16.918586112,0.0632502679396627,0.072189755031835,0,0.9752276379217996,0.99565376818614,bhattacharyya_kll
2016-02-02 02:58:14.565866496,0.0606512023698281,0.072189755031835,0,0.9752,0.9957445729855394,bhattacharyya_kll
2016-02-14 18:06:33.121078016,0.0630557439076902,0.072189755031835,0,0.976401179941003,0.995136070591376,bhattacharyya_kll
2016-02-26 21:17:57.877155840,0.058608360997667,0.072189755031835,0,0.9751923587158398,0.9963266425151,bhattacharyya_kll
2016-03-09 07:50:47.186913280,0.0612440179547049,0.072189755031835,0,0.9746580852775544,0.9954687573729653,bhattacharyya_kll
2016-03-21 19:27:45.574640896,0.0662596204920105,0.072189755031835,0,0.9757849920170304,0.9966273167605524,bhattacharyya_kll
2016-04-04 14:40:47.423562496,0.0622898927814776,0.072189755031835,0,0.973267060720043,0.9954549086588884,bhattacharyya_kll
2016-04-19 00:35:56.588087808,0.0607812699424339,0.072189755031835,0,0.9734548335974644,0.9953450653822644,bhattacharyya_kll
2016-04-29 09:06:52.916020480,0.058425634908663,0.072189755031835,0,0.9729874297940626,0.9952464292989204,bhattacharyya_kll
2016-05-10 06:38:48.651970048,0.0604143261169879,0.072189755031835,0,0.9717233985526668,0.9952706076965744,bhattacharyya_kll
2016-05-21 10:47:31.657382656,0.0590786491416535,0.072189755031835,0,0.9773454157782516,0.9959949892631766,bhattacharyya_kll
2016-06-01 08:05:10.293080576,0.0604014900741334,0.072189755031835,0,0.9722148009617954,0.9954980218562054,bhattacharyya_kll
2016-06-11 14:38:48.016489472,0.0675748405796987,0.072189755031835,0,0.9751329787234042,0.9958026190877796,bhattacharyya_kll
2016-06-22 00:57:55.235603712,0.0660907972785102,0.072189755031835,0,0.9765974230870366,0.9960748749469592,bhattacharyya_kll
2016-07-02 07:25:22.794145280,0.0630865011648051,0.072189755031835,0,0.972730918326427,0.9956982330518912,bhattacharyya_kll
2016-07-13 09:27:46.314788096,0.063425664025872,0.072189755031835,0,0.971322849213691,0.9948799666264048,bhattacharyya_kll
2016-07-22 03:46:52.547762176,0.0636143176378119,0.072189755031835,0,0.970741482965932,0.9943637526262904,bhattacharyya_kll
2016-07-31 10:31:14.596140800,0.0623419706975074,0.072189755031835,0,0.9704590818363272,0.995318887980376,bhattacharyya_kll
2016-08-09 22:13:06.052518912,0.0594401537294581,0.072189755031835,0,0.9748763864760124,0.9958252967429676,bhattacharyya_kll
2016-08-19 15:46:13.900492800,0.0598004313693492,0.072189755031835,0,0.9682962568269616,0.995206116487054,bhattacharyya_kll
2016-08-29 05:53:12.757607936,0.0634626233528188,0.072189755031835,0,0.9685049833887044,0.9953991244094098,bhattacharyya_kll
2016-09-08 09:39:44.793902336,0.0598407913288583,0.072189755031835,0,0.974703767807216,0.9964862001306454,bhattacharyya_kll
2016-09-18 06:03:33.502058752,0.0598338681445627,0.072189755031835,0,0.9721078496480277,0.9957278517704528,bhattacharyya_kll
2016-09-27 18:24:40.967160576,0.0578866305606936,0.072189755031835,0,0.9707649179014818,0.9951950672651252,bhattacharyya_kll
2016-10-07 13:41:23.872992768,0.0562795718002208,0.072189755031835,0,0.9700066357000664,0.9951628968859444,bhattacharyya_kll
2016-10-17 11:55:33.511858432,0.0582931255754489,0.072189755031835,0,0.9749430523917996,0.9965663720648624,bhattacharyya_kll
2016-10-27 01:29:41.976607488,0.0572636206911185,0.072189755031835,0,0.9677850554738672,0.9948193011232784,bhattacharyya_kll
2016-11-05 01:35:03.399676928,0.0577759220088917,0.072189755031835,0,0.9741622930964876,0.9961169449653317,bhattacharyya_kll
2016-11-14 19:01:10.739316736,0.0565752561709577,0.072189755031835,0,0.9724045545880776,0.9951873849013252,bhattacharyya_kll
2016-11-25 12:35:37.448248320,0.0615203515330392,0.072189755031835,0,0.968562674836819,0.9943729423206012,bhattacharyya_kll
2016-12-03 15:52:34.117192704,0.0595629577846004,0.072189755031835,0,0.9703023039019842,0.996177784409808,bhattacharyya_kll
2016-12-10 08:59:30.693692160,0.0568633345616797,0.072189755031835,0,0.975596746232831,0.9957150348138878,bhattacharyya_kll
2016-12-17 08:49:39.525993984,0.0574576246458236,0.072189755031835,0,0.9724770642201837,0.9958783696859832,bhattacharyya_kll
2016-12-24 06:30:44.857579520,0.0572325196607347,0.072189755031835,0,0.9751561046897834,0.9964480545386588,bhattacharyya_kll
2016-12-30 03:47:24.421860352,0.0592135799456276,0.072189755031835,0,0.9743284372105332,0.9962206664039944,bhattacharyya_kll
2017-01-04 22:16:38.277375232,0.0563854565354433,0.072189755031835,0,0.975886151008038,0.996317702279957,bhattacharyya_kll
2017-01-10 20:56:48.223647488,0.058667871522846,0.072189755031835,0,0.9739478957915833,0.9955256790360728,bhattacharyya_kll
2017-01-17 04:59:38.757997568,0.0598248754250106,0.072189755031835,0,0.9745683308794004,0.9961872896245488,bhattacharyya_kll
2017-01-24 02:28:52.148750848,0.0556148143880814,0.072189755031835,0,0.9761999206664024,0.9960563049754436,bhattacharyya_kll
2017-01-31 17:37:25.901447424,0.0652392819308204,0.072189755031835,0,0.9717093903572852,0.9956585327842812,bhattacharyya_kll
2017-02-08 10:39:14.659304192,0.0657068515334435,0.072189755031835,0,0.9747387911651898,0.996188022503812,bhattacharyya_kll
2017-02-16 13:19:43.407748864,0.0633812535852913,0.072189755031835,0,0.9743486973947896,0.9962613055846748,bhattacharyya_kll
2017-02-25 01:31:15.515959808,0.0622041102330775,0.072189755031835,0,0.968474977013004,0.9943666800059094,bhattacharyya_kll
2017-03-04 23:00:53.579133440,0.0639445990193518,0.072189755031835,0,0.9748658201335252,0.9957494156392072,bhattacharyya_kll
2017-03-12 14:57:13.493110272,0.0613374336495442,0.072189755031835,0,0.9720401337792642,0.9944768508040088,bhattacharyya_kll
2017-03-19 07:30:07.155601920,0.0618669883889763,0.072189755031835,0,0.9744358940915612,0.99639635234845,bhattacharyya_kll
2017-03-26 15:48:53.983547904,0.0626856357982481,0.072189755031835,0,0.9734642430675337,0.9961268857027954,bhattacharyya_kll
2017-04-03 09:24:18.020380928,0.0602619626242958,0.072189755031835,0,0.970960436925536,0.995292120370584,bhattacharyya_kll
2017-04-11 11:19:21.909979904,0.0587016266738311,0.072189755031835,0,0.9703951774949764,0.995716189898255,bhattacharyya_kll
2017-04-19 13:38:16.158673664,0.0584692989996135,0.072189755031835,0,0.9681595983617388,0.9956322506718136,bhattacharyya_kll
2017-04-27 04:32:28.451162880,0.0590432714872961,0.072189755031835,0,0.9730232558139534,0.9964345856056284,bhattacharyya_kll
2017-05-05 05:58:39.392567040,0.0610823805721933,0.072189755031835,0,0.9718928999600372,0.9957892869085724,bhattacharyya_kll
2017-05-14 04:22:32.892679424,0.0597477750352364,0.072189755031835,0,0.9721961047683008,0.9960161450779934,bhattacharyya_kll
2017-05-21 19:24:48.956270336,0.0587244294177445,0.072189755031835,0,0.970059093893631,0.9952534884661072,bhattacharyya_kll
2017-05-29 21:29:31.905385472,0.0572057814491231,0.072189755031835,0,0.970867299211546,0.9957772404447194,bhattacharyya_kll
2017-06-06 21:26:11.897116160,0.0568431435348475,0.072189755031835,0,0.9696969696969696,0.9947705264957052,bhattacharyya_kll
2017-06-14 20:46:07.987727104,0.0582952105273451,0.072189755031835,0,0.9715977924350518,0.9959514671553268,bhattacharyya_kll
2017-06-22 20:00:49.528886016,0.0593508781509691,0.072189755031835,0,0.9706871050154632,0.9954542495519124,bhattacharyya_kll
2017-07-01 09:36:16.053435904,0.0562786807094188,0.072189755031835,0,0.9682281059063136,0.9946955789197292,bhattacharyya_kll
2017-07-12 14:58:14.009790208,0.0564783173651928,0.072189755031835,0,0.95874079035499,0.9932898510072632,bhattacharyya_kll
2017-07-19 05:59:53.470542080,0.0552596254507477,0.072189755031835,0,0.9781700579436734,0.9969926543554688,bhattacharyya_kll
2017-07-24 10:00:41.826860544,0.0566226747049612,0.072189755031835,0,0.9705215419501134,0.995800313666868,bhattacharyya_kll
2017-07-31 22:57:28.080697088,0.0554143363433938,0.072189755031835,0,0.9682453521509023,0.9948123526042432,bhattacharyya_kll
2017-08-07 12:03:09.532411648,0.0541925878287563,0.072189755031835,0,0.969857433808554,0.99564967393878,bhattacharyya_kll
2017-08-14 17:50:42.746228992,0.0562884709819043,0.072189755031835,0,0.9726694628602354,0.9961236425747798,bhattacharyya_kll
2017-08-21 07:36:09.961766656,0.0551553218647688,0.072189755031835,0,0.973317079777868,0.9954568507284136,bhattacharyya_kll
2017-08-28 19:57:39.823730432,0.0546385156645595,0.072189755031835,0,0.9737515143357114,0.9959691165193416,bhattacharyya_kll
2017-09-05 01:55:46.054718208,0.0540785275827873,0.072189755031835,0,0.9687626774847872,0.9957836560567216,bhattacharyya_kll
2017-09-13 14:01:37.723277568,0.0569389701614428,0.072189755031835,0,0.9726250169399648,0.9964311913372632,bhattacharyya_kll
2017-09-22 02:41:11.360974336,0.0537320071969552,0.072189755031835,0,0.9749016415683084,0.996122140708257,bhattacharyya_kll
2017-09-30 17:22:12.757061120,0.0576823650018505,0.072189755031835,0,0.9742261011864176,0.995511478159087,bhattacharyya_kll
2017-10-09 12:10:52.014179840,0.0585531322040837,0.072189755031835,0,0.9719184555150532,0.9964949181523726,bhattacharyya_kll
2017-10-18 05:33:31.071549952,0.0545980264465328,0.072189755031835,0,0.9697627118644068,0.9962838814190412,bhattacharyya_kll
2017-10-26 10:29:49.184672256,0.058231359855289,0.072189755031835,0,0.9689147182051628,0.9948879845193208,bhattacharyya_kll
2017-11-03 13:32:06.526492928,0.0573072304490523,0.072189755031835,0,0.9691182446160096,0.9957077980938176,bhattacharyya_kll
2017-11-12 11:16:33.610533376,0.0567661803450083,0.072189755031835,0,0.9724425325984676,0.9957261735143615,bhattacharyya_kll
2017-11-22 09:22:30.779576064,0.0605719001071803,0.072189755031835,0,0.9677157908955828,0.995645429134305,bhattacharyya_kll
2017-12-02 00:14:20.750861312,0.0586389453106849,0.072189755031835,0,0.9707673568818516,0.9954670455382516,bhattacharyya_kll
2017-12-10 18:38:30.163156736,0.0599810971328384,0.072189755031835,0,0.9676593451017385,0.9966062113766786,bhattacharyya_kll
2017-12-19 10:11:00.917120000,0.0583672701486305,0.072189755031835,0,0.9671953368578012,0.9954450084977052,bhattacharyya_kll
2017-12-29 04:55:25.730855936,0.0585915729649831,0.072189755031835,0,0.9712776046606152,0.9961194834746752,bhattacharyya_kll
2018-01-07 05:03:58.074396160,0.059698365883336,0.072189755031835,0,0.968060630667208,0.9959592016513176,bhattacharyya_kll
2018-01-13 01:15:01.810510336,0.0609211644671665,0.072189755031835,0,0.9721358041390504,0.9961572174932212,bhattacharyya_kll
2018-01-20 09:23:07.746618368,0.0571924038907674,0.072189755031835,0,0.9742830214083747,0.9965412695809917,bhattacharyya_kll
2018-01-28 08:00:23.843254272,0.0566018728397687,0.072189755031835,0,0.9717659834396634,0.9959328974122644,bhattacharyya_kll
2018-02-05 16:11:44.747650816,0.0603334132868269,0.072189755031835,0,0.9694054776219104,0.9955197725967956,bhattacharyya_kll
2018-02-14 04:34:46.924671744,0.0557637117259886,0.072189755031835,0,0.9728781540952638,0.9967522829056036,bhattacharyya_kll
2018-02-22 06:31:20.301297664,0.0595754975404507,0.072189755031835,0,0.9759491960545872,0.9965246801684146,bhattacharyya_kll
2018-03-02 00:39:40.729383424,0.0586780541157654,0.072189755031835,0,0.9679443459282498,0.995520898869246,bhattacharyya_kll
2018-03-09 23:00:57.028640000,0.0586948860730813,0.072189755031835,0,0.970496684260387,0.9955959799397816,bhattacharyya_kll
2018-03-18 07:01:04.328294144,0.0598880952576639,0.072189755031835,0,0.9755080069977125,0.9969361824159156,bhattacharyya_kll
2018-03-26 00:14:58.361884672,0.058160134165528,0.072189755031835,0,0.9726694628602354,0.9966879703312186,bhattacharyya_kll
2018-04-02 21:40:45.219374592,0.0587474090141039,0.072189755031835,0,0.9690931272875152,0.9959719702861554,bhattacharyya_kll
2018-04-10 13:53:58.238752000,0.0598131817791097,0.072189755031835,0,0.9690498716042708,0.9953859238346554,bhattacharyya_kll
2018-04-18 05:52:30.149701888,0.0583791294660968,0.072189755031835,0,0.9755702523957348,0.997130952215545,bhattacharyya_kll
2018-04-26 08:23:35.867226112,0.0577274611340732,0.072189755031835,0,0.9734453326107574,0.9968284343893812,bhattacharyya_kll
2018-05-04 09:15:51.821802496,0.0576680307346882,0.072189755031835,0,0.9745751189666894,0.9969512466018596,bhattacharyya_kll
2018-05-12 21:50:43.518119424,0.0582494490154055,0.072189755031835,0,0.9710693524401784,0.9950647520381928,bhattacharyya_kll
2018-05-21 12:17:53.595243520,0.0566948462692928,0.072189755031835,0,0.9689098250336474,0.9958844660502816,bhattacharyya_kll
2018-05-29 22:37:11.426733056,0.0579500955623911,0.072189755031835,0,0.9747830802603036,0.9967097961411028,bhattacharyya_kll
2018-06-07 00:32:46.876511488,0.0599695159153657,0.072189755031835,0,0.9691266079891672,0.9961695922638266,bhattacharyya_kll
2018-06-14 14:02:17.009661696,0.0594305072527967,0.072189755031835,0,0.9713517148621386,0.9957839400154544,bhattacharyya_kll
2018-06-22 06:59:06.886837248,0.0597926707829943,0.072189755031835,0,0.9738800920286912,0.9964713986687272,bhattacharyya_kll
2018-06-29 16:42:36.076887296,0.0566205002878518,0.061867148954854,0,0.9756031075371404,0.9955342530814704,bhattacharyya_kll
2018-07-07 12:49:43.480511488,0.0612696716929943,0.0621608001180228,0,0.971390194761585,0.9961315788142198,bhattacharyya_kll
2018-07-15 21:09:54.719060224,0.0594534177844654,0.0621478129621683,0,0.9668613336955044,0.9951747856281422,bhattacharyya_kll
2018-07-25 08:17:45.434097408,0.0607131212381088,0.0621687284085013,0,0.970766536440792,0.995847780823082,bhattacharyya_kll
2018-08-01 18:41:05.208256000,0.0582337477723968,0.0621637548644826,0,0.9721061851502492,0.9966802754364842,bhattacharyya_kll
2018-08-08 13:01:39.231343616,0.057544952321836,0.0620778156186252,0,0.9759739378308674,0.9969737355978576,bhattacharyya_kll
2018-08-15 14:51:17.696300544,0.059011764733454,0.0620988218718847,0,0.9732973701955496,0.996484146345738,bhattacharyya_kll
2018-08-23 01:01:27.213691648,0.0570878386146882,0.0621262118036912,0,0.9749220550359224,0.9964475812699356,bhattacharyya_kll
2018-08-30 21:06:44.884686336,0.0594524154020663,0.0621044178229396,0,0.9712356515867656,0.996684405061541,bhattacharyya_kll
2018-09-08 13:18:56.003451648,0.0589082106165755,0.0618762554323151,0,0.9731335223437289,0.9966561127661664,bhattacharyya_kll
2018-09-17 07:39:59.075442944,0.0587377034439334,0.0618637643136859,0,0.968618963884756,0.9958626966431002,bhattacharyya_kll
2018-09-26 03:50:15.335848704,0.0592308329074693,0.0618186166745519,0,0.9749494949494948,0.9971163396488072,bhattacharyya_kll
2018-10-05 07:32:21.802231808,0.0569596732437797,0.0617114351948806,0,0.9723389830508474,0.9969995220535788,bhattacharyya_kll
2018-10-13 18:44:58.700504832,0.0550071592771004,0.0618457105254953,0,0.9727090301003344,0.9969405078692458,bhattacharyya_kll
2018-10-21 16:45:27.440193024,0.0577322325925538,0.0617729011413413,0,0.9734477671986054,0.9970424265632728,bhattacharyya_kll
2018-10-29 08:42:23.578923776,0.057599164724565,0.0617624789004022,0,0.9744629104175112,0.9964196933702334,bhattacharyya_kll
2018-11-06 04:18:43.090291968,0.0607687893249335,0.0619872260179463,0,0.9737379235270104,0.9970263242930292,bhattacharyya_kll
2018-11-14 20:25:18.838155776,0.0589466923764184,0.0619055159231438,0,0.9744421906693712,0.9967541831948612,bhattacharyya_kll
2018-11-23 09:54:35.962477312,0.0572451925531609,0.0619204772304656,0,0.9738811046116176,0.997088312527828,bhattacharyya_kll
2018-12-01 08:47:21.810177536,0.0582909895546857,0.0619044677641602,0,0.9736172492299452,0.9974142202403072,bhattacharyya_kll
2018-12-09 00:42:57.972538368,0.0586493968976345,0.0618108330560606,0,0.9775326247813804,0.9977793933205324,bhattacharyya_kll
2018-12-15 23:21:59.329690368,0.0592584708240021,0.0618596755808871,0,0.973595125253893,0.9968975369044883,bhattacharyya_kll
2018-12-23 11:05:31.167271680,0.0586696732085313,0.061874193567081,0,0.9774072081764388,0.9976090350557466,bhattacharyya_kll
2018-12-29 17:00:32.257942272,0.059886747328945,0.0619803081118793,0,0.975869506605554,0.997331688743848,bhattacharyya_kll
2019-01-04 13:52:37.531022848,0.0584210788968461,0.0619834374887347,0,0.9787899388171312,0.9972237999905712,bhattacharyya_kll
2019-01-10 06:41:21.192833792,0.056706791053862,0.0619824560260892,0,0.9780131384904144,0.9972199223071782,bhattacharyya_kll
2019-01-16 10:38:04.728266752,0.057972798954075,0.0619823441237047,0,0.9745955341623213,0.9968490101667004,bhattacharyya_kll
2019-01-23 06:52:45.774218752,0.0597909983910962,0.0619621566884085,0,0.9759739378308674,0.9972091158355384,bhattacharyya_kll
2019-01-30 17:31:41.145020928,0.0589977397918865,0.0619305863294684,0,0.9788474576271188,0.997886025575489,bhattacharyya_kll
2019-02-07 08:25:49.291846912,0.0593455524348267,0.0618875745937907,0,0.9762962962962964,0.9977198022717834,bhattacharyya_kll
2019-02-16 00:10:19.823346432,0.0591169623281321,0.061856088332226,0,0.973176978029384,0.9973952665521532,bhattacharyya_kll
2019-02-24 03:28:32.059029760,0.0607877483063214,0.0617642611149455,0,0.9751898047722344,0.9972085035308752,bhattacharyya_kll
2019-03-03 23:26:39.587647232,0.0579357261864814,0.0617033780224881,0,0.97664686825054,0.9967304682601446,bhattacharyya_kll
2019-03-11 23:36:41.152388864,0.0578281603317878,0.061459688947369,0,0.9731888964116452,0.9968942057790986,bhattacharyya_kll
2019-03-20 03:09:37.201606144,0.0609909075532648,0.0617552031077774,0,0.9746027434469644,0.9975200321623346,bhattacharyya_kll
2019-03-28 13:04:36.918506240,0.0590018575780123,0.061773808510928,0,0.9742274996626636,0.9965933070552636,bhattacharyya_kll
2019-04-06 03:31:12.239665920,0.0608310799648918,0.0619842853296398,0,0.979311283517082,0.9977851458885942,bhattacharyya_kll
2019-04-14 13:17:12.127801088,0.0596692408704536,0.0620152500740466,0,0.9717223650385604,0.9968437129048984,bhattacharyya_kll
2019-04-22 20:24:59.649585152,0.0583457425791848,0.0619670498099458,0,0.9778647590767984,0.9974835671350402,bhattacharyya_kll
2019-04-30 21:09:58.900908032,0.0591974505923625,0.0619827541133448,0,0.979694057127386,0.997199819880671,bhattacharyya_kll
2019-05-08 12:33:29.212087808,0.0596246069204779,0.062036975138442,0,0.977509822517274,0.9973049492909704,bhattacharyya_kll
2019-05-15 23:08:27.200681472,0.0597193061156205,0.0620751302931567,0,0.9787694388100068,0.9975537046252196,bhattacharyya_kll
2019-05-23 08:52:22.653012224,0.0593529266310062,0.062053557167661,0,0.9774598461330812,0.9981649238426784,bhattacharyya_kll
2019-05-30 22:52:33.977469440,0.0599583071518611,0.0617080379549928,0,0.9748206308379586,0.9970015375734812,bhattacharyya_kll
2019-06-07 01:21:35.321539072,0.0602665464970699,0.0617798567250247,0,0.9780234596197924,0.997788728848026,bhattacharyya_kll
2019-06-13 23:08:36.748116224,0.0604347125038001,0.0618441121998214,0,0.97457857531267,0.9970495620931236,bhattacharyya_kll
2019-06-19 21:51:20.566598400,0.0596955690606943,0.061718022027683,0,0.9801028695181376,0.9978177458033574,bhattacharyya_kll
2019-06-25 13:38:20.489797632,0.0600653714081375,0.0617846024502023,0,0.9761036857027136,0.996620508220997,bhattacharyya_kll
2019-07-01 04:13:41.139450112,0.0594248521707685,0.0616932412609989,0,0.9776008635811632,0.9977094708283308,bhattacharyya_kll
2019-07-06 15:14:53.627373824,0.0570911260338541,0.0618097725504668,0,0.9786663088689118,0.9972674219848372,bhattacharyya_kll
2019-07-12 01:09:43.613655808,0.0588331300371038,0.0618085081713552,0,0.9760260056887444,0.9974870453426832,bhattacharyya_kll
2019-07-17 12:14:25.262008832,0.0581710999015881,0.0618166770976449,0,0.9789103690685412,0.9974053153362448,bhattacharyya_kll
2019-07-23 01:38:22.589190400,0.0608911981803369,0.0619845317781708,0,0.977675551346232,0.9974583604182452,bhattacharyya_kll
2019-07-29 00:02:24.235024128,0.0595164418356437,0.0619599226640358,0,0.9756953821226032,0.9970230760243518,bhattacharyya_kll
2019-08-04 14:57:42.356743168,0.0602345969820939,0.0620247800183287,0,0.9786371011357492,0.9972539251207728,bhattacharyya_kll
2019-08-11 22:40:47.209317632,0.0601692864071067,0.0618740835781392,0,0.9768723947828424,0.997945779605962,bhattacharyya_kll
2019-08-19 12:11:12.264657664,0.0586184979735222,0.061830738007865,0,0.9727457627118644,0.9971253660746942,bhattacharyya_kll
2019-08-26 12:18:00.631070464,0.0602474034068033,0.0618678634889802,0,0.9799481653253308,0.9981271990925036,bhattacharyya_kll
2019-09-02 23:59:24.102610944,0.0587913837239769,0.0618714129520905,0,0.9741252178576216,0.997159343456792,bhattacharyya_kll
2019-09-11 14:18:50.241135616,0.0604152026450888,0.0619430781283322,0,0.9762840493291776,0.9974481492833196,bhattacharyya_kll
2019-09-20 07:11:53.724405760,0.0619560792917274,0.0622654670249596,0,0.980169971671388,0.9977836137503694,bhattacharyya_kll
2019-09-28 17:43:57.425362688,0.0618618617633321,0.0624408467969732,0,0.9767975178740052,0.9977183395241316,bhattacharyya_kll
2019-10-07 05:47:27.246907904,0.061171917389445,0.0625153007655049,0,0.979382832502358,0.9982533910097956,bhattacharyya_kll
2019-10-15 03:07:43.260482560,0.0585646707013901,0.0624519288827288,0,0.9765908785147316,0.997192047429757,bhattacharyya_kll
2019-10-23 04:54:55.352891904,0.0630586903963178,0.0628564834826897,1,0.976855003403676,0.9975726748044748,bhattacharyya_kll
2019-10-30 22:03:19.516393216,0.0604487774583874,0.0628908812904002,0,0.9801711258997692,0.9983134204416424,bhattacharyya_kll
2019-11-07 00:53:40.218806016,0.058334215872609,0.0628529167023882,0,0.97671617824167,0.9977226633863264,bhattacharyya_kll
2019-11-14 13:41:12.079603712,0.0622833194516907,0.0631353689743395,0,0.9788857103936792,0.9976172588855884,bhattacharyya_kll
2019-11-21 23:22:56.785410048,0.061478904290667,0.0632334887525059,0,0.9807196198234894,0.9972779609645056,bhattacharyya_kll
2019-11-30 20:34:38.279047936,0.0600898031917251,0.0632420817702913,0,0.979852249832102,0.9982134065311636,bhattacharyya_kll
2019-12-08 09:25:22.834821632,0.0611477507345738,0.0633257481366561,0,0.982130861211877,0.9983076824902204,bhattacharyya_kll
2019-12-12 18:50:53.435386880,0.0630793826576022,0.0637000967833138,0,0.9800404585300068,0.9980180939102798,bhattacharyya_kll
2019-12-16 13:35:06.442365184,0.0614263199884782,0.0637896472942404,0,0.9787321063394684,0.9977508763557238,bhattacharyya_kll
2019-12-21 06:00:31.676440064,0.0609510167663452,0.0638332946953691,0,0.9770971676378912,0.9977103371302892,bhattacharyya_kll
2019-12-26 05:37:55.490231296,0.0602127833848021,0.0638316609129645,0,0.9793149764942914,0.9981033388219184,bhattacharyya_kll
2019-12-30 07:47:43.296733696,0.0614557068344366,0.063903874128363,0,0.983533540288838,0.9986466202721646,bhattacharyya_kll
2020-01-03 16:51:19.239594752,0.0611445000502066,0.0639583206899215,0,0.98168001085629,0.997904064422759,bhattacharyya_kll
2020-01-08 01:33:12.531953920,0.0630347491983032,0.064247050786696,0,0.9805062948422903,0.9980880950380392,bhattacharyya_kll
2020-01-12 15:12:23.531623168,0.0630219050075615,0.0645020893213608,0,0.9818845477896444,0.9983810152898812,bhattacharyya_kll
2020-01-17 15:46:46.688024064,0.0625188640042154,0.0644211798564107,0,0.9809742274996628,0.997574729830632,bhattacharyya_kll
2020-01-23 21:51:56.381055744,0.0618021755826211,0.0644339245028684,0,0.9790455590104096,0.997821978792643,bhattacharyya_kll
2020-01-30 19:11:52.586894080,0.0625401256560552,0.0644263087617512,0,0.982368099823681,0.9984064247903502,bhattacharyya_kll
2020-02-06 07:08:13.361990656,0.0596522329416825,0.0644393096851934,0,0.980466118819884,0.9984713729849916,bhattacharyya_kll
2020-02-13 01:08:20.600041216,0.0622663168086521,0.0645096215683605,0,0.980594381869996,0.9985777946335452,bhattacharyya_kll
2020-02-20 04:43:36.799451136,0.0629193480383962,0.064674031538382,0,0.982296064278905,0.997757319264885,bhattacharyya_kll
2020-02-27 11:09:41.174667776,0.0605330939509271,0.064668660166107,0,0.980522115514676,0.9980716062436624,bhattacharyya_kll
2020-03-06 10:01:34.221097216,0.0605373613400955,0.0645422883995633,0,0.9771951386043972,0.9981527258877304,bhattacharyya_kll
2020-03-15 17:50:55.387179520,0.0622457488567542,0.0646066031604439,0,0.976470588235294,0.9979705325287408,bhattacharyya_kll
2020-03-31 12:24:21.388140032,0.0616882254772268,0.0644947373872357,0,0.97648330855521,0.9979869100302784,bhattacharyya_kll
2020-04-19 19:09:54.220436480,0.0613747199403385,0.06449328503994,0,0.9787688609961276,0.9987764275734796,bhattacharyya_kll
2020-05-06 13:02:34.439251200,0.063722137400979,0.0647138222564378,0,0.9803602871461464,0.9982450183591168,bhattacharyya_kll
2020-05-20 22:14:33.564038144,0.0645142728055426,0.0650746002818127,0,0.9797966101694916,0.9979939286721116,bhattacharyya_kll
2020-06-02 19:01:00.673675008,0.0629272511869223,0.0651794341326111,0,0.980089394555059,0.9982406728621536,bhattacharyya_kll
2020-06-14 12:55:11.777557504,0.0637116563834174,0.0651710653094209,0,0.980803028254698,0.998587369584675,bhattacharyya_kll
2020-06-25 18:31:03.157110528,0.0621238907977011,0.0650931448506071,0,0.9820585457979226,0.9985096238742716,bhattacharyya_kll
2020-07-06 01:42:44.718910208,0.0638624790345628,0.0652760118301993,0,0.9817838348401026,0.9987254640535896,bhattacharyya_kll
2020-07-14 20:10:16.472787968,0.0629295975411621,0.0650295694121837,0,0.9784582034954612,0.9984417456364816,bhattacharyya_kll
2020-07-23 10:45:36.111246080,0.0620575527368006,0.0650199295797706,0,0.9826356171759322,0.9985062115287798,bhattacharyya_kll
2020-08-01 00:21:53.413779712,0.0638725801221056,0.0651988131016496,0,0.980169971671388,0.998430781905718,bhattacharyya_kll
2020-08-09 22:33:36.310064640,0.0614138655385549,0.065116836691617,0,0.985581458024525,0.9986509526896749,bhattacharyya_kll
2020-08-19 11:40:47.998887680,0.0615086712731434,0.0651076079524774,0,0.9791525653174497,0.9983216062683318,bhattacharyya_kll
2020-08-29 07:17:24.744298240,0.0645491627892738,0.0653209262534709,0,0.9801333514763914,0.9986544613580158,bhattacharyya_kll
2020-09-08 13:07:14.854673152,0.0634347538510417,0.0654120182866173,0,0.983358138276282,0.9986346322368932,bhattacharyya_kll
2020-09-18 15:46:03.256505856,0.062478136031856,0.0654017930654058,0,0.982255679526818,0.9981268025393812,bhattacharyya_kll
2020-09-28 20:35:51.413286912,0.0641515973524311,0.0654740285326542,0,0.9847028563692974,0.9985904821521646,bhattacharyya_kll
2020-10-08 21:31:41.572937984,0.0625544751555491,0.0654739239348923,0,0.9835068270920644,0.9983260266776848,bhattacharyya_kll
2020-10-18 16:03:22.807606528,0.0609317476867503,0.0654885555233134,0,0.9822832023444784,0.9985796984753094,bhattacharyya_kll
2020-10-26 21:41:59.190437632,0.0633804837361203,0.0655170221056625,0,0.9807407407407408,0.9984083038512688,bhattacharyya_kll
2020-11-04 17:58:27.908431360,0.062677206355362,0.0654972211692865,0,0.982989064398542,0.9984378479677632,bhattacharyya_kll
2020-11-13 22:28:31.770108160,0.0630104471433583,0.0655224824095676,0,0.9806521445000675,0.9983999238269854,bhattacharyya_kll
2020-11-23 10:16:15.536645632,0.065203663229772,0.0658482230814369,0,0.9801001759848382,0.9983419121326316,bhattacharyya_kll
2020-12-03 15:59:54.972755200,0.0656598841528461,0.0662273295079793,0,0.9831149533972714,0.998675437306011,bhattacharyya_kll
2020-12-12 11:15:47.909172736,0.0664596863701539,0.0665394734329126,0,0.9847069968872648,0.9990173950610582,bhattacharyya_kll
2020-12-20 03:07:40.230582528,0.0629350817282062,0.0665474609346769,0,0.9819349658771578,0.9985848715980462,bhattacharyya_kll
2020-12-27 19:23:19.554768128,0.0654245895359158,0.0667955549021853,0,0.987362413371382,0.9992794062063745,bhattacharyya_kll
2021-01-03 06:23:17.718913792,0.0627650085247752,0.0666846698365718,0,0.9834521727431724,0.99872027790213,bhattacharyya_kll
2021-01-10 11:48:21.955332096,0.0659272258708339,0.0668661033442867,0,0.986776413439482,0.99910815438574,bhattacharyya_kll
2021-01-18 01:57:13.053986560,0.0624504910325847,0.066861230636034,0,0.9848263010781312,0.998797277724573,bhattacharyya_kll
2021-01-25 23:09:30.944615936,0.0633891164430184,0.0668355350574247,0,0.9817592217267936,0.998323050846558,bhattacharyya_kll
2021-02-03 12:33:21.853117696,0.0629646844119294,0.0667678630619579,0,0.9845865165527408,0.9986461544188432,bhattacharyya_kll
2021-02-12 09:54:04.417721344,0.0649198092490746,0.0668721073621069,0,0.9825779229617532,0.998757891999708,bhattacharyya_kll
2021-02-20 16:35:42.963620352,0.0633539508127726,0.0667990864506813,0,0.982966067324591,0.9985863802728536,bhattacharyya_kll
2021-02-28 05:00:00.566801408,0.0656624897248389,0.0670255628207665,0,0.9820585457979226,0.99865716930198,bhattacharyya_kll
2021-03-07 21:11:20.962432768,0.0645453838535288,0.0670824697802377,0,0.983461073013312,0.999011677835454,bhattacharyya_kll
2021-03-15 20:44:33.816502528,0.0650304192518058,0.0671751403633748,0,0.9851210604625996,0.9990411326854578,bhattacharyya_kll
2021-03-23 10:38:54.493573120,0.0665785067111459,0.0675025265870021,0,0.9797761898341648,0.998720500733767,bhattacharyya_kll
2021-03-31 06:58:45.219431936,0.0647042813576157,0.0675662683351602,0,0.9842466675642924,0.9990547629519408,bhattacharyya_kll
2021-04-08 13:38:17.877173504,0.0663273176600228,0.0677837597345409,0,0.9812881355932204,0.9983652303142312,bhattacharyya_kll
2021-04-16 05:42:19.725994240,0.0658223711426414,0.0679399611649891,0,0.9821597513177456,0.9988658938950524,bhattacharyya_kll
2021-04-23 19:16:04.996834304,0.0677182640622061,0.0682988611115243,0,0.9844489519945908,0.9991844221743872,bhattacharyya_kll
2021-05-01 18:30:03.026884352,0.0661002364664739,0.0683355639303255,0,0.9856817877693028,0.9992198973780494,bhattacharyya_kll
2021-05-10 01:02:27.782891008,0.0678897495813865,0.0687501003825978,0,0.9814291481631006,0.9987078284062388,bhattacharyya_kll
2021-05-19 04:00:54.178891776,0.068592475417965,0.0692717042157875,0,0.9838512688288776,0.9988911648996066,bhattacharyya_kll
2021-05-28 06:59:56.814934272,0.0668100922955315,0.0694001066083346,0,0.9836375929682216,0.9986718477503638,bhattacharyya_kll
2021-06-06 08:10:03.114930688,0.069859916539109,0.0701072756167592,0,0.9856698661619576,0.9988180313288908,bhattacharyya_kll
2021-06-15 02:51:55.451059200,0.0694081102755515,0.0705752413304505,0,0.9836198727494246,0.9989317270543058,bhattacharyya_kll
2021-06-24 11:51:15.571951104,0.0687663330492296,0.0706824005518566,0,0.9836905243294244,0.998774483764801,bhattacharyya_kll
2021-07-03 00:41:20.139074560,0.0693844544940357,0.0710724178518107,0,0.9860904794058069,0.9990300582352372,bhattacharyya_kll
2021-07-11 03:42:50.439658240,0.0724044229863741,0.0720016198530457,1,0.9858280469699016,0.9991130667709556,bhattacharyya_kll
2021-07-19 19:34:35.039692288,0.0709990057902384,0.0725043978611288,0,0.9818845477896444,0.9987777719953944,bhattacharyya_kll
2021-07-29 01:51:02.608172544,0.0710380164900141,0.0730320665577096,0,0.9821549276733812,0.9990594832895136,bhattacharyya_kll
2021-08-07 10:51:27.352369408,0.0717246267510368,0.0736315349718933,0,0.9834216605517054,0.9991277648510354,bhattacharyya_kll
2021-08-17 12:38:25.298760960,0.0742560119984379,0.0746777009972404,0,0.9831955549532456,0.9989466507167266,bhattacharyya_kll
2021-08-28 02:15:10.444094976,0.0732919635035184,0.0753006766050828,0,0.9830531271015468,0.9989072023665696,bhattacharyya_kll
2021-09-08 08:23:55.827413248,0.0739811924476907,0.076079091988803,0,0.9854073773814348,0.9992764860304276,bhattacharyya_kll
2021-09-20 02:09:24.517992448,0.0782953956655011,0.0775719063794034,1,0.9833674164962508,0.998948198652258,bhattacharyya_kll
2021-10-02 09:07:14.140529664,0.0746889694177028,0.078257238740367,0,0.9829094334544476,0.999314443202496,bhattacharyya_kll
2021-10-14 09:53:58.433844224,0.075031331733186,0.0787204766379062,0,0.9858829917198316,0.9993252146922252,bhattacharyya_kll
2021-10-26 06:50:48.638631424,0.0777885928626491,0.079662021239236,0,0.9847654683950288,0.999173959024674,bhattacharyya_kll
2021-11-07 02:07:38.964423168,0.0755349495670257,0.0800243811098483,0,0.9858509634820104,0.9991854951229406,bhattacharyya_kll
2021-11-20 03:43:54.708039424,0.4575277648570786,0.2570402331680989,1,0.7079028579095666,0.6543381694877807,bhattacharyya_kll
2021-12-04 16:27:34.629209856,0.4923040066721761,0.3499617329176626,1,0.692888948859803,0.6129756944534697,bhattacharyya_kll
2021-12-16 15:25:29.038531328,0.5056828626373612,0.4234880328035306,1,0.7032074705643524,0.6299999447588833,bhattacharyya_kll
2021-12-28 07:33:53.691827456,0.5053849072895409,0.4837246487761069,1,0.7241004752206381,0.6089595442639874,bhattacharyya_kll
2022-01-07 23:29:55.343080448,0.5009653838582172,0.53438025248552,0,0.7182964871829649,0.6022975152928747,bhattacharyya_kll
2022-01-19 00:01:43.121507840,0.5103280308509613,0.5808194706796127,0,0.7134336451131896,0.614395176029269,bhattacharyya_kll
2022-02-01 02:08:39.386309376,0.5358649211340032,0.626995177258924,0,0.6860140788949396,0.6020920195011361,bhattacharyya_kll
2022-02-15 21:24:12.288849152,0.5446548177385453,0.6697281831797757,0,0.6871864406779661,0.5928130371760321,bhattacharyya_kll
2022-03-03 18:56:24.278607872,0.5382865238197924,0.7067961945238221,0,0.6862612916273426,0.6044672765502397,bhattacharyya_kll
2022-03-20 01:26:42.440673792,0.5271373282092442,0.7383105891335011,0,0.7012599918710202,0.6070035843832118,bhattacharyya_kll
2022-04-05 13:17:19.308122880,0.543554930400745,0.769017512750024,0,0.700282752120641,0.5969200415761987,bhattacharyya_kll
2022-04-22 15:56:24.990583552,0.5649262923937182,0.7996821932512397,0,0.6924438393464942,0.5952509771742679,bhattacharyya_kll
2022-05-10 01:49:57.067557120,0.5616279353222521,0.8264906077992554,0,0.6865852020948032,0.5867689699991769,bhattacharyya_kll
2022-05-26 23:41:19.694324992,0.580833250337767,0.8527196741664655,0,0.692601171821774,0.5862204836690921,bhattacharyya_kll
2022-06-13 19:31:30.953625856,0.5948550092738178,0.8776947885036117,0,0.7063870352716873,0.5999926459072181,bhattacharyya_kll
2022-07-01 05:13:34.188655360,0.5869623032155636,0.8982228206823839,0,0.7135282121006118,0.6122314093367258,bhattacharyya_kll
2022-07-19 07:43:38.707995136,0.5977661575558183,0.916841400690473,0,0.7150632739148184,0.5904891588394284,bhattacharyya_kll
2022-08-03 21:19:20.825760512,0.5925775682640699,0.9315227480091924,0,0.7179001488296577,0.5890484316325203,bhattacharyya_kll
2022-08-20 21:57:39.515699200,0.6119307257860157,0.9453700232079308,0,0.7087875117749967,0.5876377806366361,bhattacharyya_kll
2022-09-08 12:21:15.658391552,0.6027183009442658,0.9544595228637592,0,0.7056106507268034,0.5979556096174928,bhattacharyya_kll
2022-09-29 05:47:21.496285952,0.6134917880667137,0.9610458861654532,0,0.7102526002971769,0.5868182809386289,bhattacharyya_kll
2022-10-17 10:02:33.443390208,0.6457326819378522,0.9672746313339268,0,0.7228915662650602,0.5734394626800947,bhattacharyya_kll
2022-11-03 19:29:27.377822464,0.6437268400315131,0.9688926802055514,0,0.7336480107889414,0.5803756586775455,bhattacharyya_kll
2022-11-22 04:43:40.296791552,0.6554736562502356,0.9665982801574416,0,0.7608194274860941,0.5684594943910825,bhattacharyya_kll
2022-12-12 18:26:22.581661952,0.6528533572636133,0.9581926260734464,0,0.7535525781567195,0.5736545178875823,bhattacharyya_kll
2023-01-01 16:50:34.107695360,0.6663431772678085,0.944960899548717,0,0.7775238607339696,0.5725183312382702,bhattacharyya_kll
2023-01-21 22:36:39.085148160,0.6430470020249706,0.9200026356100548,0,0.763359806165029,0.5718948551000891,bhattacharyya_kll
2023-02-19 18:52:46.886860032,0.6361806919012096,0.8824592314370353,0,0.7478603450618122,0.5715764019509713,bhattacharyya_kll
2023-03-20 16:48:23.729529344,0.6538709611330076,0.8281160412728183,0,0.7495614626905951,0.5793050523471636,bhattacharyya_kll
2023-05-24 23:45:22.533269760,0.807042223876021,0.761310758885668,1,0.7254461335095836,0.5739864479921157,bhattacharyya_kll
2015-01-11 08:09:48.506820096,0.0,0.0066409299896012,0,0.9820807702594276,0.9973916716569126,chebyshev
2015-02-05 05:45:21.200667648,0.001841741730459,0.0066409299896012,0,0.9755674232309748,0.9963946645121632,chebyshev
2015-02-28 16:39:17.016885504,0.0033977106213569,0.0066409299896012,0,0.9777539533637096,0.9957381803589668,chebyshev
2015-03-24 08:51:32.283909632,0.0030315704643726,0.0066409299896012,0,0.9722074468085108,0.99592193589534,chebyshev
2015-04-19 23:55:22.089075712,0.0031286999583244,0.0066409299896012,0,0.9747596153846154,0.995621762789683,chebyshev
2015-05-16 05:23:02.882852864,0.0025497730821371,0.0066409299896012,0,0.9747910488002156,0.9951544258628652,chebyshev
2015-06-11 17:01:20.739780864,0.002582162618637,0.0066409299896012,0,0.9754207854662036,0.9959718922349832,chebyshev
2015-07-07 02:48:50.688933888,0.0029310844838619,0.0066409299896012,0,0.9734143049932524,0.9954411281334216,chebyshev
2015-07-30 15:34:58.859391744,0.0033296290785074,0.0066409299896012,0,0.9753201707577376,0.995919278433188,chebyshev
2015-08-21 15:05:12.752964864,0.0033853445202112,0.0066409299896012,0,0.9747978436657682,0.9951549073703082,chebyshev
2015-09-12 21:37:22.907615744,0.0024005025625228,0.0066409299896012,0,0.9737194958433896,0.9967122383874012,chebyshev
2015-10-05 21:53:33.587716864,0.0036830101162195,0.0066409299896012,0,0.9758022093634928,0.9972455237358976,chebyshev
2015-10-26 04:25:22.448119552,0.0020621512085199,0.0066409299896012,0,0.9733262203254202,0.9956075193809828,chebyshev
2015-11-13 17:02:05.369004800,0.0019661001861095,0.0066409299896012,0,0.9748830995323982,0.996506195164423,chebyshev
2015-12-02 07:12:01.405064960,0.0019535813480615,0.0066409299896012,0,0.9764169904863996,0.9966623651246994,chebyshev
2015-12-22 18:55:59.606276864,0.0028267123270779,0.0066409299896012,0,0.9703663793103448,0.9960126635069232,chebyshev
2016-01-10 08:06:09.746892288,0.0028820149600505,0.0066409299896012,0,0.9744776514149696,0.9959212977336231,chebyshev
2016-01-21 04:39:16.918586112,0.0024608373641967,0.0066409299896012,0,0.9752276379217996,0.99565376818614,chebyshev
2016-02-02 02:58:14.565866496,0.0031356383115053,0.0066409299896012,0,0.9752,0.9957445729855394,chebyshev
2016-02-14 18:06:33.121078016,0.0029054675251245,0.0066409299896012,0,0.976401179941003,0.995136070591376,chebyshev
2016-02-26 21:17:57.877155840,0.00184569042176,0.0066409299896012,0,0.9751923587158398,0.9963266425151,chebyshev
2016-03-09 07:50:47.186913280,0.0041091740131378,0.0066409299896012,0,0.9746580852775544,0.9954687573729653,chebyshev
2016-03-21 19:27:45.574640896,0.0031333155930042,0.0066409299896012,0,0.9757849920170304,0.9966273167605524,chebyshev
2016-04-04 14:40:47.423562496,0.00456446968019,0.0066409299896012,0,0.973267060720043,0.9954549086588884,chebyshev
2016-04-19 00:35:56.588087808,0.0045369304716587,0.0066409299896012,0,0.9734548335974644,0.9953450653822644,chebyshev
2016-04-29 09:06:52.916020480,0.0040122531354427,0.0066409299896012,0,0.9729874297940626,0.9952464292989204,chebyshev
2016-05-10 06:38:48.651970048,0.0039807446300983,0.0066409299896012,0,0.9717233985526668,0.9952706076965744,chebyshev
2016-05-21 10:47:31.657382656,0.0033831559121608,0.0066409299896012,0,0.9773454157782516,0.9959949892631766,chebyshev
2016-06-01 08:05:10.293080576,0.0041859000921249,0.0066409299896012,0,0.9722148009617954,0.9954980218562054,chebyshev
2016-06-11 14:38:48.016489472,0.0046298056840896,0.0066409299896012,0,0.9751329787234042,0.9958026190877796,chebyshev
2016-06-22 00:57:55.235603712,0.0044029951095581,0.0066409299896012,0,0.9765974230870366,0.9960748749469592,chebyshev
2016-07-02 07:25:22.794145280,0.0043920893222093,0.0066409299896012,0,0.972730918326427,0.9956982330518912,chebyshev
2016-07-13 09:27:46.314788096,0.0047313347458839,0.0066409299896012,0,0.971322849213691,0.9948799666264048,chebyshev
2016-07-22 03:46:52.547762176,0.0049591399729251,0.0066409299896012,0,0.970741482965932,0.9943637526262904,chebyshev
2016-07-31 10:31:14.596140800,0.0060858279466629,0.0066409299896012,0,0.9704590818363272,0.995318887980376,chebyshev
2016-08-09 22:13:06.052518912,0.004729401320219,0.0066409299896012,0,0.9748763864760124,0.9958252967429676,chebyshev
2016-08-19 15:46:13.900492800,0.0037156715989112,0.0066409299896012,0,0.9682962568269616,0.995206116487054,chebyshev
2016-08-29 05:53:12.757607936,0.0050130151212215,0.0066409299896012,0,0.9685049833887044,0.9953991244094098,chebyshev
2016-09-08 09:39:44.793902336,0.0031319372355937,0.0066409299896012,0,0.974703767807216,0.9964862001306454,chebyshev
2016-09-18 06:03:33.502058752,0.0035420004278421,0.0066409299896012,0,0.9721078496480277,0.9957278517704528,chebyshev
2016-09-27 18:24:40.967160576,0.0028944071382284,0.0066409299896012,0,0.9707649179014818,0.9951950672651252,chebyshev
2016-10-07 13:41:23.872992768,0.0034401807934045,0.0066409299896012,0,0.9700066357000664,0.9951628968859444,chebyshev
2016-10-17 11:55:33.511858432,0.003882497549057,0.0066409299896012,0,0.9749430523917996,0.9965663720648624,chebyshev
2016-10-27 01:29:41.976607488,0.0036019794642925,0.0066409299896012,0,0.9677850554738672,0.9948193011232784,chebyshev
2016-11-05 01:35:03.399676928,0.0032990798354148,0.0066409299896012,0,0.9741622930964876,0.9961169449653317,chebyshev
2016-11-14 19:01:10.739316736,0.0034633092582225,0.0066409299896012,0,0.9724045545880776,0.9951873849013252,chebyshev
2016-11-25 12:35:37.448248320,0.0039046332240104,0.0066409299896012,0,0.968562674836819,0.9943729423206012,chebyshev
2016-12-03 15:52:34.117192704,0.0020169336348772,0.0066409299896012,0,0.9703023039019842,0.996177784409808,chebyshev
2016-12-10 08:59:30.693692160,0.0017267297953367,0.0066409299896012,0,0.975596746232831,0.9957150348138878,chebyshev
2016-12-17 08:49:39.525993984,0.0029631126672029,0.0066409299896012,0,0.9724770642201837,0.9958783696859832,chebyshev
2016-12-24 06:30:44.857579520,0.0030153156258165,0.0066409299896012,0,0.9751561046897834,0.9964480545386588,chebyshev
2016-12-30 03:47:24.421860352,0.0021180710755288,0.0066409299896012,0,0.9743284372105332,0.9962206664039944,chebyshev
2017-01-04 22:16:38.277375232,0.0023874621838331,0.0066409299896012,0,0.975886151008038,0.996317702279957,chebyshev
2017-01-10 20:56:48.223647488,0.0016478542238473,0.0066409299896012,0,0.9739478957915833,0.9955256790360728,chebyshev
2017-01-17 04:59:38.757997568,0.0020470023155212,0.0066409299896012,0,0.9745683308794004,0.9961872896245488,chebyshev
2017-01-24 02:28:52.148750848,0.002977093681693,0.0066409299896012,0,0.9761999206664024,0.9960563049754436,chebyshev
2017-01-31 17:37:25.901447424,0.0024470314383506,0.0066409299896012,0,0.9717093903572852,0.9956585327842812,chebyshev
2017-02-08 10:39:14.659304192,0.0024408586323261,0.0066409299896012,0,0.9747387911651898,0.996188022503812,chebyshev
2017-02-16 13:19:43.407748864,0.0027545727789402,0.0066409299896012,0,0.9743486973947896,0.9962613055846748,chebyshev
2017-02-25 01:31:15.515959808,0.0024799276143312,0.0066409299896012,0,0.968474977013004,0.9943666800059094,chebyshev
2017-03-04 23:00:53.579133440,0.0035108923912048,0.0066409299896012,0,0.9748658201335252,0.9957494156392072,chebyshev
2017-03-12 14:57:13.493110272,0.0028608310967683,0.0066409299896012,0,0.9720401337792642,0.9944768508040088,chebyshev
2017-03-19 07:30:07.155601920,0.0033950172364711,0.0066409299896012,0,0.9744358940915612,0.99639635234845,chebyshev
2017-03-26 15:48:53.983547904,0.0032261461019515,0.0066409299896012,0,0.9734642430675337,0.9961268857027954,chebyshev
2017-04-03 09:24:18.020380928,0.0046230778098106,0.0066409299896012,0,0.970960436925536,0.995292120370584,chebyshev
2017-04-11 11:19:21.909979904,0.0038935467600822,0.0066409299896012,0,0.9703951774949764,0.995716189898255,chebyshev
2017-04-19 13:38:16.158673664,0.0040860027074813,0.0066409299896012,0,0.9681595983617388,0.9956322506718136,chebyshev
2017-04-27 04:32:28.451162880,0.0045704208314418,0.0066409299896012,0,0.9730232558139534,0.9964345856056284,chebyshev
2017-05-05 05:58:39.392567040,0.0040960609912872,0.0066409299896012,0,0.9718928999600372,0.9957892869085724,chebyshev
2017-05-14 04:22:32.892679424,0.0045316666364669,0.0066409299896012,0,0.9721961047683008,0.9960161450779934,chebyshev
2017-05-21 19:24:48.956270336,0.0050489790737628,0.0066409299896012,0,0.970059093893631,0.9952534884661072,chebyshev
2017-05-29 21:29:31.905385472,0.0058926232159137,0.0066409299896012,0,0.970867299211546,0.9957772404447194,chebyshev
2017-06-06 21:26:11.897116160,0.0065729245543479,0.0066409299896012,0,0.9696969696969696,0.9947705264957052,chebyshev
2017-06-14 20:46:07.987727104,0.0065363086760044,0.0066409299896012,0,0.9715977924350518,0.9959514671553268,chebyshev
2017-06-22 20:00:49.528886016,0.0051067806780338,0.0066409299896012,0,0.9706871050154632,0.9954542495519124,chebyshev
2017-07-01 09:36:16.053435904,0.0065437741577625,0.0066409299896012,0,0.9682281059063136,0.9946955789197292,chebyshev
2017-07-12 14:58:14.009790208,0.0054353307932615,0.0066409299896012,0,0.95874079035499,0.9932898510072632,chebyshev
2017-07-19 05:59:53.470542080,0.0053569301962852,0.0066409299896012,0,0.9781700579436734,0.9969926543554688,chebyshev
2017-07-24 10:00:41.826860544,0.0039705000817775,0.0066409299896012,0,0.9705215419501134,0.995800313666868,chebyshev
2017-07-31 22:57:28.080697088,0.0054345950484275,0.0066409299896012,0,0.9682453521509023,0.9948123526042432,chebyshev
2017-08-07 12:03:09.532411648,0.0046739093959331,0.0066409299896012,0,0.969857433808554,0.99564967393878,chebyshev
2017-08-14 17:50:42.746228992,0.004647247493267,0.0066409299896012,0,0.9726694628602354,0.9961236425747798,chebyshev
2017-08-21 07:36:09.961766656,0.0043097473680973,0.0066409299896012,0,0.973317079777868,0.9954568507284136,chebyshev
2017-08-28 19:57:39.823730432,0.0043643675744533,0.0066409299896012,0,0.9737515143357114,0.9959691165193416,chebyshev
2017-09-05 01:55:46.054718208,0.0044496208429336,0.0066409299896012,0,0.9687626774847872,0.9957836560567216,chebyshev
2017-09-13 14:01:37.723277568,0.0037921741604804,0.0066409299896012,0,0.9726250169399648,0.9964311913372632,chebyshev
2017-09-22 02:41:11.360974336,0.0030728541314601,0.0066409299896012,0,0.9749016415683084,0.996122140708257,chebyshev
2017-09-30 17:22:12.757061120,0.0050159394741058,0.0066409299896012,0,0.9742261011864176,0.995511478159087,chebyshev
2017-10-09 12:10:52.014179840,0.0054016076028347,0.0066409299896012,0,0.9719184555150532,0.9964949181523726,chebyshev
2017-10-18 05:33:31.071549952,0.0048084035515785,0.0066409299896012,0,0.9697627118644068,0.9962838814190412,chebyshev
2017-10-26 10:29:49.184672256,0.0048909038305282,0.0066409299896012,0,0.9689147182051628,0.9948879845193208,chebyshev
2017-11-03 13:32:06.526492928,0.0046996884047985,0.0066409299896012,0,0.9691182446160096,0.9957077980938176,chebyshev
2017-11-12 11:16:33.610533376,0.0032131765037775,0.0066409299896012,0,0.9724425325984676,0.9957261735143615,chebyshev
2017-11-22 09:22:30.779576064,0.0044693369418382,0.0066409299896012,0,0.9677157908955828,0.995645429134305,chebyshev
2017-12-02 00:14:20.750861312,0.0038480795919895,0.0066409299896012,0,0.9707673568818516,0.9954670455382516,chebyshev
2017-12-10 18:38:30.163156736,0.0050020851194858,0.0066409299896012,0,0.9676593451017385,0.9966062113766786,chebyshev
2017-12-19 10:11:00.917120000,0.0040025115013122,0.0066409299896012,0,0.9671953368578012,0.9954450084977052,chebyshev
2017-12-29 04:55:25.730855936,0.0039867106825113,0.0066409299896012,0,0.9712776046606152,0.9961194834746752,chebyshev
2018-01-07 05:03:58.074396160,0.0033480450510978,0.0066409299896012,0,0.968060630667208,0.9959592016513176,chebyshev
2018-01-13 01:15:01.810510336,0.0031196512281894,0.0066409299896012,0,0.9721358041390504,0.9961572174932212,chebyshev
2018-01-20 09:23:07.746618368,0.0029968805611133,0.0066409299896012,0,0.9742830214083747,0.9965412695809917,chebyshev
2018-01-28 08:00:23.843254272,0.0032621789723634,0.0066409299896012,0,0.9717659834396634,0.9959328974122644,chebyshev
2018-02-05 16:11:44.747650816,0.0044409371912479,0.0066409299896012,0,0.9694054776219104,0.9955197725967956,chebyshev
2018-02-14 04:34:46.924671744,0.0030310694128274,0.0066409299896012,0,0.9728781540952638,0.9967522829056036,chebyshev
2018-02-22 06:31:20.301297664,0.0036053378134965,0.0066409299896012,0,0.9759491960545872,0.9965246801684146,chebyshev
2018-03-02 00:39:40.729383424,0.0035605337470769,0.0066409299896012,0,0.9679443459282498,0.995520898869246,chebyshev
2018-03-09 23:00:57.028640000,0.0028908904641866,0.0066409299896012,0,0.970496684260387,0.9955959799397816,chebyshev
2018-03-18 07:01:04.328294144,0.0042012557387351,0.0066409299896012,0,0.9755080069977125,0.9969361824159156,chebyshev
2018-03-26 00:14:58.361884672,0.0032851211726665,0.0066409299896012,0,0.9726694628602354,0.9966879703312186,chebyshev
2018-04-02 21:40:45.219374592,0.004265259951353,0.0066409299896012,0,0.9690931272875152,0.9959719702861554,chebyshev
2018-04-10 13:53:58.238752000,0.0046278312802314,0.0066409299896012,0,0.9690498716042708,0.9953859238346554,chebyshev
2018-04-18 05:52:30.149701888,0.0033553559333086,0.0066409299896012,0,0.9755702523957348,0.997130952215545,chebyshev
2018-04-26 08:23:35.867226112,0.0045598484575748,0.0066409299896012,0,0.9734453326107574,0.9968284343893812,chebyshev
2018-05-04 09:15:51.821802496,0.0047638975083827,0.0066409299896012,0,0.9745751189666894,0.9969512466018596,chebyshev
2018-05-12 21:50:43.518119424,0.0043119229376316,0.0066409299896012,0,0.9710693524401784,0.9950647520381928,chebyshev
2018-05-21 12:17:53.595243520,0.003483111038804,0.0066409299896012,0,0.9689098250336474,0.9958844660502816,chebyshev
2018-05-29 22:37:11.426733056,0.0051767155528068,0.0066409299896012,0,0.9747830802603036,0.9967097961411028,chebyshev
2018-06-07 00:32:46.876511488,0.0051445700228214,0.0066409299896012,0,0.9691266079891672,0.9961695922638266,chebyshev
2018-06-14 14:02:17.009661696,0.0048376619815826,0.0066409299896012,0,0.9713517148621386,0.9957839400154544,chebyshev
2018-06-22 06:59:06.886837248,0.0038453340530395,0.0066409299896012,0,0.9738800920286912,0.9964713986687272,chebyshev
2018-06-29 16:42:36.076887296,0.004294216632843,0.0056963619171457,0,0.9756031075371404,0.9955342530814704,chebyshev
2018-07-07 12:49:43.480511488,0.0058445446193218,0.0059028617679632,0,0.971390194761585,0.9961315788142198,chebyshev
2018-07-15 21:09:54.719060224,0.0057491064071655,0.0061002632634376,0,0.9668613336955044,0.9951747856281422,chebyshev
2018-07-25 08:17:45.434097408,0.0067256800830364,0.0064926259698026,1,0.970766536440792,0.995847780823082,chebyshev
2018-08-01 18:41:05.208256000,0.0063345618546009,0.0067620401283857,0,0.9721061851502492,0.9966802754364842,chebyshev
2018-08-08 13:01:39.231343616,0.0056963115930557,0.0068464425365982,0,0.9759739378308674,0.9969737355978576,chebyshev
2018-08-15 14:51:17.696300544,0.0050890259444713,0.0069034920447766,0,0.9732973701955496,0.996484146345738,chebyshev
2018-08-23 01:01:27.213691648,0.0055358856916427,0.0070057197390318,0,0.9749220550359224,0.9964475812699356,chebyshev
2018-08-30 21:06:44.884686336,0.004929095506668,0.0070246923891626,0,0.9712356515867656,0.996684405061541,chebyshev
2018-09-08 13:18:56.003451648,0.005603976547718,0.0070851036110529,0,0.9731335223437289,0.9966561127661664,chebyshev
2018-09-17 07:39:59.075442944,0.0057952180504798,0.007140556971474,0,0.968618963884756,0.9958626966431002,chebyshev
2018-09-26 03:50:15.335848704,0.0065466463565826,0.0073144636318828,0,0.9749494949494948,0.9971163396488072,chebyshev
2018-10-05 07:32:21.802231808,0.0054772719740867,0.0073675769934259,0,0.9723389830508474,0.9969995220535788,chebyshev
2018-10-13 18:44:58.700504832,0.0059349983930587,0.0073898430955288,0,0.9727090301003344,0.9969405078692458,chebyshev
2018-10-21 16:45:27.440193024,0.0059837326407432,0.0074506964099882,0,0.9734477671986054,0.9970424265632728,chebyshev
2018-10-29 08:42:23.578923776,0.0052466690540313,0.0074287003320473,0,0.9744629104175112,0.9964196933702334,chebyshev
2018-11-06 04:18:43.090291968,0.0058044530451297,0.0073492227520461,0,0.9737379235270104,0.9970263242930292,chebyshev
2018-11-14 20:25:18.838155776,0.0064858347177505,0.0074718785769285,0,0.9744421906693712,0.9967541831948612,chebyshev
2018-11-23 09:54:35.962477312,0.006424106657505,0.0074737675744257,0,0.9738811046116176,0.997088312527828,chebyshev
2018-12-01 08:47:21.810177536,0.007606241852045,0.0077716731412502,0,0.9736172492299452,0.9974142202403072,chebyshev
2018-12-09 00:42:57.972538368,0.0045054871588945,0.0077761375893715,0,0.9775326247813804,0.9977793933205324,chebyshev
2018-12-15 23:21:59.329690368,0.0052943639457225,0.0076525910825632,0,0.973595125253893,0.9968975369044883,chebyshev
2018-12-23 11:05:31.167271680,0.0063827857375144,0.0077144827935902,0,0.9774072081764388,0.9976090350557466,chebyshev
2018-12-29 17:00:32.257942272,0.0066011608578264,0.0078026035837058,0,0.975869506605554,0.997331688743848,chebyshev
2019-01-04 13:52:37.531022848,0.0069511095061898,0.0078981940999284,0,0.9787899388171312,0.9972237999905712,chebyshev
2019-01-10 06:41:21.192833792,0.0069333934225142,0.0078498708815268,0,0.9780131384904144,0.9972199223071782,chebyshev
2019-01-16 10:38:04.728266752,0.0050466656684875,0.0078538847742684,0,0.9745955341623213,0.9968490101667004,chebyshev
2019-01-23 06:52:45.774218752,0.0072793997824192,0.0080125184927569,0,0.9759739378308674,0.9972091158355384,chebyshev
2019-01-30 17:31:41.145020928,0.0067783631384372,0.0080678502948737,0,0.9788474576271188,0.997886025575489,chebyshev
2019-02-07 08:25:49.291846912,0.0061301081441342,0.0079274436485116,0,0.9762962962962964,0.9977198022717834,chebyshev
2019-02-16 00:10:19.823346432,0.0062380507588386,0.0078344122730803,0,0.973176978029384,0.9973952665521532,chebyshev
2019-02-24 03:28:32.059029760,0.0076853781938552,0.0080394960496851,0,0.9751898047722344,0.9972085035308752,chebyshev
2019-03-03 23:26:39.587647232,0.0067457966506481,0.0080873514393172,0,0.97664686825054,0.9967304682601446,chebyshev
2019-03-11 23:36:41.152388864,0.006342589855194,0.0080576538357686,0,0.9731888964116452,0.9968942057790986,chebyshev
2019-03-20 03:09:37.201606144,0.0082906987518072,0.0083536706843268,0,0.9746027434469644,0.9975200321623346,chebyshev
2019-03-28 13:04:36.918506240,0.0066654533147811,0.0083846662791433,0,0.9742274996626636,0.9965933070552636,chebyshev
2019-04-06 03:31:12.239665920,0.007336501032114,0.0084518506051754,0,0.979311283517082,0.9977851458885942,chebyshev
2019-04-14 13:17:12.127801088,0.0081638060510158,0.0086671324048464,0,0.9717223650385604,0.9968437129048984,chebyshev
2019-04-22 20:24:59.649585152,0.0079563781619071,0.0087731610564803,0,0.9778647590767984,0.9974835671350402,chebyshev
2019-04-30 21:09:58.900908032,0.0078150294721126,0.0088862241393285,0,0.979694057127386,0.997199819880671,chebyshev
2019-05-08 12:33:29.212087808,0.0085138417780399,0.0091090046489467,0,0.977509822517274,0.9973049492909704,chebyshev
2019-05-15 23:08:27.200681472,0.0070553496479988,0.0091325446204172,0,0.9787694388100068,0.9975537046252196,chebyshev
2019-05-23 08:52:22.653012224,0.0080964937806129,0.0092390327348141,0,0.9774598461330812,0.9981649238426784,chebyshev
2019-05-30 22:52:33.977469440,0.0097202416509389,0.0096693869243878,1,0.9748206308379586,0.9970015375734812,chebyshev
2019-06-07 01:21:35.321539072,0.0103326998651027,0.0101836080368687,1,0.9780234596197924,0.997788728848026,chebyshev
2019-06-13 23:08:36.748116224,0.0091181509196758,0.0103389146341572,0,0.97457857531267,0.9970495620931236,chebyshev
2019-06-19 21:51:20.566598400,0.0088687017560005,0.0104693336920843,0,0.9801028695181376,0.9978177458033574,chebyshev
2019-06-25 13:38:20.489797632,0.008844718337059,0.0106054510059463,0,0.9761036857027136,0.996620508220997,chebyshev
2019-07-01 04:13:41.139450112,0.0078331977128982,0.0106327752409541,0,0.9776008635811632,0.9977094708283308,chebyshev
2019-07-06 15:14:53.627373824,0.0090526938438415,0.0107661950036876,0,0.9786663088689118,0.9972674219848372,chebyshev
2019-07-12 01:09:43.613655808,0.0068943537771701,0.0105731268342936,0,0.9760260056887444,0.9974870453426832,chebyshev
2019-07-17 12:14:25.262008832,0.008575964719057,0.0105417565984527,0,0.9789103690685412,0.9974053153362448,chebyshev
2019-07-23 01:38:22.589190400,0.0090398732572793,0.0106413903060157,0,0.977675551346232,0.9974583604182452,chebyshev
2019-07-29 00:02:24.235024128,0.0083379484713077,0.0106676225740892,0,0.9756953821226032,0.9970230760243518,chebyshev
2019-08-04 14:57:42.356743168,0.0086367130279541,0.0107251415569747,0,0.9786371011357492,0.9972539251207728,chebyshev
2019-08-11 22:40:47.209317632,0.0096326321363449,0.0108963937189782,0,0.9768723947828424,0.997945779605962,chebyshev
2019-08-19 12:11:12.264657664,0.0091856010258197,0.0107775841520237,0,0.9727457627118644,0.9971253660746942,chebyshev
2019-08-26 12:18:00.631070464,0.008922804147005,0.0108367139581767,0,0.9799481653253308,0.9981271990925036,chebyshev
2019-09-02 23:59:24.102610944,0.0091142151504755,0.0108813208543252,0,0.9741252178576216,0.997159343456792,chebyshev
2019-09-11 14:18:50.241135616,0.0090685915201902,0.0108351060655514,0,0.9762840493291776,0.9974481492833196,chebyshev
2019-09-20 07:11:53.724405760,0.009935475885868,0.0108839127409566,0,0.980169971671388,0.9977836137503694,chebyshev
2019-09-28 17:43:57.425362688,0.0100050196051597,0.0110402545606405,0,0.9767975178740052,0.9977183395241316,chebyshev
2019-10-07 05:47:27.246907904,0.0100734662264585,0.0111197277594072,0,0.979382832502358,0.9982533910097956,chebyshev
2019-10-15 03:07:43.260482560,0.0104585923254489,0.0111713894386517,0,0.9765908785147316,0.997192047429757,chebyshev
2019-10-23 04:54:55.352891904,0.0109472014009952,0.0114461003069686,0,0.976855003403676,0.9975726748044748,chebyshev
2019-10-30 22:03:19.516393216,0.0097031751647591,0.0113807190096082,0,0.9801711258997692,0.9983134204416424,chebyshev
2019-11-07 00:53:40.218806016,0.0096417041495442,0.0113670883911508,0,0.97671617824167,0.9977226633863264,chebyshev
2019-11-14 13:41:12.079603712,0.0084716435521841,0.0113591834115182,0,0.9788857103936792,0.9976172588855884,chebyshev
2019-11-21 23:22:56.785410048,0.0090749114751815,0.0113468518250459,0,0.9807196198234894,0.9972779609645056,chebyshev
2019-11-30 20:34:38.279047936,0.0088418032974004,0.0113134468042345,0,0.979852249832102,0.9982134065311636,chebyshev
2019-12-08 09:25:22.834821632,0.0084811253473162,0.0113140803564257,0,0.982130861211877,0.9983076824902204,chebyshev
2019-12-12 18:50:53.435386880,0.0086810905486345,0.0111755924078485,0,0.9800404585300068,0.9980180939102798,chebyshev
2019-12-16 13:35:06.442365184,0.0091746114194393,0.0111559219490188,0,0.9787321063394684,0.9977508763557238,chebyshev
2019-12-21 06:00:31.676440064,0.0087251039221882,0.0111140642310436,0,0.9770971676378912,0.9977103371302892,chebyshev
2019-12-26 05:37:55.490231296,0.0079055344685912,0.0110237141463153,0,0.9793149764942914,0.9981033388219184,chebyshev
2019-12-30 07:47:43.296733696,0.0082164797931909,0.0110274132223296,0,0.983533540288838,0.9986466202721646,chebyshev
2020-01-03 16:51:19.239594752,0.0094104269519448,0.0110521239624607,0,0.98168001085629,0.997904064422759,chebyshev
2020-01-08 01:33:12.531953920,0.0082851508632302,0.0110595458875674,0,0.9805062948422903,0.9980880950380392,chebyshev
2020-01-12 15:12:23.531623168,0.0094377975910902,0.0110463249266067,0,0.9818845477896444,0.9983810152898812,chebyshev
2020-01-17 15:46:46.688024064,0.008802592754364,0.0110414706085882,0,0.9809742274996628,0.997574729830632,chebyshev
2020-01-23 21:51:56.381055744,0.0087550226598978,0.010839466972135,0,0.9790455590104096,0.997821978792643,chebyshev
2020-01-30 19:11:52.586894080,0.0081304935738444,0.0108649801312631,0,0.982368099823681,0.9984064247903502,chebyshev
2020-02-06 07:08:13.361990656,0.0083976332098245,0.0108717337457507,0,0.980466118819884,0.9984713729849916,chebyshev
2020-02-13 01:08:20.600041216,0.0082123726606369,0.0108792691355058,0,0.980594381869996,0.9985777946335452,chebyshev
2020-02-20 04:43:36.799451136,0.0072217788547277,0.0110075947148382,0,0.982296064278905,0.997757319264885,chebyshev
2020-02-27 11:09:41.174667776,0.0076796934008598,0.0110116168121401,0,0.980522115514676,0.9980716062436624,chebyshev
2020-03-06 10:01:34.221097216,0.0075981430709362,0.0110452841163328,0,0.9771951386043972,0.9981527258877304,chebyshev
2020-03-15 17:50:55.387179520,0.0080071352422237,0.0110530766507017,0,0.976470588235294,0.9979705325287408,chebyshev
2020-03-31 12:24:21.388140032,0.0094266794621944,0.0110749544368016,0,0.97648330855521,0.9979869100302784,chebyshev
2020-04-19 19:09:54.220436480,0.0106404013931751,0.0112635225693624,0,0.9787688609961276,0.9987764275734796,chebyshev
2020-05-06 13:02:34.439251200,0.0092721339315176,0.011201122994756,0,0.9803602871461464,0.9982450183591168,chebyshev
2020-05-20 22:14:33.564038144,0.0094025265425443,0.0111370294793599,0,0.9797966101694916,0.9979939286721116,chebyshev
2020-06-02 19:01:00.673675008,0.0107045955955982,0.0112432930938638,0,0.980089394555059,0.9982406728621536,chebyshev
2020-06-14 12:55:11.777557504,0.0096009187400341,0.0111267287919676,0,0.980803028254698,0.998587369584675,chebyshev
2020-06-25 18:31:03.157110528,0.0094109643250703,0.0108790521512825,0,0.9820585457979226,0.9985096238742716,chebyshev
2020-07-06 01:42:44.718910208,0.0106352977454662,0.0110314880585075,0,0.9817838348401026,0.9987254640535896,chebyshev
2020-07-14 20:10:16.472787968,0.0098515674471855,0.0110560149397837,0,0.9784582034954612,0.9984417456364816,chebyshev
2020-07-23 10:45:36.111246080,0.0097857303917407,0.0111279588220477,0,0.9826356171759322,0.9985062115287798,chebyshev
2020-08-01 00:21:53.413779712,0.0099386684596538,0.0112025817239037,0,0.980169971671388,0.998430781905718,chebyshev
2020-08-09 22:33:36.310064640,0.0102650318294763,0.0113246533150321,0,0.985581458024525,0.9986509526896749,chebyshev
2020-08-19 11:40:47.998887680,0.0098500307649374,0.0113875159315034,0,0.9791525653174497,0.9983216062683318,chebyshev
2020-08-29 07:17:24.744298240,0.0100583583116531,0.0114698356431054,0,0.9801333514763914,0.9986544613580158,chebyshev
2020-09-08 13:07:14.854673152,0.0105164684355258,0.011598912529799,0,0.983358138276282,0.9986346322368932,chebyshev
2020-09-18 15:46:03.256505856,0.0103059820830821,0.011698151452788,0,0.982255679526818,0.9981268025393812,chebyshev
2020-09-28 20:35:51.413286912,0.0113799255341291,0.0119252307496496,0,0.9847028563692974,0.9985904821521646,chebyshev
2020-10-08 21:31:41.572937984,0.010702745988965,0.012030071385531,0,0.9835068270920644,0.9983260266776848,chebyshev
2020-10-18 16:03:22.807606528,0.0107508394867181,0.0121445538106278,0,0.9822832023444784,0.9985796984753094,chebyshev
2020-10-26 21:41:59.190437632,0.0110279824584722,0.0122729683564257,0,0.9807407407407408,0.9984083038512688,chebyshev
2020-11-04 17:58:27.908431360,0.0115246418863534,0.012484571431371,0,0.982989064398542,0.9984378479677632,chebyshev
2020-11-13 22:28:31.770108160,0.0113302860409021,0.0126460030649929,0,0.9806521445000675,0.9983999238269854,chebyshev
2020-11-23 10:16:15.536645632,0.0112207345664501,0.0127741265701795,0,0.9801001759848382,0.9983419121326316,chebyshev
2020-12-03 15:59:54.972755200,0.0114918705075979,0.0128846611680777,0,0.9831149533972714,0.998675437306011,chebyshev
2020-12-12 11:15:47.909172736,0.0116187911480665,0.0130099928552613,0,0.9847069968872648,0.9990173950610582,chebyshev
2020-12-20 03:07:40.230582528,0.0103149320930242,0.0129692302428918,0,0.9819349658771578,0.9985848715980462,chebyshev
2020-12-27 19:23:19.554768128,0.0101299453526735,0.0127538426030968,0,0.987362413371382,0.9992794062063745,chebyshev
2021-01-03 06:23:17.718913792,0.0112827736884355,0.0126553732653941,0,0.9834521727431724,0.99872027790213,chebyshev
2021-01-10 11:48:21.955332096,0.0105333123356103,0.0124076446012094,0,0.986776413439482,0.99910815438574,chebyshev
2021-01-18 01:57:13.053986560,0.0103796292096376,0.0121684452001607,0,0.9848263010781312,0.998797277724573,chebyshev
2021-01-25 23:09:30.944615936,0.0087828934192657,0.0122475329453263,0,0.9817592217267936,0.998323050846558,chebyshev
2021-02-03 12:33:21.853117696,0.0103511158376932,0.0122353467737935,0,0.9845865165527408,0.9986461544188432,chebyshev
2021-02-12 09:54:04.417721344,0.0090860035270452,0.012255183202324,0,0.9825779229617532,0.998757891999708,chebyshev
2021-02-20 16:35:42.963620352,0.0096742194145917,0.0122372643874757,0,0.982966067324591,0.9985863802728536,chebyshev
2021-02-28 05:00:00.566801408,0.0100840274244546,0.0122174465105364,0,0.9820585457979226,0.99865716930198,chebyshev
2021-03-07 21:11:20.962432768,0.010788781568408,0.0122267418866228,0,0.983461073013312,0.999011677835454,chebyshev
2021-03-15 20:44:33.816502528,0.0116961989551782,0.0123239816484492,0,0.9851210604625996,0.9990411326854578,chebyshev
2021-03-23 10:38:54.493573120,0.0127904582768678,0.0126645611094982,1,0.9797761898341648,0.998720500733767,chebyshev
2021-03-31 06:58:45.219431936,0.0123038180172443,0.012854708854446,0,0.9842466675642924,0.9990547629519408,chebyshev
2021-04-08 13:38:17.877173504,0.0137428846210241,0.0133460487512613,1,0.9812881355932204,0.9983652303142312,chebyshev
2021-04-16 05:42:19.725994240,0.0130221229046583,0.0136033346166615,0,0.9821597513177456,0.9988658938950524,chebyshev
2021-04-23 19:16:04.996834304,0.0122195575386285,0.0137147117693893,0,0.9844489519945908,0.9991844221743872,chebyshev
2021-05-01 18:30:03.026884352,0.0136860478669404,0.014049522436607,0,0.9856817877693028,0.9992198973780494,chebyshev
2021-05-10 01:02:27.782891008,0.0147202331572771,0.0145812318863639,1,0.9814291481631006,0.9987078284062388,chebyshev
2021-05-19 04:00:54.178891776,0.0142652448266744,0.0149502885280989,0,0.9838512688288776,0.9988911648996066,chebyshev
2021-05-28 06:59:56.814934272,0.0147846024483442,0.0153751456757371,0,0.9836375929682216,0.9986718477503638,chebyshev
2021-06-06 08:10:03.114930688,0.0162687692791223,0.0160860797764979,1,0.9856698661619576,0.9988180313288908,chebyshev
2021-06-15 02:51:55.451059200,0.0160824451595544,0.0166596267955684,0,0.9836198727494246,0.9989317270543058,chebyshev
2021-06-24 11:51:15.571951104,0.0156619735062122,0.0170849498365024,0,0.9836905243294244,0.998774483764801,chebyshev
2021-07-03 00:41:20.139074560,0.0168754272162914,0.0177020461259652,0,0.9860904794058069,0.9990300582352372,chebyshev
2021-07-11 03:42:50.439658240,0.0172780435532331,0.018331781292194,0,0.9858280469699016,0.9991130667709556,chebyshev
2021-07-19 19:34:35.039692288,0.0172992665320634,0.0188976563124206,0,0.9818845477896444,0.9987777719953944,chebyshev
2021-07-29 01:51:02.608172544,0.017727605998516,0.0194816503836217,0,0.9821549276733812,0.9990594832895136,chebyshev
2021-08-07 10:51:27.352369408,0.0171901322901248,0.0199194932906147,0,0.9834216605517054,0.9991277648510354,chebyshev
2021-08-17 12:38:25.298760960,0.0178222022950649,0.0204190252752932,0,0.9831955549532456,0.9989466507167266,chebyshev
2021-08-28 02:15:10.444094976,0.0164385307580232,0.0206313929889255,0,0.9830531271015468,0.9989072023665696,chebyshev
2021-09-08 08:23:55.827413248,0.0171915385872125,0.0208893808459581,0,0.9854073773814348,0.9992764860304276,chebyshev
2021-09-20 02:09:24.517992448,0.0188019163906574,0.0214061202427591,0,0.9833674164962508,0.998948198652258,chebyshev
2021-10-02 09:07:14.140529664,0.0178315863013267,0.0216782786291785,0,0.9829094334544476,0.999314443202496,chebyshev
2021-10-14 09:53:58.433844224,0.0184145085513591,0.0219686950049791,0,0.9858829917198316,0.9993252146922252,chebyshev
2021-10-26 06:50:48.638631424,0.0197463575750589,0.0222281206979929,0,0.9847654683950288,0.999173959024674,chebyshev
2021-11-07 02:07:38.964423168,0.0181780774146318,0.022342640566714,0,0.9858509634820104,0.9991854951229406,chebyshev
2021-11-20 03:43:54.708039424,0.024009695276618,0.0233525843709781,1,0.7079028579095666,0.6543381694877807,chebyshev
2021-12-04 16:27:34.629209856,0.0253436714410781,0.0245545603723367,1,0.692888948859803,0.6129756944534697,chebyshev
2021-12-16 15:25:29.038531328,0.0241662487387657,0.0253013929151103,0,0.7032074705643524,0.6299999447588833,chebyshev
2021-12-28 07:33:53.691827456,0.0240931045264005,0.0259557622739924,0,0.7241004752206381,0.6089595442639874,chebyshev
2022-01-07 23:29:55.343080448,0.023797309026122,0.0265142886113765,0,0.7182964871829649,0.6022975152928747,chebyshev
2022-01-19 00:01:43.121507840,0.0242098905146121,0.027131297042999,0,0.7134336451131896,0.614395176029269,chebyshev
2022-02-01 02:08:39.386309376,0.0252852030098438,0.0277940163984453,0,0.6860140788949396,0.6020920195011361,chebyshev
2022-02-15 21:24:12.288849152,0.0249057076871395,0.0283898079687479,0,0.6871864406779661,0.5928130371760321,chebyshev
2022-03-03 18:56:24.278607872,0.0256339535117149,0.0289539057514913,0,0.6862612916273426,0.6044672765502397,chebyshev
2022-03-20 01:26:42.440673792,0.0254077333956956,0.0292814521580126,0,0.7012599918710202,0.6070035843832118,chebyshev
2022-04-05 13:17:19.308122880,0.0257428847253322,0.029702792265973,0,0.700282752120641,0.5969200415761987,chebyshev
2022-04-22 15:56:24.990583552,0.0268001183867454,0.0302874071460678,0,0.6924438393464942,0.5952509771742679,chebyshev
2022-05-10 01:49:57.067557120,0.027131263166666,0.0307806474645204,0,0.6865852020948032,0.5867689699991769,chebyshev
2022-05-26 23:41:19.694324992,0.026913397014141,0.0311789889921937,0,0.692601171821774,0.5862204836690921,chebyshev
2022-06-13 19:31:30.953625856,0.0274160020053386,0.0316833777462533,0,0.7063870352716873,0.5999926459072181,chebyshev
2022-07-01 05:13:34.188655360,0.0261971168220043,0.031922217549077,0,0.7135282121006118,0.6122314093367258,chebyshev
2022-07-19 07:43:38.707995136,0.0280950218439102,0.032307894963253,0,0.7150632739148184,0.5904891588394284,chebyshev
2022-08-03 21:19:20.825760512,0.0269748270511627,0.0325522746854204,0,0.7179001488296577,0.5890484316325203,chebyshev
2022-08-20 21:57:39.515699200,0.0262436047196388,0.0326774541565227,0,0.7087875117749967,0.5876377806366361,chebyshev
2022-09-08 12:21:15.658391552,0.0274170078337192,0.0328758093058844,0,0.7056106507268034,0.5979556096174928,chebyshev
2022-09-29 05:47:21.496285952,0.027493230998516,0.0330485148412178,0,0.7102526002971769,0.5868182809386289,chebyshev
2022-10-17 10:02:33.443390208,0.0284659583121538,0.0332114189688008,0,0.7228915662650602,0.5734394626800947,chebyshev
2022-11-03 19:29:27.377822464,0.028232455253601,0.0333188475643541,0,0.7336480107889414,0.5803756586775455,chebyshev
2022-11-22 04:43:40.296791552,0.0283459890633821,0.0331457286256688,0,0.7608194274860941,0.5684594943910825,chebyshev
2022-12-12 18:26:22.581661952,0.0273455306887626,0.0328353010818282,0,0.7535525781567195,0.5736545178875823,chebyshev
2023-01-01 16:50:34.107695360,0.0278073959052562,0.0326946076549214,0,0.7775238607339696,0.5725183312382702,chebyshev
2023-01-21 22:36:39.085148160,0.0269163157790899,0.0321812603507034,0,0.763359806165029,0.5718948551000891,chebyshev
2023-02-19 18:52:46.886860032,0.0254245810210704,0.0315275665434309,0,0.7478603450618122,0.5715764019509713,chebyshev
2023-03-20 16:48:23.729529344,0.0251447446644306,0.0309888759670963,0,0.7495614626905951,0.5793050523471636,chebyshev
2023-05-24 23:45:22.533269760,0.025401460006833,0.0297090190438491,0,0.7254461335095836,0.5739864479921157,chebyshev
2015-01-11 08:09:48.506820096,0.0,1.1404063721513698e-05,0,0.9820807702594276,0.9973916716569126,mmd_kll
2015-02-05 05:45:21.200667648,4.963392457174587e-06,1.1404063721513698e-05,0,0.9755674232309748,0.9963946645121632,mmd_kll
2015-02-28 16:39:17.016885504,5.436872655739204e-06,1.1404063721513698e-05,0,0.9777539533637096,0.9957381803589668,mmd_kll
2015-03-24 08:51:32.283909632,4.382809785623508e-06,1.1404063721513698e-05,0,0.9722074468085108,0.99592193589534,mmd_kll
2015-04-19 23:55:22.089075712,5.081863265764958e-06,1.1404063721513698e-05,0,0.9747596153846154,0.995621762789683,mmd_kll
2015-05-16 05:23:02.882852864,4.694708931603925e-06,1.1404063721513698e-05,0,0.9747910488002156,0.9951544258628652,mmd_kll
2015-06-11 17:01:20.739780864,4.360803170919368e-06,1.1404063721513698e-05,0,0.9754207854662036,0.9959718922349832,mmd_kll
2015-07-07 02:48:50.688933888,4.4610467628512784e-06,1.1404063721513698e-05,0,0.9734143049932524,0.9954411281334216,mmd_kll
2015-07-30 15:34:58.859391744,5.0350329801931064e-06,1.1404063721513698e-05,0,0.9753201707577376,0.995919278433188,mmd_kll
2015-08-21 15:05:12.752964864,4.784563231181177e-06,1.1404063721513698e-05,0,0.9747978436657682,0.9951549073703082,mmd_kll
2015-09-12 21:37:22.907615744,4.386115494153335e-06,1.1404063721513698e-05,0,0.9737194958433896,0.9967122383874012,mmd_kll
2015-10-05 21:53:33.587716864,5.822850690945004e-06,1.1404063721513698e-05,0,0.9758022093634928,0.9972455237358976,mmd_kll
2015-10-26 04:25:22.448119552,5.226785486462289e-06,1.1404063721513698e-05,0,0.9733262203254202,0.9956075193809828,mmd_kll
2015-11-13 17:02:05.369004800,5.581142603767787e-06,1.1404063721513698e-05,0,0.9748830995323982,0.996506195164423,mmd_kll
2015-12-02 07:12:01.405064960,4.9491890979578195e-06,1.1404063721513698e-05,0,0.9764169904863996,0.9966623651246994,mmd_kll
2015-12-22 18:55:59.606276864,6.261813676950352e-06,1.1404063721513698e-05,0,0.9703663793103448,0.9960126635069232,mmd_kll
2016-01-10 08:06:09.746892288,6.513249013575621e-06,1.1404063721513698e-05,0,0.9744776514149696,0.9959212977336231,mmd_kll
2016-01-21 04:39:16.918586112,5.091170725808382e-06,1.1404063721513698e-05,0,0.9752276379217996,0.99565376818614,mmd_kll
2016-02-02 02:58:14.565866496,4.587814830107663e-06,1.1404063721513698e-05,0,0.9752,0.9957445729855394,mmd_kll
2016-02-14 18:06:33.121078016,4.404227128292544e-06,1.1404063721513698e-05,0,0.976401179941003,0.995136070591376,mmd_kll
2016-02-26 21:17:57.877155840,3.7415852831915175e-06,1.1404063721513698e-05,0,0.9751923587158398,0.9963266425151,mmd_kll
2016-03-09 07:50:47.186913280,4.952295772188188e-06,1.1404063721513698e-05,0,0.9746580852775544,0.9954687573729653,mmd_kll
2016-03-21 19:27:45.574640896,4.662523013540069e-06,1.1404063721513698e-05,0,0.9757849920170304,0.9966273167605524,mmd_kll
2016-04-04 14:40:47.423562496,4.9607097821237345e-06,1.1404063721513698e-05,0,0.973267060720043,0.9954549086588884,mmd_kll
2016-04-19 00:35:56.588087808,5.177447049588048e-06,1.1404063721513698e-05,0,0.9734548335974644,0.9953450653822644,mmd_kll
2016-04-29 09:06:52.916020480,5.060905623962414e-06,1.1404063721513698e-05,0,0.9729874297940626,0.9952464292989204,mmd_kll
2016-05-10 06:38:48.651970048,6.145400641827808e-06,1.1404063721513698e-05,0,0.9717233985526668,0.9952706076965744,mmd_kll
2016-05-21 10:47:31.657382656,4.86452720602909e-06,1.1404063721513698e-05,0,0.9773454157782516,0.9959949892631766,mmd_kll
2016-06-01 08:05:10.293080576,5.69456114286072e-06,1.1404063721513698e-05,0,0.9722148009617954,0.9954980218562054,mmd_kll
2016-06-11 14:38:48.016489472,8.832578076266537e-06,1.1404063721513698e-05,0,0.9751329787234042,0.9958026190877796,mmd_kll
2016-06-22 00:57:55.235603712,7.038282845168303e-06,1.1404063721513698e-05,0,0.9765974230870366,0.9960748749469592,mmd_kll
2016-07-02 07:25:22.794145280,6.381533184854811e-06,1.1404063721513698e-05,0,0.972730918326427,0.9956982330518912,mmd_kll
2016-07-13 09:27:46.314788096,6.461967694019096e-06,1.1404063721513698e-05,0,0.971322849213691,0.9948799666264048,mmd_kll
2016-07-22 03:46:52.547762176,7.041783976560051e-06,1.1404063721513698e-05,0,0.970741482965932,0.9943637526262904,mmd_kll
2016-07-31 10:31:14.596140800,7.466625997974476e-06,1.1404063721513698e-05,0,0.9704590818363272,0.995318887980376,mmd_kll
2016-08-09 22:13:06.052518912,6.785175653029052e-06,1.1404063721513698e-05,0,0.9748763864760124,0.9958252967429676,mmd_kll
2016-08-19 15:46:13.900492800,6.4325495657859e-06,1.1404063721513698e-05,0,0.9682962568269616,0.995206116487054,mmd_kll
2016-08-29 05:53:12.757607936,8.499849379115429e-06,1.1404063721513698e-05,0,0.9685049833887044,0.9953991244094098,mmd_kll
2016-09-08 09:39:44.793902336,4.030553727710449e-06,1.1404063721513698e-05,0,0.974703767807216,0.9964862001306454,mmd_kll
2016-09-18 06:03:33.502058752,5.931609018430123e-06,1.1404063721513698e-05,0,0.9721078496480277,0.9957278517704528,mmd_kll
2016-09-27 18:24:40.967160576,5.080579982606979e-06,1.1404063721513698e-05,0,0.9707649179014818,0.9951950672651252,mmd_kll
2016-10-07 13:41:23.872992768,4.401489273265363e-06,1.1404063721513698e-05,0,0.9700066357000664,0.9951628968859444,mmd_kll
2016-10-17 11:55:33.511858432,5.256235697109757e-06,1.1404063721513698e-05,0,0.9749430523917996,0.9965663720648624,mmd_kll
2016-10-27 01:29:41.976607488,6.260528062230347e-06,1.1404063721513698e-05,0,0.9677850554738672,0.9948193011232784,mmd_kll
2016-11-05 01:35:03.399676928,6.023535888181886e-06,1.1404063721513698e-05,0,0.9741622930964876,0.9961169449653317,mmd_kll
2016-11-14 19:01:10.739316736,5.131276554585599e-06,1.1404063721513698e-05,0,0.9724045545880776,0.9951873849013252,mmd_kll
2016-11-25 12:35:37.448248320,6.661741990728516e-06,1.1404063721513698e-05,0,0.968562674836819,0.9943729423206012,mmd_kll
2016-12-03 15:52:34.117192704,4.676556707937605e-06,1.1404063721513698e-05,0,0.9703023039019842,0.996177784409808,mmd_kll
2016-12-10 08:59:30.693692160,4.734823135829624e-06,1.1404063721513698e-05,0,0.975596746232831,0.9957150348138878,mmd_kll
2016-12-17 08:49:39.525993984,5.3018319892995935e-06,1.1404063721513698e-05,0,0.9724770642201837,0.9958783696859832,mmd_kll
2016-12-24 06:30:44.857579520,6.615259725223134e-06,1.1404063721513698e-05,0,0.9751561046897834,0.9964480545386588,mmd_kll
2016-12-30 03:47:24.421860352,6.467557978977421e-06,1.1404063721513698e-05,0,0.9743284372105332,0.9962206664039944,mmd_kll
2017-01-04 22:16:38.277375232,6.049691541043049e-06,1.1404063721513698e-05,0,0.975886151008038,0.996317702279957,mmd_kll
2017-01-10 20:56:48.223647488,5.123902977319471e-06,1.1404063721513698e-05,0,0.9739478957915833,0.9955256790360728,mmd_kll
2017-01-17 04:59:38.757997568,5.089595934070397e-06,1.1404063721513698e-05,0,0.9745683308794004,0.9961872896245488,mmd_kll
2017-01-24 02:28:52.148750848,4.962497557116595e-06,1.1404063721513698e-05,0,0.9761999206664024,0.9960563049754436,mmd_kll
2017-01-31 17:37:25.901447424,5.143736809789384e-06,1.1404063721513698e-05,0,0.9717093903572852,0.9956585327842812,mmd_kll
2017-02-08 10:39:14.659304192,7.057491137280279e-06,1.1404063721513698e-05,0,0.9747387911651898,0.996188022503812,mmd_kll
2017-02-16 13:19:43.407748864,6.689709757172711e-06,1.1404063721513698e-05,0,0.9743486973947896,0.9962613055846748,mmd_kll
2017-02-25 01:31:15.515959808,6.704755683080664e-06,1.1404063721513698e-05,0,0.968474977013004,0.9943666800059094,mmd_kll
2017-03-04 23:00:53.579133440,6.0058492080417485e-06,1.1404063721513698e-05,0,0.9748658201335252,0.9957494156392072,mmd_kll
2017-03-12 14:57:13.493110272,6.099953761732936e-06,1.1404063721513698e-05,0,0.9720401337792642,0.9944768508040088,mmd_kll
2017-03-19 07:30:07.155601920,7.115734370255246e-06,1.1404063721513698e-05,0,0.9744358940915612,0.99639635234845,mmd_kll
2017-03-26 15:48:53.983547904,5.9659551590434306e-06,1.1404063721513698e-05,0,0.9734642430675337,0.9961268857027954,mmd_kll
2017-04-03 09:24:18.020380928,9.374638990468828e-06,1.1404063721513698e-05,0,0.970960436925536,0.995292120370584,mmd_kll
2017-04-11 11:19:21.909979904,7.202231778945707e-06,1.1404063721513698e-05,0,0.9703951774949764,0.995716189898255,mmd_kll
2017-04-19 13:38:16.158673664,7.749607339404644e-06,1.1404063721513698e-05,0,0.9681595983617388,0.9956322506718136,mmd_kll
2017-04-27 04:32:28.451162880,8.803881943033007e-06,1.1404063721513698e-05,0,0.9730232558139534,0.9964345856056284,mmd_kll
2017-05-05 05:58:39.392567040,8.654363355390058e-06,1.1404063721513698e-05,0,0.9718928999600372,0.9957892869085724,mmd_kll
2017-05-14 04:22:32.892679424,6.552505146420011e-06,1.1404063721513698e-05,0,0.9721961047683008,0.9960161450779934,mmd_kll
2017-05-21 19:24:48.956270336,9.26498497788239e-06,1.1404063721513698e-05,0,0.970059093893631,0.9952534884661072,mmd_kll
2017-05-29 21:29:31.905385472,9.313311647887273e-06,1.1404063721513698e-05,0,0.970867299211546,0.9957772404447194,mmd_kll
2017-06-06 21:26:11.897116160,8.85563509985902e-06,1.1404063721513698e-05,0,0.9696969696969696,0.9947705264957052,mmd_kll
2017-06-14 20:46:07.987727104,1.2664799464818612e-05,1.1404063721513698e-05,0,0.9715977924350518,0.9959514671553268,mmd_kll
2017-06-22 20:00:49.528886016,8.480986748808187e-06,1.1404063721513698e-05,0,0.9706871050154632,0.9954542495519124,mmd_kll
2017-07-01 09:36:16.053435904,1.1666769814114528e-05,1.1404063721513698e-05,0,0.9682281059063136,0.9946955789197292,mmd_kll
2017-07-12 14:58:14.009790208,1.4489487729669783e-05,1.1404063721513698e-05,0,0.95874079035499,0.9932898510072632,mmd_kll
2017-07-19 05:59:53.470542080,8.686361904525671e-06,1.1404063721513698e-05,0,0.9781700579436734,0.9969926543554688,mmd_kll
2017-07-24 10:00:41.826860544,7.374162401508714e-06,1.1404063721513698e-05,0,0.9705215419501134,0.995800313666868,mmd_kll
2017-07-31 22:57:28.080697088,9.295398887036267e-06,1.1404063721513698e-05,0,0.9682453521509023,0.9948123526042432,mmd_kll
2017-08-07 12:03:09.532411648,7.469092712078286e-06,1.1404063721513698e-05,0,0.969857433808554,0.99564967393878,mmd_kll
2017-08-14 17:50:42.746228992,7.78198017566123e-06,1.1404063721513698e-05,0,0.9726694628602354,0.9961236425747798,mmd_kll
2017-08-21 07:36:09.961766656,6.498158891397182e-06,1.1404063721513698e-05,0,0.973317079777868,0.9954568507284136,mmd_kll
2017-08-28 19:57:39.823730432,7.583508896217654e-06,1.1404063721513698e-05,0,0.9737515143357114,0.9959691165193416,mmd_kll
2017-09-05 01:55:46.054718208,7.624855592334307e-06,1.1404063721513698e-05,0,0.9687626774847872,0.9957836560567216,mmd_kll
2017-09-13 14:01:37.723277568,6.617362062300708e-06,1.1404063721513698e-05,0,0.9726250169399648,0.9964311913372632,mmd_kll
2017-09-22 02:41:11.360974336,5.468795454803092e-06,1.1404063721513698e-05,0,0.9749016415683084,0.996122140708257,mmd_kll
2017-09-30 17:22:12.757061120,6.713283655524621e-06,1.1404063721513698e-05,0,0.9742261011864176,0.995511478159087,mmd_kll
2017-10-09 12:10:52.014179840,1.183614238636314e-05,1.1404063721513698e-05,0,0.9719184555150532,0.9964949181523726,mmd_kll
2017-10-18 05:33:31.071549952,8.521863319569528e-06,1.1404063721513698e-05,0,0.9697627118644068,0.9962838814190412,mmd_kll
2017-10-26 10:29:49.184672256,7.205663162502633e-06,1.1404063721513698e-05,0,0.9689147182051628,0.9948879845193208,mmd_kll
2017-11-03 13:32:06.526492928,8.361638160040569e-06,1.1404063721513698e-05,0,0.9691182446160096,0.9957077980938176,mmd_kll
2017-11-12 11:16:33.610533376,6.464378398629567e-06,1.1404063721513698e-05,0,0.9724425325984676,0.9957261735143615,mmd_kll
2017-11-22 09:22:30.779576064,1.0159682960637444e-05,1.1404063721513698e-05,0,0.9677157908955828,0.995645429134305,mmd_kll
2017-12-02 00:14:20.750861312,6.1932077671834895e-06,1.1404063721513698e-05,0,0.9707673568818516,0.9954670455382516,mmd_kll
2017-12-10 18:38:30.163156736,8.440653133933116e-06,1.1404063721513698e-05,0,0.9676593451017385,0.9966062113766786,mmd_kll
2017-12-19 10:11:00.917120000,6.416457148773526e-06,1.1404063721513698e-05,0,0.9671953368578012,0.9954450084977052,mmd_kll
2017-12-29 04:55:25.730855936,7.710543291959924e-06,1.1404063721513698e-05,0,0.9712776046606152,0.9961194834746752,mmd_kll
2018-01-07 05:03:58.074396160,5.75352920687347e-06,1.1404063721513698e-05,0,0.968060630667208,0.9959592016513176,mmd_kll
2018-01-13 01:15:01.810510336,5.30235698601005e-06,1.1404063721513698e-05,0,0.9721358041390504,0.9961572174932212,mmd_kll
2018-01-20 09:23:07.746618368,5.4306693084554365e-06,1.1404063721513698e-05,0,0.9742830214083747,0.9965412695809917,mmd_kll
2018-01-28 08:00:23.843254272,6.2607499493524494e-06,1.1404063721513698e-05,0,0.9717659834396634,0.9959328974122644,mmd_kll
2018-02-05 16:11:44.747650816,7.435806655669425e-06,1.1404063721513698e-05,0,0.9694054776219104,0.9955197725967956,mmd_kll
2018-02-14 04:34:46.924671744,6.433219402580727e-06,1.1404063721513698e-05,0,0.9728781540952638,0.9967522829056036,mmd_kll
2018-02-22 06:31:20.301297664,6.455409168158964e-06,1.1404063721513698e-05,0,0.9759491960545872,0.9965246801684146,mmd_kll
2018-03-02 00:39:40.729383424,6.757859554064096e-06,1.1404063721513698e-05,0,0.9679443459282498,0.995520898869246,mmd_kll
2018-03-09 23:00:57.028640000,6.193523729983395e-06,1.1404063721513698e-05,0,0.970496684260387,0.9955959799397816,mmd_kll
2018-03-18 07:01:04.328294144,1.1074067883077438e-05,1.1404063721513698e-05,0,0.9755080069977125,0.9969361824159156,mmd_kll
2018-03-26 00:14:58.361884672,6.955996812264137e-06,1.1404063721513698e-05,0,0.9726694628602354,0.9966879703312186,mmd_kll
2018-04-02 21:40:45.219374592,6.465990631727749e-06,1.1404063721513698e-05,0,0.9690931272875152,0.9959719702861554,mmd_kll
2018-04-10 13:53:58.238752000,8.658866605658113e-06,1.1404063721513698e-05,0,0.9690498716042708,0.9953859238346554,mmd_kll
2018-04-18 05:52:30.149701888,7.051111749028828e-06,1.1404063721513698e-05,0,0.9755702523957348,0.997130952215545,mmd_kll
2018-04-26 08:23:35.867226112,8.838643687166664e-06,1.1404063721513698e-05,0,0.9734453326107574,0.9968284343893812,mmd_kll
2018-05-04 09:15:51.821802496,1.1876487208061871e-05,1.1404063721513698e-05,1,0.9745751189666894,0.9969512466018596,mmd_kll
2018-05-12 21:50:43.518119424,9.303381412732271e-06,1.1404063721513698e-05,0,0.9710693524401784,0.9950647520381928,mmd_kll
2018-05-21 12:17:53.595243520,7.394504861298288e-06,1.1404063721513698e-05,0,0.9689098250336474,0.9958844660502816,mmd_kll
2018-05-29 22:37:11.426733056,1.1391311290820152e-05,1.1404063721513698e-05,0,0.9747830802603036,0.9967097961411028,mmd_kll
2018-06-07 00:32:46.876511488,8.985314349002396e-06,1.1404063721513698e-05,0,0.9691266079891672,0.9961695922638266,mmd_kll
2018-06-14 14:02:17.009661696,5.340613755289159e-06,1.1404063721513698e-05,0,0.9713517148621386,0.9957839400154544,mmd_kll
2018-06-22 06:59:06.886837248,4.755128915852336e-06,1.1404063721513698e-05,0,0.9738800920286912,0.9964713986687272,mmd_kll
2018-06-29 16:42:36.076887296,6.734602567805975e-06,1.2071530505294731e-05,0,0.9756031075371404,0.9955342530814704,mmd_kll
2018-07-07 12:49:43.480511488,8.12510661655011e-06,1.2055462207997454e-05,0,0.971390194761585,0.9961315788142198,mmd_kll
2018-07-15 21:09:54.719060224,9.298563813967911e-06,1.2195582745163284e-05,0,0.9668613336955044,0.9951747856281422,mmd_kll
2018-07-25 08:17:45.434097408,1.0792566278296454e-05,1.2298459665561958e-05,0,0.970766536440792,0.995847780823082,mmd_kll
2018-08-01 18:41:05.208256000,1.009697620354503e-05,1.2511838788727714e-05,0,0.9721061851502492,0.9966802754364842,mmd_kll
2018-08-08 13:01:39.231343616,7.062072212385186e-06,1.2462885313839893e-05,0,0.9759739378308674,0.9969737355978576,mmd_kll
2018-08-15 14:51:17.696300544,7.9659453148725e-06,1.2479796436880984e-05,0,0.9732973701955496,0.996484146345738,mmd_kll
2018-08-23 01:01:27.213691648,6.421908402791156e-06,1.2473009786301585e-05,0,0.9749220550359224,0.9964475812699356,mmd_kll
2018-08-30 21:06:44.884686336,7.2633090725815934e-06,1.244355426440076e-05,0,0.9712356515867656,0.996684405061541,mmd_kll
2018-09-08 13:18:56.003451648,8.12012830342726e-06,1.2401661051447094e-05,0,0.9731335223437289,0.9966561127661664,mmd_kll
2018-09-17 07:39:59.075442944,8.449047434959389e-06,1.2370804513646537e-05,0,0.968618963884756,0.9958626966431002,mmd_kll
2018-09-26 03:50:15.335848704,8.249563642787061e-06,1.2370329199008131e-05,0,0.9749494949494948,0.9971163396488072,mmd_kll
2018-10-05 07:32:21.802231808,8.742816363170591e-06,1.2418209670905236e-05,0,0.9723389830508474,0.9969995220535788,mmd_kll
2018-10-13 18:44:58.700504832,8.327037420397901e-06,1.241838700480114e-05,0,0.9727090301003344,0.9969405078692458,mmd_kll
2018-10-21 16:45:27.440193024,7.403282131233461e-06,1.2395091153594512e-05,0,0.9734477671986054,0.9970424265632728,mmd_kll
2018-10-29 08:42:23.578923776,8.164994608835427e-06,1.2393633990217495e-05,0,0.9744629104175112,0.9964196933702334,mmd_kll
2018-11-06 04:18:43.090291968,7.839010484769529e-06,1.235006580531945e-05,0,0.9737379235270104,0.9970263242930292,mmd_kll
2018-11-14 20:25:18.838155776,8.685351030917471e-06,1.2061660611942918e-05,0,0.9744421906693712,0.9967541831948612,mmd_kll
2018-11-23 09:54:35.962477312,7.537333433509559e-06,1.2052332904154072e-05,0,0.9738811046116176,0.997088312527828,mmd_kll
2018-12-01 08:47:21.810177536,1.0537382137718735e-05,1.2243649098005905e-05,0,0.9736172492299452,0.9974142202403072,mmd_kll
2018-12-09 00:42:57.972538368,6.1580656595903544e-06,1.2273158402783846e-05,0,0.9775326247813804,0.9977793933205324,mmd_kll
2018-12-15 23:21:59.329690368,7.120173568950228e-06,1.227138026797815e-05,0,0.973595125253893,0.9968975369044883,mmd_kll
2018-12-23 11:05:31.167271680,8.660515809570437e-06,1.2260663042423984e-05,0,0.9774072081764388,0.9976090350557466,mmd_kll
2018-12-29 17:00:32.257942272,8.953281337243055e-06,1.1810065194400626e-05,0,0.975869506605554,0.997331688743848,mmd_kll
2019-01-04 13:52:37.531022848,7.009165332656081e-06,1.172511497925482e-05,0,0.9787899388171312,0.9972237999905712,mmd_kll
2019-01-10 06:41:21.192833792,6.389963200422362e-06,1.1756249125732686e-05,0,0.9780131384904144,0.9972199223071782,mmd_kll
2019-01-16 10:38:04.728266752,7.1722468442635134e-06,1.1287749952252137e-05,0,0.9745955341623213,0.9968490101667004,mmd_kll
2019-01-23 06:52:45.774218752,7.65000092329641e-06,1.1205393960791976e-05,0,0.9759739378308674,0.9972091158355384,mmd_kll
2019-01-30 17:31:41.145020928,7.766606035620321e-06,1.1082022573439594e-05,0,0.9788474576271188,0.997886025575489,mmd_kll
2019-02-07 08:25:49.291846912,1.001715914707967e-05,1.1036251605991097e-05,0,0.9762962962962964,0.9977198022717834,mmd_kll
2019-02-16 00:10:19.823346432,1.0103261109204592e-05,1.1212717597184228e-05,0,0.973176978029384,0.9973952665521532,mmd_kll
2019-02-24 03:28:32.059029760,1.1439886515409356e-05,1.1654720342765912e-05,0,0.9751898047722344,0.9972085035308752,mmd_kll
2019-03-03 23:26:39.587647232,9.15241828285812e-06,1.1641504029883849e-05,0,0.97664686825054,0.9967304682601446,mmd_kll
2019-03-11 23:36:41.152388864,9.033780346928004e-06,1.1398118227747758e-05,0,0.9731888964116452,0.9968942057790986,mmd_kll
2019-03-20 03:09:37.201606144,1.1567206421070573e-05,1.168684599919384e-05,0,0.9746027434469644,0.9975200321623346,mmd_kll
2019-03-28 13:04:36.918506240,9.461070893615012e-06,1.175540892075536e-05,0,0.9742274996626636,0.9965933070552636,mmd_kll
2019-04-06 03:31:12.239665920,8.71520574815173e-06,1.1778042371769852e-05,0,0.979311283517082,0.9977851458885942,mmd_kll
2019-04-14 13:17:12.127801088,1.0310732080229257e-05,1.188304212565633e-05,0,0.9717223650385604,0.9968437129048984,mmd_kll
2019-04-22 20:24:59.649585152,9.332380324047346e-06,1.1917087702278307e-05,0,0.9778647590767984,0.9974835671350402,mmd_kll
2019-04-30 21:09:58.900908032,8.042929756248615e-06,1.191703396020691e-05,0,0.979694057127386,0.997199819880671,mmd_kll
2019-05-08 12:33:29.212087808,1.014421942180608e-05,1.2043976653145625e-05,0,0.977509822517274,0.9973049492909704,mmd_kll
2019-05-15 23:08:27.200681472,1.034364502523986e-05,1.2190873219543496e-05,0,0.9787694388100068,0.9975537046252196,mmd_kll
2019-05-23 08:52:22.653012224,9.399744199571394e-06,1.2225950264107696e-05,0,0.9774598461330812,0.9981649238426784,mmd_kll
2019-05-30 22:52:33.977469440,1.1579660079737384e-05,1.2551862410750546e-05,0,0.9748206308379586,0.9970015375734812,mmd_kll
2019-06-07 01:21:35.321539072,1.5744787039672265e-05,1.389037145528326e-05,1,0.9780234596197924,0.997788728848026,mmd_kll
2019-06-13 23:08:36.748116224,1.3493971305262913e-05,1.442924091304811e-05,0,0.97457857531267,0.9970495620931236,mmd_kll
2019-06-19 21:51:20.566598400,1.0775629441944072e-05,1.452070851924702e-05,0,0.9801028695181376,0.9978177458033574,mmd_kll
2019-06-25 13:38:20.489797632,1.3326594396898449e-05,1.495509088608508e-05,0,0.9761036857027136,0.996620508220997,mmd_kll
2019-07-01 04:13:41.139450112,9.173977453307005e-06,1.4930872087678244e-05,0,0.9776008635811632,0.9977094708283308,mmd_kll
2019-07-06 15:14:53.627373824,9.985655266185611e-06,1.4898363631675217e-05,0,0.9786663088689118,0.9972674219848372,mmd_kll
2019-07-12 01:09:43.613655808,9.217129300047542e-06,1.4758519214205538e-05,0,0.9760260056887444,0.9974870453426832,mmd_kll
2019-07-17 12:14:25.262008832,1.011970875588672e-05,1.47164901966909e-05,0,0.9789103690685412,0.9974053153362448,mmd_kll
2019-07-23 01:38:22.589190400,1.1404581728788565e-05,1.4829327120326291e-05,0,0.977675551346232,0.9974583604182452,mmd_kll
2019-07-29 00:02:24.235024128,1.1509743441189222e-05,1.4946243060019632e-05,0,0.9756953821226032,0.9970230760243518,mmd_kll
2019-08-04 14:57:42.356743168,1.0027259095383295e-05,1.4851660579624537e-05,0,0.9786371011357492,0.9972539251207728,mmd_kll
2019-08-11 22:40:47.209317632,1.4699702336056173e-05,1.5245603309638554e-05,0,0.9768723947828424,0.997945779605962,mmd_kll
2019-08-19 12:11:12.264657664,1.1405396032554183e-05,1.5176766070608416e-05,0,0.9727457627118644,0.9971253660746942,mmd_kll
2019-08-26 12:18:00.631070464,1.0210483095010834e-05,1.507473441432328e-05,0,0.9799481653253308,0.9981271990925036,mmd_kll
2019-09-02 23:59:24.102610944,9.746281049491842e-06,1.4966538499615578e-05,0,0.9741252178576216,0.997159343456792,mmd_kll
2019-09-11 14:18:50.241135616,1.068426524646754e-05,1.4978787781230768e-05,0,0.9762840493291776,0.9974481492833196,mmd_kll
2019-09-20 07:11:53.724405760,1.273840341394402e-05,1.5155593463376243e-05,0,0.980169971671388,0.9977836137503694,mmd_kll
2019-09-28 17:43:57.425362688,1.1331811916869224e-05,1.5148772802486283e-05,0,0.9767975178740052,0.9977183395241316,mmd_kll
2019-10-07 05:47:27.246907904,1.265711665781576e-05,1.5280597805392874e-05,0,0.979382832502358,0.9982533910097956,mmd_kll
2019-10-15 03:07:43.260482560,1.3545595447761924e-05,1.550327061419542e-05,0,0.9765908785147316,0.997192047429757,mmd_kll
2019-10-23 04:54:55.352891904,1.472511098093987e-05,1.59028935655037e-05,0,0.976855003403676,0.9975726748044748,mmd_kll
2019-10-30 22:03:19.516393216,9.587628349882102e-06,1.5898234019338127e-05,0,0.9801711258997692,0.9983134204416424,mmd_kll
2019-11-07 00:53:40.218806016,9.68034903311756e-06,1.5847366649442912e-05,0,0.97671617824167,0.9977226633863264,mmd_kll
2019-11-14 13:41:12.079603712,8.92209009601431e-06,1.5894383677890844e-05,0,0.9788857103936792,0.9976172588855884,mmd_kll
2019-11-21 23:22:56.785410048,8.961164495976484e-06,1.5913733409563144e-05,0,0.9807196198234894,0.9972779609645056,mmd_kll
2019-11-30 20:34:38.279047936,9.084712921366098e-06,1.583147880693727e-05,0,0.979852249832102,0.9982134065311636,mmd_kll
2019-12-08 09:25:22.834821632,9.387143979210089e-06,1.5851838910409464e-05,0,0.982130861211877,0.9983076824902204,mmd_kll
2019-12-12 18:50:53.435386880,9.323191614559606e-06,1.5874279441618744e-05,0,0.9800404585300068,0.9980180939102798,mmd_kll
2019-12-16 13:35:06.442365184,9.956363665888692e-06,1.5858525411465305e-05,0,0.9787321063394684,0.9977508763557238,mmd_kll
2019-12-21 06:00:31.676440064,8.660275408018761e-06,1.5878829684564578e-05,0,0.9770971676378912,0.9977103371302892,mmd_kll
2019-12-26 05:37:55.490231296,1.116429919782493e-05,1.5203366961123868e-05,0,0.9793149764942914,0.9981033388219184,mmd_kll
2019-12-30 07:47:43.296733696,9.56681124548072e-06,1.492998778165292e-05,0,0.983533540288838,0.9986466202721646,mmd_kll
2020-01-03 16:51:19.239594752,1.3136273709510315e-05,1.5146272606350786e-05,0,0.98168001085629,0.997904064422759,mmd_kll
2020-01-08 01:33:12.531953920,9.766266446857803e-06,1.4887545060215856e-05,0,0.9805062948422903,0.9980880950380392,mmd_kll
2020-01-12 15:12:23.531623168,1.1601278716959209e-05,1.4928354596105828e-05,0,0.9818845477896444,0.9983810152898812,mmd_kll
2020-01-17 15:46:46.688024064,8.485649703295997e-06,1.498930438997656e-05,0,0.9809742274996628,0.997574729830632,mmd_kll
2020-01-23 21:51:56.381055744,9.812506626234266e-06,1.4974068620921715e-05,0,0.9790455590104096,0.997821978792643,mmd_kll
2020-01-30 19:11:52.586894080,9.458432591637663e-06,1.4982106970262656e-05,0,0.982368099823681,0.9984064247903502,mmd_kll
2020-02-06 07:08:13.361990656,9.15816319761037e-06,1.4949631753304155e-05,0,0.980466118819884,0.9984713729849916,mmd_kll
2020-02-13 01:08:20.600041216,9.978180249656243e-06,1.4888487967931845e-05,0,0.980594381869996,0.9985777946335452,mmd_kll
2020-02-20 04:43:36.799451136,8.475742100165726e-06,1.493361168457278e-05,0,0.982296064278905,0.997757319264885,mmd_kll
2020-02-27 11:09:41.174667776,8.910927341729732e-06,1.4347479869421536e-05,0,0.980522115514676,0.9980716062436624,mmd_kll
2020-03-06 10:01:34.221097216,8.842491180806322e-06,1.4284719286463e-05,0,0.9771951386043972,0.9981527258877304,mmd_kll
2020-03-15 17:50:55.387179520,1.0204596131052854e-05,1.4284536535835238e-05,0,0.976470588235294,0.9979705325287408,mmd_kll
2020-03-31 12:24:21.388140032,1.4689677934999248e-05,1.490468981422879e-05,0,0.97648330855521,0.9979869100302784,mmd_kll
2020-04-19 19:09:54.220436480,1.8290696221611124e-05,1.638357276368315e-05,1,0.9787688609961276,0.9987764275734796,mmd_kll
2020-05-06 13:02:34.439251200,1.881568232647961e-05,1.7604621364404905e-05,1,0.9803602871461464,0.9982450183591168,mmd_kll
2020-05-20 22:14:33.564038144,2.1809383752373575e-05,1.955450861837072e-05,1,0.9797966101694916,0.9979939286721116,mmd_kll
2020-06-02 19:01:00.673675008,1.3320819263592845e-05,1.9605720099454484e-05,0,0.980089394555059,0.9982406728621536,mmd_kll
2020-06-14 12:55:11.777557504,1.680391263885264e-05,2.002331512640508e-05,0,0.980803028254698,0.998587369584675,mmd_kll
2020-06-25 18:31:03.157110528,1.672958544605858e-05,2.029675509034236e-05,0,0.9820585457979226,0.9985096238742716,mmd_kll
2020-07-06 01:42:44.718910208,1.401936319018332e-05,2.047667895378239e-05,0,0.9817838348401026,0.9987254640535896,mmd_kll
2020-07-14 20:10:16.472787968,1.669917849900111e-05,2.0954406828810653e-05,0,0.9784582034954612,0.9984417456364816,mmd_kll
2020-07-23 10:45:36.111246080,1.1649912064887883e-05,2.0947921590640503e-05,0,0.9826356171759322,0.9985062115287798,mmd_kll
2020-08-01 00:21:53.413779712,1.1298846528501097e-05,2.092846161141744e-05,0,0.980169971671388,0.998430781905718,mmd_kll
2020-08-09 22:33:36.310064640,1.3431716035874204e-05,2.0993726762861196e-05,0,0.985581458024525,0.9986509526896749,mmd_kll
2020-08-19 11:40:47.998887680,1.3023686880959257e-05,2.103177798314955e-05,0,0.9791525653174497,0.9983216062683318,mmd_kll
2020-08-29 07:17:24.744298240,1.144525911098033e-05,2.100713607551184e-05,0,0.9801333514763914,0.9986544613580158,mmd_kll
2020-09-08 13:07:14.854673152,1.13526387527108e-05,2.099747269487478e-05,0,0.983358138276282,0.9986346322368932,mmd_kll
2020-09-18 15:46:03.256505856,1.2454732260697383e-05,2.0952227304752737e-05,0,0.982255679526818,0.9981268025393812,mmd_kll
2020-09-28 20:35:51.413286912,1.3202992531505252e-05,2.1003613110718813e-05,0,0.9847028563692974,0.9985904821521646,mmd_kll
2020-10-08 21:31:41.572937984,1.4578636625848148e-05,2.1101406937391885e-05,0,0.9835068270920644,0.9983260266776848,mmd_kll
2020-10-18 16:03:22.807606528,9.758707550439292e-06,2.108983109054767e-05,0,0.9822832023444784,0.9985796984753094,mmd_kll
2020-10-26 21:41:59.190437632,1.5632882352952654e-05,2.1285309411392677e-05,0,0.9807407407407408,0.9984083038512688,mmd_kll
2020-11-04 17:58:27.908431360,1.4912058069846412e-05,2.1428405868036745e-05,0,0.982989064398542,0.9984378479677632,mmd_kll
2020-11-13 22:28:31.770108160,1.1458185392616838e-05,2.1307630068526508e-05,0,0.9806521445000675,0.9983999238269854,mmd_kll
2020-11-23 10:16:15.536645632,1.3198285535877494e-05,2.1286984916846715e-05,0,0.9801001759848382,0.9983419121326316,mmd_kll
2020-12-03 15:59:54.972755200,1.36010372570478e-05,2.124777781245534e-05,0,0.9831149533972714,0.998675437306011,mmd_kll
2020-12-12 11:15:47.909172736,1.5230231133294553e-05,2.1263496812336573e-05,0,0.9847069968872648,0.9990173950610582,mmd_kll
2020-12-20 03:07:40.230582528,1.3683059702178832e-05,2.1217807415832473e-05,0,0.9819349658771578,0.9985848715980462,mmd_kll
2020-12-27 19:23:19.554768128,8.849755512286422e-06,2.1179809359008004e-05,0,0.987362413371382,0.9992794062063745,mmd_kll
2021-01-03 06:23:17.718913792,1.043130371570708e-05,2.1063627761822212e-05,0,0.9834521727431724,0.99872027790213,mmd_kll
2021-01-10 11:48:21.955332096,1.3127535118359854e-05,2.086975629855889e-05,0,0.986776413439482,0.99910815438574,mmd_kll
2021-01-18 01:57:13.053986560,1.4036557714811512e-05,2.079924369996072e-05,0,0.9848263010781312,0.998797277724573,mmd_kll
2021-01-25 23:09:30.944615936,9.181250192969816e-06,2.092401140419115e-05,0,0.9817592217267936,0.998323050846558,mmd_kll
2021-02-03 12:33:21.853117696,1.5419230878751616e-05,2.055963699179282e-05,0,0.9845865165527408,0.9986461544188432,mmd_kll
2021-02-12 09:54:04.417721344,1.4718821657763032e-05,2.0016902569645063e-05,0,0.9825779229617532,0.998757891999708,mmd_kll
2021-02-20 16:35:42.963620352,1.5168164420045297e-05,1.860400694929989e-05,0,0.982966067324591,0.9985863802728536,mmd_kll
2021-02-28 05:00:00.566801408,1.595885907460191e-05,1.8826041118763683e-05,0,0.9820585457979226,0.99865716930198,mmd_kll
2021-03-07 21:11:20.962432768,1.5883035336949902e-05,1.86891945459694e-05,0,0.983461073013312,0.999011677835454,mmd_kll
2021-03-15 20:44:33.816502528,1.774097975200048e-05,1.887358264757523e-05,0,0.9851210604625996,0.9990411326854578,mmd_kll
2021-03-23 10:38:54.493573120,2.2228223575683725e-05,2.0431840138379535e-05,1,0.9797761898341648,0.998720500733767,mmd_kll
2021-03-31 06:58:45.219431936,2.419912951803771e-05,2.207627925793555e-05,1,0.9842466675642924,0.9990547629519408,mmd_kll
2021-04-08 13:38:17.877173504,2.725233547558557e-05,2.4482985251504856e-05,1,0.9812881355932204,0.9983652303142312,mmd_kll
2021-04-16 05:42:19.725994240,2.5383403870658332e-05,2.5976212395802897e-05,0,0.9821597513177456,0.9988658938950524,mmd_kll
2021-04-23 19:16:04.996834304,2.794028376976408e-05,2.7883505754384303e-05,1,0.9844489519945908,0.9991844221743872,mmd_kll
2021-05-01 18:30:03.026884352,3.353674590022768e-05,3.092929847853875e-05,1,0.9856817877693028,0.9992198973780494,mmd_kll
2021-05-10 01:02:27.782891008,3.3907292700349756e-05,3.3528771379920566e-05,1,0.9814291481631006,0.9987078284062388,mmd_kll
2021-05-19 04:00:54.178891776,3.2146076930426405e-05,3.5373957937586854e-05,0,0.9838512688288776,0.9988911648996066,mmd_kll
2021-05-28 06:59:56.814934272,3.539945804038996e-05,3.768919475220153e-05,0,0.9836375929682216,0.9986718477503638,mmd_kll
2021-06-06 08:10:03.114930688,4.004036578290441e-05,4.074166609423281e-05,0,0.9856698661619576,0.9988180313288908,mmd_kll
2021-06-15 02:51:55.451059200,3.7453071863368055e-05,4.289034090028088e-05,0,0.9836198727494246,0.9989317270543058,mmd_kll
2021-06-24 11:51:15.571951104,3.598058571145646e-05,4.435523870124153e-05,0,0.9836905243294244,0.998774483764801,mmd_kll
2021-07-03 00:41:20.139074560,4.0836774769551866e-05,4.671184287548535e-05,0,0.9860904794058069,0.9990300582352372,mmd_kll
2021-07-11 03:42:50.439658240,4.2337157994710994e-05,4.907346207110973e-05,0,0.9858280469699016,0.9991130667709556,mmd_kll
2021-07-19 19:34:35.039692288,4.585843227156624e-05,5.167693540869663e-05,0,0.9818845477896444,0.9987777719953944,mmd_kll
2021-07-29 01:51:02.608172544,5.35546465021651e-05,5.561015794050861e-05,0,0.9821549276733812,0.9990594832895136,mmd_kll
2021-08-07 10:51:27.352369408,4.861701580072727e-05,5.806019690582983e-05,0,0.9834216605517054,0.9991277648510354,mmd_kll
2021-08-17 12:38:25.298760960,5.10449341481004e-05,6.0705273187812665e-05,0,0.9831955549532456,0.9989466507167266,mmd_kll
2021-08-28 02:15:10.444094976,5.162381802865818e-05,6.30497666778447e-05,0,0.9830531271015468,0.9989072023665696,mmd_kll
2021-09-08 08:23:55.827413248,4.567678749822085e-05,6.382538776806144e-05,0,0.9854073773814348,0.9992764860304276,mmd_kll
2021-09-20 02:09:24.517992448,6.707622978876018e-05,6.836425673658628e-05,0,0.9833674164962508,0.998948198652258,mmd_kll
2021-10-02 09:07:14.140529664,5.900988215282293e-05,7.080368377349835e-05,0,0.9829094334544476,0.999314443202496,mmd_kll
2021-10-14 09:53:58.433844224,5.801657466853715e-05,7.275201303363594e-05,0,0.9858829917198316,0.9993252146922252,mmd_kll
2021-10-26 06:50:48.638631424,7.285176276165008e-05,7.664317801683103e-05,0,0.9847654683950288,0.999173959024674,mmd_kll
2021-11-07 02:07:38.964423168,6.05042435302521e-05,7.822037534540849e-05,0,0.9858509634820104,0.9991854951229406,mmd_kll
2021-11-20 03:43:54.708039424,0.0002095358261306,0.0001303737229171,1,0.7079028579095666,0.6543381694877807,mmd_kll
2021-12-04 16:27:34.629209856,0.000216683914918,0.0001655806120982,1,0.692888948859803,0.6129756944534697,mmd_kll
2021-12-16 15:25:29.038531328,0.0002096480063354,0.0001909848930507,1,0.7032074705643524,0.6299999447588833,mmd_kll
2021-12-28 07:33:53.691827456,0.0002073753430651,0.0002117125510068,0,0.7241004752206381,0.6089595442639874,mmd_kll
2022-01-07 23:29:55.343080448,0.0002129759165433,0.0002308419477756,0,0.7182964871829649,0.6022975152928747,mmd_kll
2022-01-19 00:01:43.121507840,0.0002139030811646,0.000247846612761,0,0.7134336451131896,0.614395176029269,mmd_kll
2022-02-01 02:08:39.386309376,0.0002345065953788,0.0002668955534481,0,0.6860140788949396,0.6020920195011361,mmd_kll
2022-02-15 21:24:12.288849152,0.0002388959552794,0.0002845579734969,0,0.6871864406779661,0.5928130371760321,mmd_kll
2022-03-03 18:56:24.278607872,0.0002259093027716,0.0002978124562721,0,0.6862612916273426,0.6044672765502397,mmd_kll
2022-03-20 01:26:42.440673792,0.0002350746245429,0.0003110888216012,0,0.7012599918710202,0.6070035843832118,mmd_kll
2022-04-05 13:17:19.308122880,0.0002384912068914,0.0003235615065496,0,0.700282752120641,0.5969200415761987,mmd_kll
2022-04-22 15:56:24.990583552,0.0002441705364683,0.0003354187517677,0,0.6924438393464942,0.5952509771742679,mmd_kll
2022-05-10 01:49:57.067557120,0.0002446278100039,0.0003457485642614,0,0.6865852020948032,0.5867689699991769,mmd_kll
2022-05-26 23:41:19.694324992,0.0002445946015147,0.0003548109242989,0,0.692601171821774,0.5862204836690921,mmd_kll
2022-06-13 19:31:30.953625856,0.0002515301881514,0.0003637121681336,0,0.7063870352716873,0.5999926459072181,mmd_kll
2022-07-01 05:13:34.188655360,0.0002454912098336,0.000370270571663,0,0.7135282121006118,0.6122314093367258,mmd_kll
2022-07-19 07:43:38.707995136,0.0002630536253718,0.0003775965279382,0,0.7150632739148184,0.5904891588394284,mmd_kll
2022-08-03 21:19:20.825760512,0.0002469067990246,0.0003817532975781,0,0.7179001488296577,0.5890484316325203,mmd_kll
2022-08-20 21:57:39.515699200,0.0002542366752686,0.0003854742756021,0,0.7087875117749967,0.5876377806366361,mmd_kll
2022-09-08 12:21:15.658391552,0.0002587981150053,0.0003885289366985,0,0.7056106507268034,0.5979556096174928,mmd_kll
2022-09-29 05:47:21.496285952,0.0002517395749595,0.0003900084180845,0,0.7102526002971769,0.5868182809386289,mmd_kll
2022-10-17 10:02:33.443390208,0.0002773630445354,0.0003923147851277,0,0.7228915662650602,0.5734394626800947,mmd_kll
2022-11-03 19:29:27.377822464,0.0002695471671519,0.0003920297355406,0,0.7336480107889414,0.5803756586775455,mmd_kll
2022-11-22 04:43:40.296791552,0.0002641694302981,0.0003891808101897,0,0.7608194274860941,0.5684594943910825,mmd_kll
2022-12-12 18:26:22.581661952,0.0002512287249397,0.0003818256932532,0,0.7535525781567195,0.5736545178875823,mmd_kll
2023-01-01 16:50:34.107695360,0.0002520370806873,0.0003752361840423,0,0.7775238607339696,0.5725183312382702,mmd_kll
2023-01-21 22:36:39.085148160,0.0002455978881434,0.0003637766099246,0,0.763359806165029,0.5718948551000891,mmd_kll
2023-02-19 18:52:46.886860032,0.0002332286326253,0.0003468171231363,0,0.7478603450618122,0.5715764019509713,mmd_kll
2023-03-20 16:48:23.729529344,0.0002367492252669,0.0003272465939915,0,0.7495614626905951,0.5793050523471636,mmd_kll
2023-05-24 23:45:22.533269760,0.0002197855713616,0.0002861201615809,0,0.7254461335095836,0.5739864479921157,mmd_kll
2015-01-11 08:09:48.506820096,0.0,0.8289000507503443,0,0.9820807702594276,0.9973916716569126,kl_kll
2015-02-05 05:45:21.200667648,0.8446531285371685,0.8289000507503443,0,0.9755674232309748,0.9963946645121632,kl_kll
2015-02-28 16:39:17.016885504,0.8305822807184956,0.8289000507503443,0,0.9777539533637096,0.9957381803589668,kl_kll
2015-03-24 08:51:32.283909632,0.7663876512896352,0.8289000507503443,0,0.9722074468085108,0.99592193589534,kl_kll
2015-04-19 23:55:22.089075712,0.8997641395038412,0.8289000507503443,0,0.9747596153846154,0.995621762789683,kl_kll
2015-05-16 05:23:02.882852864,0.7583786548232158,0.8289000507503443,0,0.9747910488002156,0.9951544258628652,kl_kll
2015-06-11 17:01:20.739780864,0.8059313701090414,0.8289000507503443,0,0.9754207854662036,0.9959718922349832,kl_kll
2015-07-07 02:48:50.688933888,0.764137002446792,0.8289000507503443,0,0.9734143049932524,0.9954411281334216,kl_kll
2015-07-30 15:34:58.859391744,0.7781593407543516,0.8289000507503443,0,0.9753201707577376,0.995919278433188,kl_kll
2015-08-21 15:05:12.752964864,0.751037821251043,0.8289000507503443,0,0.9747978436657682,0.9951549073703082,kl_kll
2015-09-12 21:37:22.907615744,0.7594317559777456,0.8289000507503443,0,0.9737194958433896,0.9967122383874012,kl_kll
2015-10-05 21:53:33.587716864,0.66021697832501,0.8289000507503443,0,0.9758022093634928,0.9972455237358976,kl_kll
2015-10-26 04:25:22.448119552,0.7360651019657368,0.8289000507503443,0,0.9733262203254202,0.9956075193809828,kl_kll
2015-11-13 17:02:05.369004800,0.7251126761850412,0.8289000507503443,0,0.9748830995323982,0.996506195164423,kl_kll
2015-12-02 07:12:01.405064960,0.7244699883785488,0.8289000507503443,0,0.9764169904863996,0.9966623651246994,kl_kll
2015-12-22 18:55:59.606276864,0.7411324546434225,0.8289000507503443,0,0.9703663793103448,0.9960126635069232,kl_kll
2016-01-10 08:06:09.746892288,0.7963347981121776,0.8289000507503443,0,0.9744776514149696,0.9959212977336231,kl_kll
2016-01-21 04:39:16.918586112,0.7382318444454102,0.8289000507503443,0,0.9752276379217996,0.99565376818614,kl_kll
2016-02-02 02:58:14.565866496,0.6867206402518361,0.8289000507503443,0,0.9752,0.9957445729855394,kl_kll
2016-02-14 18:06:33.121078016,0.7796279862603287,0.8289000507503443,0,0.976401179941003,0.995136070591376,kl_kll
2016-02-26 21:17:57.877155840,0.7172229544256874,0.8289000507503443,0,0.9751923587158398,0.9963266425151,kl_kll
2016-03-09 07:50:47.186913280,0.7566621736189005,0.8289000507503443,0,0.9746580852775544,0.9954687573729653,kl_kll
2016-03-21 19:27:45.574640896,0.6771237949982544,0.8289000507503443,0,0.9757849920170304,0.9966273167605524,kl_kll
2016-04-04 14:40:47.423562496,0.6871899102333415,0.8289000507503443,0,0.973267060720043,0.9954549086588884,kl_kll
2016-04-19 00:35:56.588087808,0.6859453708621043,0.8289000507503443,0,0.9734548335974644,0.9953450653822644,kl_kll
2016-04-29 09:06:52.916020480,0.7100614554380037,0.8289000507503443,0,0.9729874297940626,0.9952464292989204,kl_kll
2016-05-10 06:38:48.651970048,0.6677955461467371,0.8289000507503443,0,0.9717233985526668,0.9952706076965744,kl_kll
2016-05-21 10:47:31.657382656,0.7359997258314991,0.8289000507503443,0,0.9773454157782516,0.9959949892631766,kl_kll
2016-06-01 08:05:10.293080576,0.6326362966395597,0.8289000507503443,0,0.9722148009617954,0.9954980218562054,kl_kll
2016-06-11 14:38:48.016489472,0.7431778058555604,0.8289000507503443,0,0.9751329787234042,0.9958026190877796,kl_kll
2016-06-22 00:57:55.235603712,0.6932045621311804,0.8289000507503443,0,0.9765974230870366,0.9960748749469592,kl_kll
2016-07-02 07:25:22.794145280,0.6976729912105402,0.8289000507503443,0,0.972730918326427,0.9956982330518912,kl_kll
2016-07-13 09:27:46.314788096,0.6518012155437671,0.8289000507503443,0,0.971322849213691,0.9948799666264048,kl_kll
2016-07-22 03:46:52.547762176,0.7287305027032711,0.8289000507503443,0,0.970741482965932,0.9943637526262904,kl_kll
2016-07-31 10:31:14.596140800,0.6765867161524807,0.8289000507503443,0,0.9704590818363272,0.995318887980376,kl_kll
2016-08-09 22:13:06.052518912,0.6742885078001247,0.8289000507503443,0,0.9748763864760124,0.9958252967429676,kl_kll
2016-08-19 15:46:13.900492800,0.7067024324519781,0.8289000507503443,0,0.9682962568269616,0.995206116487054,kl_kll
2016-08-29 05:53:12.757607936,0.6161956088449809,0.8289000507503443,0,0.9685049833887044,0.9953991244094098,kl_kll
2016-09-08 09:39:44.793902336,0.7001451751355593,0.8289000507503443,0,0.974703767807216,0.9964862001306454,kl_kll
2016-09-18 06:03:33.502058752,0.6914483722514942,0.8289000507503443,0,0.9721078496480277,0.9957278517704528,kl_kll
2016-09-27 18:24:40.967160576,0.6959856201951414,0.8289000507503443,0,0.9707649179014818,0.9951950672651252,kl_kll
2016-10-07 13:41:23.872992768,0.6642375122985229,0.8289000507503443,0,0.9700066357000664,0.9951628968859444,kl_kll
2016-10-17 11:55:33.511858432,0.6359609483427202,0.8289000507503443,0,0.9749430523917996,0.9965663720648624,kl_kll
2016-10-27 01:29:41.976607488,0.6959270685261937,0.8289000507503443,0,0.9677850554738672,0.9948193011232784,kl_kll
2016-11-05 01:35:03.399676928,0.6844496054324094,0.8289000507503443,0,0.9741622930964876,0.9961169449653317,kl_kll
2016-11-14 19:01:10.739316736,0.6510352500125686,0.8289000507503443,0,0.9724045545880776,0.9951873849013252,kl_kll
2016-11-25 12:35:37.448248320,0.6933055991669521,0.8289000507503443,0,0.968562674836819,0.9943729423206012,kl_kll
2016-12-03 15:52:34.117192704,0.6996540663466844,0.8289000507503443,0,0.9703023039019842,0.996177784409808,kl_kll
2016-12-10 08:59:30.693692160,0.6871640106222583,0.8289000507503443,0,0.975596746232831,0.9957150348138878,kl_kll
2016-12-17 08:49:39.525993984,0.7108496966937533,0.8289000507503443,0,0.9724770642201837,0.9958783696859832,kl_kll
2016-12-24 06:30:44.857579520,0.6965130671010161,0.8289000507503443,0,0.9751561046897834,0.9964480545386588,kl_kll
2016-12-30 03:47:24.421860352,0.7207302842222889,0.8289000507503443,0,0.9743284372105332,0.9962206664039944,kl_kll
2017-01-04 22:16:38.277375232,0.7394175159838051,0.8289000507503443,0,0.975886151008038,0.996317702279957,kl_kll
2017-01-10 20:56:48.223647488,0.7078893651587342,0.8289000507503443,0,0.9739478957915833,0.9955256790360728,kl_kll
2017-01-17 04:59:38.757997568,0.7027147236852751,0.8289000507503443,0,0.9745683308794004,0.9961872896245488,kl_kll
2017-01-24 02:28:52.148750848,0.716560716574195,0.8289000507503443,0,0.9761999206664024,0.9960563049754436,kl_kll
2017-01-31 17:37:25.901447424,0.698779199984482,0.8289000507503443,0,0.9717093903572852,0.9956585327842812,kl_kll
2017-02-08 10:39:14.659304192,0.6618213069360689,0.8289000507503443,0,0.9747387911651898,0.996188022503812,kl_kll
2017-02-16 13:19:43.407748864,0.720570157312863,0.8289000507503443,0,0.9743486973947896,0.9962613055846748,kl_kll
2017-02-25 01:31:15.515959808,0.7373027195606102,0.8289000507503443,0,0.968474977013004,0.9943666800059094,kl_kll
2017-03-04 23:00:53.579133440,0.6949292881033923,0.8289000507503443,0,0.9748658201335252,0.9957494156392072,kl_kll
2017-03-12 14:57:13.493110272,0.6965119456118848,0.8289000507503443,0,0.9720401337792642,0.9944768508040088,kl_kll
2017-03-19 07:30:07.155601920,0.6896604883630086,0.8289000507503443,0,0.9744358940915612,0.99639635234845,kl_kll
2017-03-26 15:48:53.983547904,0.7025865048523036,0.8289000507503443,0,0.9734642430675337,0.9961268857027954,kl_kll
2017-04-03 09:24:18.020380928,0.7008357883051364,0.8289000507503443,0,0.970960436925536,0.995292120370584,kl_kll
2017-04-11 11:19:21.909979904,0.6503680435280436,0.8289000507503443,0,0.9703951774949764,0.995716189898255,kl_kll
2017-04-19 13:38:16.158673664,0.6633299419549235,0.8289000507503443,0,0.9681595983617388,0.9956322506718136,kl_kll
2017-04-27 04:32:28.451162880,0.6459461173288831,0.8289000507503443,0,0.9730232558139534,0.9964345856056284,kl_kll
2017-05-05 05:58:39.392567040,0.6419189432454501,0.8289000507503443,0,0.9718928999600372,0.9957892869085724,kl_kll
2017-05-14 04:22:32.892679424,0.7424680749322473,0.8289000507503443,0,0.9721961047683008,0.9960161450779934,kl_kll
2017-05-21 19:24:48.956270336,0.6919775746020095,0.8289000507503443,0,0.970059093893631,0.9952534884661072,kl_kll
2017-05-29 21:29:31.905385472,0.6768210461513577,0.8289000507503443,0,0.970867299211546,0.9957772404447194,kl_kll
2017-06-06 21:26:11.897116160,0.6410660449547345,0.8289000507503443,0,0.9696969696969696,0.9947705264957052,kl_kll
2017-06-14 20:46:07.987727104,0.7026300987625866,0.8289000507503443,0,0.9715977924350518,0.9959514671553268,kl_kll
2017-06-22 20:00:49.528886016,0.66061593824194,0.8289000507503443,0,0.9706871050154632,0.9954542495519124,kl_kll
2017-07-01 09:36:16.053435904,0.6490273942608301,0.8289000507503443,0,0.9682281059063136,0.9946955789197292,kl_kll
2017-07-12 14:58:14.009790208,0.5924724615261491,0.8289000507503443,0,0.95874079035499,0.9932898510072632,kl_kll
2017-07-19 05:59:53.470542080,0.673639167285307,0.8289000507503443,0,0.9781700579436734,0.9969926543554688,kl_kll
2017-07-24 10:00:41.826860544,0.6370455866676888,0.8289000507503443,0,0.9705215419501134,0.995800313666868,kl_kll
2017-07-31 22:57:28.080697088,0.6893319255502378,0.8289000507503443,0,0.9682453521509023,0.9948123526042432,kl_kll
2017-08-07 12:03:09.532411648,0.6804154055704772,0.8289000507503443,0,0.969857433808554,0.99564967393878,kl_kll
2017-08-14 17:50:42.746228992,0.6755648280213529,0.8289000507503443,0,0.9726694628602354,0.9961236425747798,kl_kll
2017-08-21 07:36:09.961766656,0.6341523018662759,0.8289000507503443,0,0.973317079777868,0.9954568507284136,kl_kll
2017-08-28 19:57:39.823730432,0.6694515669420372,0.8289000507503443,0,0.9737515143357114,0.9959691165193416,kl_kll
2017-09-05 01:55:46.054718208,0.6261844591708282,0.8289000507503443,0,0.9687626774847872,0.9957836560567216,kl_kll
2017-09-13 14:01:37.723277568,0.7025397681793409,0.8289000507503443,0,0.9726250169399648,0.9964311913372632,kl_kll
2017-09-22 02:41:11.360974336,0.6404840024294983,0.8289000507503443,0,0.9749016415683084,0.996122140708257,kl_kll
2017-09-30 17:22:12.757061120,0.7281530225031757,0.8289000507503443,0,0.9742261011864176,0.995511478159087,kl_kll
2017-10-09 12:10:52.014179840,0.6949851753080969,0.8289000507503443,0,0.9719184555150532,0.9964949181523726,kl_kll
2017-10-18 05:33:31.071549952,0.6512540137498829,0.8289000507503443,0,0.9697627118644068,0.9962838814190412,kl_kll
2017-10-26 10:29:49.184672256,0.679457521062449,0.8289000507503443,0,0.9689147182051628,0.9948879845193208,kl_kll
2017-11-03 13:32:06.526492928,0.6478075082885045,0.8289000507503443,0,0.9691182446160096,0.9957077980938176,kl_kll
2017-11-12 11:16:33.610533376,0.6134638643964697,0.8289000507503443,0,0.9724425325984676,0.9957261735143615,kl_kll
2017-11-22 09:22:30.779576064,0.6544088748296816,0.8289000507503443,0,0.9677157908955828,0.995645429134305,kl_kll
2017-12-02 00:14:20.750861312,0.639319584336035,0.8289000507503443,0,0.9707673568818516,0.9954670455382516,kl_kll
2017-12-10 18:38:30.163156736,0.7177133577673936,0.8289000507503443,0,0.9676593451017385,0.9966062113766786,kl_kll
2017-12-19 10:11:00.917120000,0.6234118090747844,0.8289000507503443,0,0.9671953368578012,0.9954450084977052,kl_kll
2017-12-29 04:55:25.730855936,0.6395645920156594,0.8289000507503443,0,0.9712776046606152,0.9961194834746752,kl_kll
2018-01-07 05:03:58.074396160,0.701662575354704,0.8289000507503443,0,0.968060630667208,0.9959592016513176,kl_kll
2018-01-13 01:15:01.810510336,0.7042905860997015,0.8289000507503443,0,0.9721358041390504,0.9961572174932212,kl_kll
2018-01-20 09:23:07.746618368,0.6966035283382989,0.8289000507503443,0,0.9742830214083747,0.9965412695809917,kl_kll
2018-01-28 08:00:23.843254272,0.6870632667770309,0.8289000507503443,0,0.9717659834396634,0.9959328974122644,kl_kll
2018-02-05 16:11:44.747650816,0.6437473938823235,0.8289000507503443,0,0.9694054776219104,0.9955197725967956,kl_kll
2018-02-14 04:34:46.924671744,0.7077116976835055,0.8289000507503443,0,0.9728781540952638,0.9967522829056036,kl_kll
2018-02-22 06:31:20.301297664,0.732849241486584,0.8289000507503443,0,0.9759491960545872,0.9965246801684146,kl_kll
2018-03-02 00:39:40.729383424,0.7618726418717389,0.8289000507503443,0,0.9679443459282498,0.995520898869246,kl_kll
2018-03-09 23:00:57.028640000,0.6630100526234842,0.8289000507503443,0,0.970496684260387,0.9955959799397816,kl_kll
2018-03-18 07:01:04.328294144,0.6897569389001346,0.8289000507503443,0,0.9755080069977125,0.9969361824159156,kl_kll
2018-03-26 00:14:58.361884672,0.6925195106989541,0.8289000507503443,0,0.9726694628602354,0.9966879703312186,kl_kll
2018-04-02 21:40:45.219374592,0.685844155526067,0.8289000507503443,0,0.9690931272875152,0.9959719702861554,kl_kll
2018-04-10 13:53:58.238752000,0.6082633359078945,0.8289000507503443,0,0.9690498716042708,0.9953859238346554,kl_kll
2018-04-18 05:52:30.149701888,0.7398084950776852,0.8289000507503443,0,0.9755702523957348,0.997130952215545,kl_kll
2018-04-26 08:23:35.867226112,0.7080800401031443,0.8289000507503443,0,0.9734453326107574,0.9968284343893812,kl_kll
2018-05-04 09:15:51.821802496,0.6494435124514956,0.8289000507503443,0,0.9745751189666894,0.9969512466018596,kl_kll
2018-05-12 21:50:43.518119424,0.6825778740090153,0.8289000507503443,0,0.9710693524401784,0.9950647520381928,kl_kll
2018-05-21 12:17:53.595243520,0.6517796498874002,0.8289000507503443,0,0.9689098250336474,0.9958844660502816,kl_kll
2018-05-29 22:37:11.426733056,0.7583154970633116,0.8289000507503443,0,0.9747830802603036,0.9967097961411028,kl_kll
2018-06-07 00:32:46.876511488,0.656703342609182,0.8289000507503443,0,0.9691266079891672,0.9961695922638266,kl_kll
2018-06-14 14:02:17.009661696,0.7109465053705818,0.8289000507503443,0,0.9713517148621386,0.9957839400154544,kl_kll
2018-06-22 06:59:06.886837248,0.7219002650236462,0.8289000507503443,0,0.9738800920286912,0.9964713986687272,kl_kll
2018-06-29 16:42:36.076887296,0.6554424889491236,0.7822987695991661,0,0.9756031075371404,0.9955342530814704,kl_kll
2018-07-07 12:49:43.480511488,0.6965852818618566,0.7828962819003283,0,0.971390194761585,0.9961315788142198,kl_kll
2018-07-15 21:09:54.719060224,0.648077455952014,0.7801445394404176,0,0.9668613336955044,0.9951747856281422,kl_kll
2018-07-25 08:17:45.434097408,0.7116384462475557,0.7817731977333356,0,0.970766536440792,0.995847780823082,kl_kll
2018-08-01 18:41:05.208256000,0.6742416935256413,0.7806237497799902,0,0.9721061851502492,0.9966802754364842,kl_kll
2018-08-08 13:01:39.231343616,0.7493446207619425,0.7848484431593086,0,0.9759739378308674,0.9969737355978576,kl_kll
2018-08-15 14:51:17.696300544,0.7652163530357767,0.7906465039539029,0,0.9732973701955496,0.996484146345738,kl_kll
2018-08-23 01:01:27.213691648,0.7137165422708428,0.790262407416466,0,0.9749220550359224,0.9964475812699356,kl_kll
2018-08-30 21:06:44.884686336,0.7251113006698598,0.7919361485360278,0,0.9712356515867656,0.996684405061541,kl_kll
2018-09-08 13:18:56.003451648,0.7351531469869571,0.7944869575929263,0,0.9731335223437289,0.9966561127661664,kl_kll
2018-09-17 07:39:59.075442944,0.703257774035353,0.7947426964534501,0,0.968618963884756,0.9958626966431002,kl_kll
2018-09-26 03:50:15.335848704,0.6911768831168335,0.7948037380674591,0,0.9749494949494948,0.9971163396488072,kl_kll
2018-10-05 07:32:21.802231808,0.6775626769265576,0.7931522397307837,0,0.9723389830508474,0.9969995220535788,kl_kll
2018-10-13 18:44:58.700504832,0.7153971759002525,0.7936205333611701,0,0.9727090301003344,0.9969405078692458,kl_kll
2018-10-21 16:45:27.440193024,0.7005142913302254,0.7912473457650304,0,0.9734477671986054,0.9970424265632728,kl_kll
2018-10-29 08:42:23.578923776,0.7637910002255932,0.7915884685023519,0,0.9744629104175112,0.9964196933702334,kl_kll
2018-11-06 04:18:43.090291968,0.7289816000570609,0.793304243819884,0,0.9737379235270104,0.9970263242930292,kl_kll
2018-11-14 20:25:18.838155776,0.7406150581778519,0.7965784806199436,0,0.9744421906693712,0.9967541831948612,kl_kll
2018-11-23 09:54:35.962477312,0.7168411656221471,0.797507510952468,0,0.9738811046116176,0.997088312527828,kl_kll
2018-12-01 08:47:21.810177536,0.6504802958350576,0.7989493268894521,0,0.9736172492299452,0.9974142202403072,kl_kll
2018-12-09 00:42:57.972538368,0.7153866223718567,0.7924373401682954,0,0.9775326247813804,0.9977793933205324,kl_kll
2018-12-15 23:21:59.329690368,0.7105987033174347,0.7900262027156181,0,0.973595125253893,0.9968975369044883,kl_kll
2018-12-23 11:05:31.167271680,0.7439837162537426,0.7930478152819376,0,0.9774072081764388,0.9976090350557466,kl_kll
2018-12-29 17:00:32.257942272,0.7360464614557798,0.7929597157858852,0,0.975869506605554,0.997331688743848,kl_kll
2019-01-04 13:52:37.531022848,0.7509013950891604,0.796443860604807,0,0.9787899388171312,0.9972237999905712,kl_kll
2019-01-10 06:41:21.192833792,0.7567115815915274,0.7978363305976055,0,0.9780131384904144,0.9972199223071782,kl_kll
2019-01-16 10:38:04.728266752,0.7138000081315937,0.793804029701827,0,0.9745955341623213,0.9968490101667004,kl_kll
2019-01-23 06:52:45.774218752,0.716269780341471,0.7915204186365765,0,0.9759739378308674,0.9972091158355384,kl_kll
2019-01-30 17:31:41.145020928,0.715714686040149,0.7916611951938384,0,0.9788474576271188,0.997886025575489,kl_kll
2019-02-07 08:25:49.291846912,0.7578821539075347,0.7952122357434368,0,0.9762962962962964,0.9977198022717834,kl_kll
2019-02-16 00:10:19.823346432,0.7146739314165576,0.792042358177414,0,0.973176978029384,0.9973952665521532,kl_kll
2019-02-24 03:28:32.059029760,0.7203738433424682,0.7921693675403005,0,0.9751898047722344,0.9972085035308752,kl_kll
2019-03-03 23:26:39.587647232,0.7449725238027535,0.7885093921371972,0,0.97664686825054,0.9967304682601446,kl_kll
2019-03-11 23:36:41.152388864,0.712010664197151,0.7885099113021251,0,0.9731888964116452,0.9968942057790986,kl_kll
2019-03-20 03:09:37.201606144,0.7561106663046054,0.7890975688074578,0,0.9746027434469644,0.9975200321623346,kl_kll
2019-03-28 13:04:36.918506240,0.7995171843202602,0.7982673932456613,1,0.9742274996626636,0.9965933070552636,kl_kll
2019-04-06 03:31:12.239665920,0.8167068032008201,0.8089343321329068,1,0.979311283517082,0.9977851458885942,kl_kll
2019-04-14 13:17:12.127801088,0.744516768869083,0.8099976379849254,0,0.9717223650385604,0.9968437129048984,kl_kll
2019-04-22 20:24:59.649585152,0.7591799805090343,0.8122156697183993,0,0.9778647590767984,0.9974835671350402,kl_kll
2019-04-30 21:09:58.900908032,0.7512771560489272,0.8132699574530907,0,0.979694057127386,0.997199819880671,kl_kll
2019-05-08 12:33:29.212087808,0.7310695388984328,0.8131968930836024,0,0.977509822517274,0.9973049492909704,kl_kll
2019-05-15 23:08:27.200681472,0.7595593352109492,0.8141462037678532,0,0.9787694388100068,0.9975537046252196,kl_kll
2019-05-23 08:52:22.653012224,0.7378892675480174,0.8117477832004667,0,0.9774598461330812,0.9981649238426784,kl_kll
2019-05-30 22:52:33.977469440,0.736133205417886,0.8118292670844202,0,0.9748206308379586,0.9970015375734812,kl_kll
2019-06-07 01:21:35.321539072,0.7711075831849836,0.8137667446234731,0,0.9780234596197924,0.997788728848026,kl_kll
2019-06-13 23:08:36.748116224,0.7441745165163242,0.8122758401326027,0,0.97457857531267,0.9970495620931236,kl_kll
2019-06-19 21:51:20.566598400,0.7340063509430238,0.8123434500692734,0,0.9801028695181376,0.9978177458033574,kl_kll
2019-06-25 13:38:20.489797632,0.7287832045015391,0.8120733481716913,0,0.9761036857027136,0.996620508220997,kl_kll
2019-07-01 04:13:41.139450112,0.7994528135364226,0.8190299325889328,0,0.9776008635811632,0.9977094708283308,kl_kll
2019-07-06 15:14:53.627373824,0.7691677986781241,0.8116705798899919,0,0.9786663088689118,0.9972674219848372,kl_kll
2019-07-12 01:09:43.613655808,0.6993522423431554,0.8129775040754965,0,0.9760260056887444,0.9974870453426832,kl_kll
2019-07-17 12:14:25.262008832,0.7102466222726221,0.8130020911730238,0,0.9789103690685412,0.9974053153362448,kl_kll
2019-07-23 01:38:22.589190400,0.7198768008127439,0.8130752356241657,0,0.977675551346232,0.9974583604182452,kl_kll
2019-07-29 00:02:24.235024128,0.8219662973790477,0.8242034300566816,0,0.9756953821226032,0.9970230760243518,kl_kll
2019-08-04 14:57:42.356743168,0.7639813419588813,0.8250161808014844,0,0.9786371011357492,0.9972539251207728,kl_kll
2019-08-11 22:40:47.209317632,0.7292656511165706,0.8243524205447905,0,0.9768723947828424,0.997945779605962,kl_kll
2019-08-19 12:11:12.264657664,0.7407083239426321,0.8238667235305938,0,0.9727457627118644,0.9971253660746942,kl_kll
2019-08-26 12:18:00.631070464,0.8501220722808243,0.8398201874657659,1,0.9799481653253308,0.9981271990925036,kl_kll
2019-09-02 23:59:24.102610944,0.741620248547866,0.8392640625591318,0,0.9741252178576216,0.997159343456792,kl_kll
2019-09-11 14:18:50.241135616,0.7579059520091311,0.8392651805822118,0,0.9762840493291776,0.9974481492833196,kl_kll
2019-09-20 07:11:53.724405760,0.7466728245214499,0.8386268943416381,0,0.980169971671388,0.9977836137503694,kl_kll
2019-09-28 17:43:57.425362688,0.7822271072549745,0.8402364476806561,0,0.9767975178740052,0.9977183395241316,kl_kll
2019-10-07 05:47:27.246907904,0.7659087750064183,0.8409226288175115,0,0.979382832502358,0.9982533910097956,kl_kll
2019-10-15 03:07:43.260482560,0.7706504358057834,0.8405927343782551,0,0.9765908785147316,0.997192047429757,kl_kll
2019-10-23 04:54:55.352891904,0.7959246079862963,0.8436468686325135,0,0.976855003403676,0.9975726748044748,kl_kll
2019-10-30 22:03:19.516393216,0.7702282521661665,0.8407636592884943,0,0.9801711258997692,0.9983134204416424,kl_kll
2019-11-07 00:53:40.218806016,0.7451761644336229,0.8339565496011392,0,0.97671617824167,0.9977226633863264,kl_kll
2019-11-14 13:41:12.079603712,0.7580574294521929,0.8342313649818052,0,0.9788857103936792,0.9976172588855884,kl_kll
2019-11-21 23:22:56.785410048,0.7875146732580789,0.8364161280128399,0,0.9807196198234894,0.9972779609645056,kl_kll
2019-11-30 20:34:38.279047936,0.7978451082645689,0.8399614368872893,0,0.979852249832102,0.9982134065311636,kl_kll
2019-12-08 09:25:22.834821632,0.7464042754139005,0.8396645078734977,0,0.982130861211877,0.9983076824902204,kl_kll
2019-12-12 18:50:53.435386880,0.8496469973673797,0.8523075629434067,0,0.9800404585300068,0.9980180939102798,kl_kll
2019-12-16 13:35:06.442365184,0.8751056542851497,0.8693154899987597,1,0.9787321063394684,0.9977508763557238,kl_kll
2019-12-21 06:00:31.676440064,0.7680880974372083,0.8693741721343248,0,0.9770971676378912,0.9977103371302892,kl_kll
2019-12-26 05:37:55.490231296,0.820332416870142,0.8736977486699169,0,0.9793149764942914,0.9981033388219184,kl_kll
2019-12-30 07:47:43.296733696,0.8524019657041294,0.8829617256760156,0,0.983533540288838,0.9986466202721646,kl_kll
2020-01-03 16:51:19.239594752,0.8098736509247016,0.8851134895118199,0,0.98168001085629,0.997904064422759,kl_kll
2020-01-08 01:33:12.531953920,0.8329582454995975,0.8892427863329768,0,0.9805062948422903,0.9980880950380392,kl_kll
2020-01-12 15:12:23.531623168,0.8724152596119771,0.8990877140383161,0,0.9818845477896444,0.9983810152898812,kl_kll
2020-01-17 15:46:46.688024064,0.8486321047050621,0.905328396843042,0,0.9809742274996628,0.997574729830632,kl_kll
2020-01-23 21:51:56.381055744,0.7690170697574406,0.9013241249701636,0,0.9790455590104096,0.997821978792643,kl_kll
2020-01-30 19:11:52.586894080,0.757064184303057,0.8982102456607953,0,0.982368099823681,0.9984064247903502,kl_kll
2020-02-06 07:08:13.361990656,0.8271262983122485,0.8983714577047179,0,0.980466118819884,0.9984713729849916,kl_kll
2020-02-13 01:08:20.600041216,0.7778412196810237,0.8961376527226511,0,0.980594381869996,0.9985777946335452,kl_kll
2020-02-20 04:43:36.799451136,0.8321553710656042,0.8992892666135848,0,0.982296064278905,0.997757319264885,kl_kll
2020-02-27 11:09:41.174667776,0.8298163793784467,0.8997006623874227,0,0.980522115514676,0.9980716062436624,kl_kll
2020-03-06 10:01:34.221097216,0.798873138435327,0.8984162590610842,0,0.9771951386043972,0.9981527258877304,kl_kll
2020-03-15 17:50:55.387179520,0.802540222135017,0.8939070162171469,0,0.976470588235294,0.9979705325287408,kl_kll
2020-03-31 12:24:21.388140032,0.7408342270864692,0.8939732344761286,0,0.97648330855521,0.9979869100302784,kl_kll
2020-04-19 19:09:54.220436480,0.7776507351618053,0.8934082564643859,0,0.9787688609961276,0.9987764275734796,kl_kll
2020-05-06 13:02:34.439251200,0.8170395069428932,0.8932461517791105,0,0.9803602871461464,0.9982450183591168,kl_kll
2020-05-20 22:14:33.564038144,0.7714018177753458,0.8934195915085769,0,0.9797966101694916,0.9979939286721116,kl_kll
2020-06-02 19:01:00.673675008,0.8614414162041933,0.8993313035590941,0,0.980089394555059,0.9982406728621536,kl_kll
2020-06-14 12:55:11.777557504,0.7704879386922423,0.8993368799329207,0,0.980803028254698,0.998587369584675,kl_kll
2020-06-25 18:31:03.157110528,0.7629783665553788,0.8997888578518596,0,0.9820585457979226,0.9985096238742716,kl_kll
2020-07-06 01:42:44.718910208,0.9584298314681228,0.9275989622760514,1,0.9817838348401026,0.9987254640535896,kl_kll
2020-07-14 20:10:16.472787968,0.7866467718831688,0.9259197646124092,0,0.9784582034954612,0.9984417456364816,kl_kll
2020-07-23 10:45:36.111246080,0.8277253024111757,0.926123483354362,0,0.9826356171759322,0.9985062115287798,kl_kll
2020-08-01 00:21:53.413779712,0.8687234295817112,0.9311232893704088,0,0.980169971671388,0.998430781905718,kl_kll
2020-08-09 22:33:36.310064640,0.7752471573877596,0.9314395606786146,0,0.985581458024525,0.9986509526896749,kl_kll
2020-08-19 11:40:47.998887680,0.7838251248710076,0.9294532037363658,0,0.9791525653174497,0.9983216062683318,kl_kll
2020-08-29 07:17:24.744298240,0.8058622118444806,0.9268583078797332,0,0.9801333514763914,0.9986544613580158,kl_kll
2020-09-08 13:07:14.854673152,0.8319968067245336,0.9221053725911306,0,0.983358138276282,0.9986346322368932,kl_kll
2020-09-18 15:46:03.256505856,0.8190714100745691,0.9220085947675228,0,0.982255679526818,0.9981268025393812,kl_kll
2020-09-28 20:35:51.413286912,0.8565949301795062,0.9249260603126828,0,0.9847028563692974,0.9985904821521646,kl_kll
2020-10-08 21:31:41.572937984,0.7523029035124171,0.9234947797114392,0,0.9835068270920644,0.9983260266776848,kl_kll
2020-10-18 16:03:22.807606528,0.8177659130155188,0.9237987670676144,0,0.9822832023444784,0.9985796984753094,kl_kll
2020-10-26 21:41:59.190437632,0.8358122000806626,0.9240162245884208,0,0.9807407407407408,0.9984083038512688,kl_kll
2020-11-04 17:58:27.908431360,0.8663748384589197,0.9231629639788616,0,0.982989064398542,0.9984378479677632,kl_kll
2020-11-13 22:28:31.770108160,0.8300513120632819,0.921551486099322,0,0.9806521445000675,0.9983999238269854,kl_kll
2020-11-23 10:16:15.536645632,0.8184690343388329,0.9215650576778064,0,0.9801001759848382,0.9983419121326316,kl_kll
2020-12-03 15:59:54.972755200,0.9188477335555408,0.933877056821231,0,0.9831149533972714,0.998675437306011,kl_kll
2020-12-12 11:15:47.909172736,0.8531681666391083,0.9357774410083508,0,0.9847069968872648,0.9990173950610582,kl_kll
2020-12-20 03:07:40.230582528,0.896964941045349,0.9433046739743982,0,0.9819349658771578,0.9985848715980462,kl_kll
2020-12-27 19:23:19.554768128,0.8715703323663185,0.9465642652235098,0,0.987362413371382,0.9992794062063745,kl_kll
2021-01-03 06:23:17.718913792,0.968648506201987,0.9673715938255918,1,0.9834521727431724,0.99872027790213,kl_kll
2021-01-10 11:48:21.955332096,0.922572010089758,0.9770192115247412,0,0.986776413439482,0.99910815438574,kl_kll
2021-01-18 01:57:13.053986560,0.8448516546557663,0.977857009154864,0,0.9848263010781312,0.998797277724573,kl_kll
2021-01-25 23:09:30.944615936,0.9413546025184334,0.9856886580066376,0,0.9817592217267936,0.998323050846558,kl_kll
2021-02-03 12:33:21.853117696,0.916052658458972,0.9911103479532768,0,0.9845865165527408,0.9986461544188432,kl_kll
2021-02-12 09:54:04.417721344,0.8912864263170569,0.9944143247241116,0,0.9825779229617532,0.998757891999708,kl_kll
2021-02-20 16:35:42.963620352,0.9474156897825884,1.0024930700897985,0,0.982966067324591,0.9985863802728536,kl_kll
2021-02-28 05:00:00.566801408,0.9822500752919702,1.017340133462258,0,0.9820585457979226,0.99865716930198,kl_kll
2021-03-07 21:11:20.962432768,0.8882999566671453,1.0165915596963673,0,0.983461073013312,0.999011677835454,kl_kll
2021-03-15 20:44:33.816502528,0.8817609131375111,1.0138736569651274,0,0.9851210604625996,0.9990411326854578,kl_kll
2021-03-23 10:38:54.493573120,1.0033326327395835,1.022432400999214,0,0.9797761898341648,0.998720500733767,kl_kll
2021-03-31 06:58:45.219431936,0.9714681136276894,1.0308407846259142,0,0.9842466675642924,0.9990547629519408,kl_kll
2021-04-08 13:38:17.877173504,0.9063549231270536,1.0327066296865584,0,0.9812881355932204,0.9983652303142312,kl_kll
2021-04-16 05:42:19.725994240,0.8994796114428801,1.034056941747748,0,0.9821597513177456,0.9988658938950524,kl_kll
2021-04-23 19:16:04.996834304,0.9459462559059452,1.035421652624482,0,0.9844489519945908,0.9991844221743872,kl_kll
2021-05-01 18:30:03.026884352,0.8661180337681741,1.031440835143031,0,0.9856817877693028,0.9992198973780494,kl_kll
2021-05-10 01:02:27.782891008,0.9163958304908776,1.0310114690134071,0,0.9814291481631006,0.9987078284062388,kl_kll
2021-05-19 04:00:54.178891776,0.8978749335174072,1.0307830695345916,0,0.9838512688288776,0.9988911648996066,kl_kll
2021-05-28 06:59:56.814934272,0.8921797027918776,1.0291815696597668,0,0.9836375929682216,0.9986718477503638,kl_kll
2021-06-06 08:10:03.114930688,0.885330816096424,1.0291260238740705,0,0.9856698661619576,0.9988180313288908,kl_kll
2021-06-15 02:51:55.451059200,0.9347120453900128,1.0190473666703612,0,0.9836198727494246,0.9989317270543058,kl_kll
2021-06-24 11:51:15.571951104,0.9289259643172824,1.016963492720103,0,0.9836905243294244,0.998774483764801,kl_kll
2021-07-03 00:41:20.139074560,1.0004640507047118,1.0258260547632538,0,0.9860904794058069,0.9990300582352372,kl_kll
2021-07-11 03:42:50.439658240,1.0179957168746228,1.0387774095114664,0,0.9858280469699016,0.9991130667709556,kl_kll
2021-07-19 19:34:35.039692288,0.9176119301663525,1.0353146669439055,0,0.9818845477896444,0.9987777719953944,kl_kll
2021-07-29 01:51:02.608172544,0.9431371298086764,1.0305585629780167,0,0.9821549276733812,0.9990594832895136,kl_kll
2021-08-07 10:51:27.352369408,0.9533122988813734,1.032611584529862,0,0.9834216605517054,0.9991277648510354,kl_kll
2021-08-17 12:38:25.298760960,0.9863156318654211,1.0356832157738487,0,0.9831955549532456,0.9989466507167266,kl_kll
2021-08-28 02:15:10.444094976,0.9807162388318869,1.040091246305039,0,0.9830531271015468,0.9989072023665696,kl_kll
2021-09-08 08:23:55.827413248,1.0998607814876962,1.0681897050247584,1,0.9854073773814348,0.9992764860304276,kl_kll
2021-09-20 02:09:24.517992448,1.0009450092865595,1.071644144091741,0,0.9833674164962508,0.998948198652258,kl_kll
2021-10-02 09:07:14.140529664,0.9737305040017382,1.0740287247820226,0,0.9829094334544476,0.999314443202496,kl_kll
2021-10-14 09:53:58.433844224,1.0253280930178923,1.0776479291890395,0,0.9858829917198316,0.9993252146922252,kl_kll
2021-10-26 06:50:48.638631424,1.03442561603262,1.0865105382378886,0,0.9847654683950288,0.999173959024674,kl_kll
2021-11-07 02:07:38.964423168,1.05226085524133,1.0975814628175966,0,0.9858509634820104,0.9991854951229406,kl_kll
2021-11-20 03:43:54.708039424,3.0810460770819863,1.9909381211838304,1,0.7079028579095666,0.6543381694877807,kl_kll
2021-12-04 16:27:34.629209856,3.344000276707481,2.5233574230507108,1,0.692888948859803,0.6129756944534697,kl_kll
2021-12-16 15:25:29.038531328,3.52119889639169,2.972722318989281,1,0.7032074705643524,0.6299999447588833,kl_kll
2021-12-28 07:33:53.691827456,3.5176648964628363,3.336520162004902,1,0.7241004752206381,0.6089595442639874,kl_kll
2022-01-07 23:29:55.343080448,3.3370885685888907,3.606034396983008,0,0.7182964871829649,0.6022975152928747,kl_kll
2022-01-19 00:01:43.121507840,3.427703922330624,3.863060840319786,0,0.7134336451131896,0.614395176029269,kl_kll
2022-02-01 02:08:39.386309376,3.7958187865992,4.165648478043721,0,0.6860140788949396,0.6020920195011361,kl_kll
2022-02-15 21:24:12.288849152,3.707115765742746,4.4150184499181275,0,0.6871864406779661,0.5928130371760321,kl_kll
2022-03-03 18:56:24.278607872,3.809698692340626,4.655593139480597,0,0.6862612916273426,0.6044672765502397,kl_kll
2022-03-20 01:26:42.440673792,3.4960836184935578,4.8214677398579555,0,0.7012599918710202,0.6070035843832118,kl_kll
2022-04-05 13:17:19.308122880,3.8719993535632025,5.025451506249025,0,0.700282752120641,0.5969200415761987,kl_kll
2022-04-22 15:56:24.990583552,3.928946911648284,5.217397274278527,0,0.6924438393464942,0.5952509771742679,kl_kll
2022-05-10 01:49:57.067557120,4.121843297622063,5.416591702763764,0,0.6865852020948032,0.5867689699991769,kl_kll
2022-05-26 23:41:19.694324992,3.908902955063611,5.560832643942058,0,0.692601171821774,0.5862204836690921,kl_kll
2022-06-13 19:31:30.953625856,4.2443396873691475,5.732740027451564,0,0.7063870352716873,0.5999926459072181,kl_kll
2022-07-01 05:13:34.188655360,4.007949633859915,5.85171011087135,0,0.7135282121006118,0.6122314093367258,kl_kll
2022-07-19 07:43:38.707995136,4.270414372011079,5.9853140609234,0,0.7150632739148184,0.5904891588394284,kl_kll
2022-08-03 21:19:20.825760512,4.28427817049248,6.103061131751614,0,0.7179001488296577,0.5890484316325203,kl_kll
2022-08-20 21:57:39.515699200,4.38000990717802,6.212603750344202,0,0.7087875117749967,0.5876377806366361,kl_kll
2022-09-08 12:21:15.658391552,3.962025881328918,6.2437054933699185,0,0.7056106507268034,0.5979556096174928,kl_kll
2022-09-29 05:47:21.496285952,4.62291861389768,6.332749901374807,0,0.7102526002971769,0.5868182809386289,kl_kll
2022-10-17 10:02:33.443390208,4.564552088307381,6.386517611187369,0,0.7228915662650602,0.5734394626800947,kl_kll
2022-11-03 19:29:27.377822464,4.758063798348803,6.438794050944016,0,0.7336480107889414,0.5803756586775455,kl_kll
2022-11-22 04:43:40.296791552,4.781484597631476,6.459866189248263,0,0.7608194274860941,0.5684594943910825,kl_kll
2022-12-12 18:26:22.581661952,4.619731121686371,6.440754452792728,0,0.7535525781567195,0.5736545178875823,kl_kll
2023-01-01 16:50:34.107695360,4.857452188566765,6.396803944909378,0,0.7775238607339696,0.5725183312382702,kl_kll
2023-01-21 22:36:39.085148160,4.742723603110161,6.282490308597941,0,0.763359806165029,0.5718948551000891,kl_kll
2023-02-19 18:52:46.886860032,4.562659263892012,6.092104822207417,0,0.7478603450618122,0.5715764019509713,kl_kll
2023-03-20 16:48:23.729529344,5.013108704155229,5.863663021272108,0,0.7495614626905951,0.5793050523471636,kl_kll
2023-05-24 23:45:22.533269760,6.136649501408681,5.74149137785867,1,0.7254461335095836,0.5739864479921157,kl_kll
2015-01-11 08:09:48.506820096,0.0,0.0492521667520629,0,0.9820807702594276,0.9973916716569126,minkowski
2015-02-05 05:45:21.200667648,0.011293183080852,0.0492521667520629,0,0.9755674232309748,0.9963946645121632,minkowski
2015-02-28 16:39:17.016885504,0.0201200190931558,0.0492521667520629,0,0.9777539533637096,0.9957381803589668,minkowski
2015-03-24 08:51:32.283909632,0.0214507449418306,0.0492521667520629,0,0.9722074468085108,0.99592193589534,minkowski
2015-04-19 23:55:22.089075712,0.0218517296016216,0.0492521667520629,0,0.9747596153846154,0.995621762789683,minkowski
2015-05-16 05:23:02.882852864,0.0183268077671527,0.0492521667520629,0,0.9747910488002156,0.9951544258628652,minkowski
2015-06-11 17:01:20.739780864,0.0162852294743061,0.0492521667520629,0,0.9754207854662036,0.9959718922349832,minkowski
2015-07-07 02:48:50.688933888,0.0190774258226156,0.0492521667520629,0,0.9734143049932524,0.9954411281334216,minkowski
2015-07-30 15:34:58.859391744,0.0239383429288864,0.0492521667520629,0,0.9753201707577376,0.995919278433188,minkowski
2015-08-21 15:05:12.752964864,0.0263166800141334,0.0492521667520629,0,0.9747978436657682,0.9951549073703082,minkowski
2015-09-12 21:37:22.907615744,0.0153298126533627,0.0492521667520629,0,0.9737194958433896,0.9967122383874012,minkowski
2015-10-05 21:53:33.587716864,0.0301808360964059,0.0492521667520629,0,0.9758022093634928,0.9972455237358976,minkowski
2015-10-26 04:25:22.448119552,0.0118802683427929,0.0492521667520629,0,0.9733262203254202,0.9956075193809828,minkowski
2015-11-13 17:02:05.369004800,0.0086131179705262,0.0492521667520629,0,0.9748830995323982,0.996506195164423,minkowski
2015-12-02 07:12:01.405064960,0.0141983525827527,0.0492521667520629,0,0.9764169904863996,0.9966623651246994,minkowski
2015-12-22 18:55:59.606276864,0.0179631505161523,0.0492521667520629,0,0.9703663793103448,0.9960126635069232,minkowski
2016-01-10 08:06:09.746892288,0.0127013241872191,0.0492521667520629,0,0.9744776514149696,0.9959212977336231,minkowski
2016-01-21 04:39:16.918586112,0.0117468172684311,0.0492521667520629,0,0.9752276379217996,0.99565376818614,minkowski
2016-02-02 02:58:14.565866496,0.0141664529219269,0.0492521667520629,0,0.9752,0.9957445729855394,minkowski
2016-02-14 18:06:33.121078016,0.0127623518928885,0.0492521667520629,0,0.976401179941003,0.995136070591376,minkowski
2016-02-26 21:17:57.877155840,0.0132703417912125,0.0492521667520629,0,0.9751923587158398,0.9963266425151,minkowski
2016-03-09 07:50:47.186913280,0.0207365490496158,0.0492521667520629,0,0.9746580852775544,0.9954687573729653,minkowski
2016-03-21 19:27:45.574640896,0.0204722080379724,0.0492521667520629,0,0.9757849920170304,0.9966273167605524,minkowski
2016-04-04 14:40:47.423562496,0.0277563873678445,0.0492521667520629,0,0.973267060720043,0.9954549086588884,minkowski
2016-04-19 00:35:56.588087808,0.0284829307347536,0.0492521667520629,0,0.9734548335974644,0.9953450653822644,minkowski
2016-04-29 09:06:52.916020480,0.0266819428652524,0.0492521667520629,0,0.9729874297940626,0.9952464292989204,minkowski
2016-05-10 06:38:48.651970048,0.0229500904679298,0.0492521667520629,0,0.9717233985526668,0.9952706076965744,minkowski
2016-05-21 10:47:31.657382656,0.0198878534138202,0.0492521667520629,0,0.9773454157782516,0.9959949892631766,minkowski
2016-06-01 08:05:10.293080576,0.0258697252720594,0.0492521667520629,0,0.9722148009617954,0.9954980218562054,minkowski
2016-06-11 14:38:48.016489472,0.0310522150248289,0.0492521667520629,0,0.9751329787234042,0.9958026190877796,minkowski
2016-06-22 00:57:55.235603712,0.0296493712812662,0.0492521667520629,0,0.9765974230870366,0.9960748749469592,minkowski
2016-07-02 07:25:22.794145280,0.0300255790352821,0.0492521667520629,0,0.972730918326427,0.9956982330518912,minkowski
2016-07-13 09:27:46.314788096,0.0311200600117445,0.0492521667520629,0,0.971322849213691,0.9948799666264048,minkowski
2016-07-22 03:46:52.547762176,0.0333794355392456,0.0492521667520629,0,0.970741482965932,0.9943637526262904,minkowski
2016-07-31 10:31:14.596140800,0.0391980446875095,0.0492521667520629,0,0.9704590818363272,0.995318887980376,minkowski
2016-08-09 22:13:06.052518912,0.0335190333425998,0.0492521667520629,0,0.9748763864760124,0.9958252967429676,minkowski
2016-08-19 15:46:13.900492800,0.0281090140342712,0.0492521667520629,0,0.9682962568269616,0.995206116487054,minkowski
2016-08-29 05:53:12.757607936,0.0392623506486415,0.0492521667520629,0,0.9685049833887044,0.9953991244094098,minkowski
2016-09-08 09:39:44.793902336,0.0218864511698484,0.0492521667520629,0,0.974703767807216,0.9964862001306454,minkowski
2016-09-18 06:03:33.502058752,0.0268036685883998,0.0492521667520629,0,0.9721078496480277,0.9957278517704528,minkowski
2016-09-27 18:24:40.967160576,0.0229594260454177,0.0492521667520629,0,0.9707649179014818,0.9951950672651252,minkowski
2016-10-07 13:41:23.872992768,0.0221614353358745,0.0492521667520629,0,0.9700066357000664,0.9951628968859444,minkowski
2016-10-17 11:55:33.511858432,0.0299119558185338,0.0492521667520629,0,0.9749430523917996,0.9965663720648624,minkowski
2016-10-27 01:29:41.976607488,0.0312628336250782,0.0492521667520629,0,0.9677850554738672,0.9948193011232784,minkowski
2016-11-05 01:35:03.399676928,0.0272827688604593,0.0492521667520629,0,0.9741622930964876,0.9961169449653317,minkowski
2016-11-14 19:01:10.739316736,0.0269296672195196,0.0492521667520629,0,0.9724045545880776,0.9951873849013252,minkowski
2016-11-25 12:35:37.448248320,0.0326554737985134,0.0492521667520629,0,0.968562674836819,0.9943729423206012,minkowski
2016-12-03 15:52:34.117192704,0.0188302975147962,0.0492521667520629,0,0.9703023039019842,0.996177784409808,minkowski
2016-12-10 08:59:30.693692160,0.0124055612832307,0.0492521667520629,0,0.975596746232831,0.9957150348138878,minkowski
2016-12-17 08:49:39.525993984,0.02040371671319,0.0492521667520629,0,0.9724770642201837,0.9958783696859832,minkowski
2016-12-24 06:30:44.857579520,0.0166236590594053,0.0492521667520629,0,0.9751561046897834,0.9964480545386588,minkowski
2016-12-30 03:47:24.421860352,0.0110504915937781,0.0492521667520629,0,0.9743284372105332,0.9962206664039944,minkowski
2017-01-04 22:16:38.277375232,0.0108159463852643,0.0492521667520629,0,0.975886151008038,0.996317702279957,minkowski
2017-01-10 20:56:48.223647488,0.0099002141505479,0.0492521667520629,0,0.9739478957915833,0.9955256790360728,minkowski
2017-01-17 04:59:38.757997568,0.0126320263370871,0.0492521667520629,0,0.9745683308794004,0.9961872896245488,minkowski
2017-01-24 02:28:52.148750848,0.0145481312647461,0.0492521667520629,0,0.9761999206664024,0.9960563049754436,minkowski
2017-01-31 17:37:25.901447424,0.0164433680474758,0.0492521667520629,0,0.9717093903572852,0.9956585327842812,minkowski
2017-02-08 10:39:14.659304192,0.0196008030325174,0.0492521667520629,0,0.9747387911651898,0.996188022503812,minkowski
2017-02-16 13:19:43.407748864,0.0197192691266536,0.0492521667520629,0,0.9743486973947896,0.9962613055846748,minkowski
2017-02-25 01:31:15.515959808,0.0143997874110937,0.0492521667520629,0,0.968474977013004,0.9943666800059094,minkowski
2017-03-04 23:00:53.579133440,0.0201310738921165,0.0492521667520629,0,0.9748658201335252,0.9957494156392072,minkowski
2017-03-12 14:57:13.493110272,0.0177038628607988,0.0492521667520629,0,0.9720401337792642,0.9944768508040088,minkowski
2017-03-19 07:30:07.155601920,0.0271474458277225,0.0492521667520629,0,0.9744358940915612,0.99639635234845,minkowski
2017-03-26 15:48:53.983547904,0.0166061744093894,0.0492521667520629,0,0.9734642430675337,0.9961268857027954,minkowski
2017-04-03 09:24:18.020380928,0.0340882577002048,0.0492521667520629,0,0.970960436925536,0.995292120370584,minkowski
2017-04-11 11:19:21.909979904,0.0277900695800781,0.0492521667520629,0,0.9703951774949764,0.995716189898255,minkowski
2017-04-19 13:38:16.158673664,0.0287905279546976,0.0492521667520629,0,0.9681595983617388,0.9956322506718136,minkowski
2017-04-27 04:32:28.451162880,0.0335358157753944,0.0492521667520629,0,0.9730232558139534,0.9964345856056284,minkowski
2017-05-05 05:58:39.392567040,0.0313704684376716,0.0492521667520629,0,0.9718928999600372,0.9957892869085724,minkowski
2017-05-14 04:22:32.892679424,0.0301453862339258,0.0492521667520629,0,0.9721961047683008,0.9960161450779934,minkowski
2017-05-21 19:24:48.956270336,0.0343141108751297,0.0492521667520629,0,0.970059093893631,0.9952534884661072,minkowski
2017-05-29 21:29:31.905385472,0.0379110686480999,0.0492521667520629,0,0.970867299211546,0.9957772404447194,minkowski
2017-06-06 21:26:11.897116160,0.0388773381710052,0.0492521667520629,0,0.9696969696969696,0.9947705264957052,minkowski
2017-06-14 20:46:07.987727104,0.0491476394236087,0.0492521667520629,0,0.9715977924350518,0.9959514671553268,minkowski
2017-06-22 20:00:49.528886016,0.03602210059762,0.0492521667520629,0,0.9706871050154632,0.9954542495519124,minkowski
2017-07-01 09:36:16.053435904,0.0472554266452789,0.0492521667520629,0,0.9682281059063136,0.9946955789197292,minkowski
2017-07-12 14:58:14.009790208,0.048015896230936,0.0492521667520629,0,0.95874079035499,0.9932898510072632,minkowski
2017-07-19 05:59:53.470542080,0.0365606546401977,0.0492521667520629,0,0.9781700579436734,0.9969926543554688,minkowski
2017-07-24 10:00:41.826860544,0.0348917767405509,0.0492521667520629,0,0.9705215419501134,0.995800313666868,minkowski
2017-07-31 22:57:28.080697088,0.0382779389619827,0.0492521667520629,0,0.9682453521509023,0.9948123526042432,minkowski
2017-08-07 12:03:09.532411648,0.0355089120566844,0.0492521667520629,0,0.969857433808554,0.99564967393878,minkowski
2017-08-14 17:50:42.746228992,0.0343452505767345,0.0492521667520629,0,0.9726694628602354,0.9961236425747798,minkowski
2017-08-21 07:36:09.961766656,0.0276837032288312,0.0492521667520629,0,0.973317079777868,0.9954568507284136,minkowski
2017-08-28 19:57:39.823730432,0.0319645702838897,0.0492521667520629,0,0.9737515143357114,0.9959691165193416,minkowski
2017-09-05 01:55:46.054718208,0.035644493997097,0.0492521667520629,0,0.9687626774847872,0.9957836560567216,minkowski
2017-09-13 14:01:37.723277568,0.0279072970151901,0.0492521667520629,0,0.9726250169399648,0.9964311913372632,minkowski
2017-09-22 02:41:11.360974336,0.0259128920733928,0.0492521667520629,0,0.9749016415683084,0.996122140708257,minkowski
2017-09-30 17:22:12.757061120,0.0273630581796169,0.0492521667520629,0,0.9742261011864176,0.995511478159087,minkowski
2017-10-09 12:10:52.014179840,0.0444993004202842,0.0492521667520629,0,0.9719184555150532,0.9964949181523726,minkowski
2017-10-18 05:33:31.071549952,0.0371079593896865,0.0492521667520629,0,0.9697627118644068,0.9962838814190412,minkowski
2017-10-26 10:29:49.184672256,0.0306456089019775,0.0492521667520629,0,0.9689147182051628,0.9948879845193208,minkowski
2017-11-03 13:32:06.526492928,0.0370290428400039,0.0492521667520629,0,0.9691182446160096,0.9957077980938176,minkowski
2017-11-12 11:16:33.610533376,0.0249146297574043,0.0492521667520629,0,0.9724425325984676,0.9957261735143615,minkowski
2017-11-22 09:22:30.779576064,0.0404036082327365,0.0492521667520629,0,0.9677157908955828,0.995645429134305,minkowski
2017-12-02 00:14:20.750861312,0.0268937293440103,0.0492521667520629,0,0.9707673568818516,0.9954670455382516,minkowski
2017-12-10 18:38:30.163156736,0.0364816486835479,0.0492521667520629,0,0.9676593451017385,0.9966062113766786,minkowski
2017-12-19 10:11:00.917120000,0.0303517095744609,0.0492521667520629,0,0.9671953368578012,0.9954450084977052,minkowski
2017-12-29 04:55:25.730855936,0.0276862289756536,0.0492521667520629,0,0.9712776046606152,0.9961194834746752,minkowski
2018-01-07 05:03:58.074396160,0.0229646656662225,0.0492521667520629,0,0.968060630667208,0.9959592016513176,minkowski
2018-01-13 01:15:01.810510336,0.0132969804108142,0.0492521667520629,0,0.9721358041390504,0.9961572174932212,minkowski
2018-01-20 09:23:07.746618368,0.0197896230965852,0.0492521667520629,0,0.9742830214083747,0.9965412695809917,minkowski
2018-01-28 08:00:23.843254272,0.0261807404458522,0.0492521667520629,0,0.9717659834396634,0.9959328974122644,minkowski
2018-02-05 16:11:44.747650816,0.0335585810244083,0.0492521667520629,0,0.9694054776219104,0.9955197725967956,minkowski
2018-02-14 04:34:46.924671744,0.0263726767152547,0.0492521667520629,0,0.9728781540952638,0.9967522829056036,minkowski
2018-02-22 06:31:20.301297664,0.0268386639654636,0.0492521667520629,0,0.9759491960545872,0.9965246801684146,minkowski
2018-03-02 00:39:40.729383424,0.0300832111388444,0.0492521667520629,0,0.9679443459282498,0.995520898869246,minkowski
2018-03-09 23:00:57.028640000,0.0251194164156913,0.0492521667520629,0,0.970496684260387,0.9955959799397816,minkowski
2018-03-18 07:01:04.328294144,0.0422790832817554,0.0492521667520629,0,0.9755080069977125,0.9969361824159156,minkowski
2018-03-26 00:14:58.361884672,0.026876725256443,0.0492521667520629,0,0.9726694628602354,0.9966879703312186,minkowski
2018-04-02 21:40:45.219374592,0.0278489235788583,0.0492521667520629,0,0.9690931272875152,0.9959719702861554,minkowski
2018-04-10 13:53:58.238752000,0.0353759229183197,0.0492521667520629,0,0.9690498716042708,0.9953859238346554,minkowski
2018-04-18 05:52:30.149701888,0.0302931685000658,0.0492521667520629,0,0.9755702523957348,0.997130952215545,minkowski
2018-04-26 08:23:35.867226112,0.0360349267721176,0.0492521667520629,0,0.9734453326107574,0.9968284343893812,minkowski
2018-05-04 09:15:51.821802496,0.0436151437461376,0.0492521667520629,0,0.9745751189666894,0.9969512466018596,minkowski
2018-05-12 21:50:43.518119424,0.0378848910331726,0.0492521667520629,0,0.9710693524401784,0.9950647520381928,minkowski
2018-05-21 12:17:53.595243520,0.0309283137321472,0.0492521667520629,0,0.9689098250336474,0.9958844660502816,minkowski
2018-05-29 22:37:11.426733056,0.0401998572051525,0.0492521667520629,0,0.9747830802603036,0.9967097961411028,minkowski
2018-06-07 00:32:46.876511488,0.036359678953886,0.0492521667520629,0,0.9691266079891672,0.9961695922638266,minkowski
2018-06-14 14:02:17.009661696,0.0273537896573543,0.0492521667520629,0,0.9713517148621386,0.9957839400154544,minkowski
2018-06-22 06:59:06.886837248,0.0222846306860446,0.0492521667520629,0,0.9738800920286912,0.9964713986687272,minkowski
2018-06-29 16:42:36.076887296,0.0282854065299034,0.0477395202130002,0,0.9756031075371404,0.9955342530814704,minkowski
2018-07-07 12:49:43.480511488,0.0361846536397933,0.0476484913888512,0,0.971390194761585,0.9961315788142198,minkowski
2018-07-15 21:09:54.719060224,0.0375550910830497,0.048161254730891,0,0.9668613336955044,0.9951747856281422,minkowski
2018-07-25 08:17:45.434097408,0.0366513356566429,0.0476829626415237,0,0.970766536440792,0.995847780823082,minkowski
2018-08-01 18:41:05.208256000,0.0421061441302299,0.0488364314085058,0,0.9721061851502492,0.9966802754364842,minkowski
2018-08-08 13:01:39.231343616,0.031103515997529,0.0484874549580595,0,0.9759739378308674,0.9969737355978576,minkowski
2018-08-15 14:51:17.696300544,0.029736366122961,0.0484742528019755,0,0.9732973701955496,0.996484146345738,minkowski
2018-08-23 01:01:27.213691648,0.0264557693153619,0.0484909876061445,0,0.9749220550359224,0.9964475812699356,minkowski
2018-08-30 21:06:44.884686336,0.0314441658556461,0.0483730057897896,0,0.9712356515867656,0.996684405061541,minkowski
2018-09-08 13:18:56.003451648,0.0357067994773387,0.0470446271853428,0,0.9731335223437289,0.9966561127661664,minkowski
2018-09-17 07:39:59.075442944,0.0355542860925197,0.0465268947200845,0,0.968618963884756,0.9958626966431002,minkowski
2018-09-26 03:50:15.335848704,0.0353029109537601,0.0465630471549753,0,0.9749494949494948,0.9971163396488072,minkowski
2018-10-05 07:32:21.802231808,0.0325098223984241,0.0465248193113583,0,0.9723389830508474,0.9969995220535788,minkowski
2018-10-13 18:44:58.700504832,0.0327027961611747,0.0464069021193957,0,0.9727090301003344,0.9969405078692458,minkowski
2018-10-21 16:45:27.440193024,0.0311110876500606,0.046272543253566,0,0.9734477671986054,0.9970424265632728,minkowski
2018-10-29 08:42:23.578923776,0.0326228626072406,0.0462821371250246,0,0.9744629104175112,0.9964196933702334,minkowski
2018-11-06 04:18:43.090291968,0.0282597877085208,0.0460505341375237,0,0.9737379235270104,0.9970263242930292,minkowski
2018-11-14 20:25:18.838155776,0.0303725656121969,0.0450184219169783,0,0.9744421906693712,0.9967541831948612,minkowski
2018-11-23 09:54:35.962477312,0.0343484133481979,0.0449444593479047,0,0.9738811046116176,0.997088312527828,minkowski
2018-12-01 08:47:21.810177536,0.0360862538218498,0.0450160904245086,0,0.9736172492299452,0.9974142202403072,minkowski
2018-12-09 00:42:57.972538368,0.0234341286122798,0.0454259173902679,0,0.9775326247813804,0.9977793933205324,minkowski
2018-12-15 23:21:59.329690368,0.0300494898110628,0.0454297477282086,0,0.973595125253893,0.9968975369044883,minkowski
2018-12-23 11:05:31.167271680,0.0323717445135116,0.0452339428007056,0,0.9774072081764388,0.9976090350557466,minkowski
2018-12-29 17:00:32.257942272,0.0245581902563571,0.044120135004652,0,0.975869506605554,0.997331688743848,minkowski
2019-01-04 13:52:37.531022848,0.022109892219305,0.0441538621977455,0,0.9787899388171312,0.9972237999905712,minkowski
2019-01-10 06:41:21.192833792,0.0227679572999477,0.0445261969448855,0,0.9780131384904144,0.9972199223071782,minkowski
2019-01-16 10:38:04.728266752,0.0222758762538433,0.0439238627332543,0,0.9745955341623213,0.9968490101667004,minkowski
2019-01-23 06:52:45.774218752,0.0283253565430641,0.0434543972791613,0,0.9759739378308674,0.9972091158355384,minkowski
2019-01-30 17:31:41.145020928,0.0293638724833726,0.0434449747288667,0,0.9788474576271188,0.997886025575489,minkowski
2019-02-07 08:25:49.291846912,0.0368972644209861,0.0435989611308949,0,0.9762962962962964,0.9977198022717834,minkowski
2019-02-16 00:10:19.823346432,0.0381606630980968,0.0442315960584247,0,0.973176978029384,0.9973952665521532,minkowski
2019-02-24 03:28:32.059029760,0.0419593527913093,0.0451104724457723,0,0.9751898047722344,0.9972085035308752,minkowski
2019-03-03 23:26:39.587647232,0.0315308310091495,0.0446335579924786,0,0.97664686825054,0.9967304682601446,minkowski
2019-03-11 23:36:41.152388864,0.0353899672627449,0.0445007095010182,0,0.9731888964116452,0.9968942057790986,minkowski
2019-03-20 03:09:37.201606144,0.0418216027319431,0.0444433917391098,0,0.9746027434469644,0.9975200321623346,minkowski
2019-03-28 13:04:36.918506240,0.0346744358539581,0.0446397482974637,0,0.9742274996626636,0.9965933070552636,minkowski
2019-04-06 03:31:12.239665920,0.0339841805398464,0.0447944074813711,0,0.979311283517082,0.9977851458885942,minkowski
2019-04-14 13:17:12.127801088,0.0386641807854175,0.0453212136606251,0,0.9717223650385604,0.9968437129048984,minkowski
2019-04-22 20:24:59.649585152,0.0372956991195678,0.0457116174751124,0,0.9778647590767984,0.9974835671350402,minkowski
2019-04-30 21:09:58.900908032,0.0335680767893791,0.0455623680155013,0,0.979694057127386,0.997199819880671,minkowski
2019-05-08 12:33:29.212087808,0.0372905991971492,0.0457320068467867,0,0.977509822517274,0.9973049492909704,minkowski
2019-05-15 23:08:27.200681472,0.0359610989689827,0.0457875995861227,0,0.9787694388100068,0.9975537046252196,minkowski
2019-05-23 08:52:22.653012224,0.0333687998354435,0.0458239009794866,0,0.9774598461330812,0.9981649238426784,minkowski
2019-05-30 22:52:33.977469440,0.0438538789749145,0.0471491668566733,0,0.9748206308379586,0.9970015375734812,minkowski
2019-06-07 01:21:35.321539072,0.0528756938874721,0.0504423307047816,1,0.9780234596197924,0.997788728848026,minkowski
2019-06-13 23:08:36.748116224,0.0476539209485054,0.0520883164172963,0,0.97457857531267,0.9970495620931236,minkowski
2019-06-19 21:51:20.566598400,0.04167465493083,0.0526535726384065,0,0.9801028695181376,0.9978177458033574,minkowski
2019-06-25 13:38:20.489797632,0.0484397001564502,0.0541981381648647,0,0.9761036857027136,0.996620508220997,minkowski
2019-07-01 04:13:41.139450112,0.038022618740797,0.0543644414488543,0,0.9776008635811632,0.9977094708283308,minkowski
2019-07-06 15:14:53.627373824,0.0372462347149848,0.0544219521625922,0,0.9786663088689118,0.9972674219848372,minkowski
2019-07-12 01:09:43.613655808,0.0351354479789733,0.0540231906954768,0,0.9760260056887444,0.9974870453426832,minkowski
2019-07-17 12:14:25.262008832,0.0407628677785396,0.054338057833426,0,0.9789103690685412,0.9974053153362448,minkowski
2019-07-23 01:38:22.589190400,0.0414848960936069,0.0547285814530461,0,0.977675551346232,0.9974583604182452,minkowski
2019-07-29 00:02:24.235024128,0.0421529226005077,0.0546746046752242,0,0.9756953821226032,0.9970230760243518,minkowski
2019-08-04 14:57:42.356743168,0.0401689372956752,0.0539670558202875,0,0.9786371011357492,0.9972539251207728,minkowski
2019-08-11 22:40:47.209317632,0.0477262027561664,0.053962238565877,0,0.9768723947828424,0.997945779605962,minkowski
2019-08-19 12:11:12.264657664,0.0415865704417228,0.0527988634751548,0,0.9727457627118644,0.9971253660746942,minkowski
2019-08-26 12:18:00.631070464,0.0396821461617946,0.0522825935157035,0,0.9799481653253308,0.9981271990925036,minkowski
2019-09-02 23:59:24.102610944,0.0366398803889751,0.0517563803768712,0,0.9741252178576216,0.997159343456792,minkowski
2019-09-11 14:18:50.241135616,0.0446444600820541,0.052161406436357,0,0.9762840493291776,0.9974481492833196,minkowski
2019-09-20 07:11:53.724405760,0.0442840941250324,0.0525027965493824,0,0.980169971671388,0.9977836137503694,minkowski
2019-09-28 17:43:57.425362688,0.0441134646534919,0.052682251282248,0,0.9767975178740052,0.9977183395241316,minkowski
2019-10-07 05:47:27.246907904,0.0437293350696563,0.0525479351377756,0,0.979382832502358,0.9982533910097956,minkowski
2019-10-15 03:07:43.260482560,0.0433428511023521,0.0526432905409016,0,0.9765908785147316,0.997192047429757,minkowski
2019-10-23 04:54:55.352891904,0.0480767674744129,0.0532938370629292,0,0.976855003403676,0.9975726748044748,minkowski
2019-10-30 22:03:19.516393216,0.035851027816534,0.0532195912546068,0,0.9801711258997692,0.9983134204416424,minkowski
2019-11-07 00:53:40.218806016,0.0321994684636592,0.0533963479813242,0,0.97671617824167,0.9977226633863264,minkowski
2019-11-14 13:41:12.079603712,0.0315415039658546,0.0538186428398434,0,0.9788857103936792,0.9976172588855884,minkowski
2019-11-21 23:22:56.785410048,0.0289051588624715,0.0544938934512602,0,0.9807196198234894,0.9972779609645056,minkowski
2019-11-30 20:34:38.279047936,0.0328440703451633,0.0545464037036479,0,0.979852249832102,0.9982134065311636,minkowski
2019-12-08 09:25:22.834821632,0.0320149473845958,0.0548010242321978,0,0.982130861211877,0.9983076824902204,minkowski
2019-12-12 18:50:53.435386880,0.0324487313628196,0.0549784520246049,0,0.9800404585300068,0.9980180939102798,minkowski
2019-12-16 13:35:06.442365184,0.0317020155489444,0.0550971551819512,0,0.9787321063394684,0.9977508763557238,minkowski
2019-12-21 06:00:31.676440064,0.0293659679591655,0.0552373237314261,0,0.9770971676378912,0.9977103371302892,minkowski
2019-12-26 05:37:55.490231296,0.0292138587683439,0.0538415256683967,0,0.9793149764942914,0.9981033388219184,minkowski
2019-12-30 07:47:43.296733696,0.0277406238019466,0.0533760873493733,0,0.983533540288838,0.9986466202721646,minkowski
2020-01-03 16:51:19.239594752,0.0339608117938041,0.0531342058752528,0,0.98168001085629,0.997904064422759,minkowski
2020-01-08 01:33:12.531953920,0.0288449227809906,0.052175253096803,0,0.9805062948422903,0.9980880950380392,minkowski
2020-01-12 15:12:23.531623168,0.0317528545856475,0.0521557440668542,0,0.9818845477896444,0.9983810152898812,minkowski
2020-01-17 15:46:46.688024064,0.0302529335021972,0.0522177959657334,0,0.9809742274996628,0.997574729830632,minkowski
2020-01-23 21:51:56.381055744,0.0295567642897367,0.0523513996414274,0,0.9790455590104096,0.997821978792643,minkowski
2020-01-30 19:11:52.586894080,0.0313190706074237,0.0520807137775245,0,0.982368099823681,0.9984064247903502,minkowski
2020-02-06 07:08:13.361990656,0.0330048352479934,0.0516695086682698,0,0.980466118819884,0.9984713729849916,minkowski
2020-02-13 01:08:20.600041216,0.0379431024193763,0.0512951095721553,0,0.980594381869996,0.9985777946335452,minkowski
2020-02-20 04:43:36.799451136,0.0291855484247207,0.0510695173298383,0,0.982296064278905,0.997757319264885,minkowski
2020-02-27 11:09:41.174667776,0.0318100713193416,0.0495334776261384,0,0.980522115514676,0.9980716062436624,minkowski
2020-03-06 10:01:34.221097216,0.0292636156082153,0.0489971223925187,0,0.9771951386043972,0.9981527258877304,minkowski
2020-03-15 17:50:55.387179520,0.0352579466998577,0.048655218292321,0,0.976470588235294,0.9979705325287408,minkowski
2020-03-31 12:24:21.388140032,0.0511850081384182,0.05099338412761,1,0.97648330855521,0.9979869100302784,minkowski
2020-04-19 19:09:54.220436480,0.0565684027969837,0.0536297027116525,1,0.9787688609961276,0.9987764275734796,minkowski
2020-05-06 13:02:34.439251200,0.0581045970320701,0.0564063715507363,1,0.9803602871461464,0.9982450183591168,minkowski
2020-05-20 22:14:33.564038144,0.0652378275990486,0.060748960634504,1,0.9797966101694916,0.9979939286721116,minkowski
2020-06-02 19:01:00.673675008,0.0473327822983264,0.0611470175670267,0,0.980089394555059,0.9982406728621536,minkowski
2020-06-14 12:55:11.777557504,0.0556585229933261,0.0628540286065573,0,0.980803028254698,0.998587369584675,minkowski
2020-06-25 18:31:03.157110528,0.054924439638853,0.0638657823487734,0,0.9820585457979226,0.9985096238742716,minkowski
2020-07-06 01:42:44.718910208,0.051590010523796,0.0651522451512753,0,0.9817838348401026,0.9987254640535896,minkowski
2020-07-14 20:10:16.472787968,0.0544130951166152,0.0667628223031403,0,0.9784582034954612,0.9984417456364816,minkowski
2020-07-23 10:45:36.111246080,0.0385434553027153,0.0668151392742091,0,0.9826356171759322,0.9985062115287798,minkowski
2020-08-01 00:21:53.413779712,0.0417637825012207,0.0669043875447455,0,0.980169971671388,0.998430781905718,minkowski
2020-08-09 22:33:36.310064640,0.0450920611619949,0.06728240063847,0,0.985581458024525,0.9986509526896749,minkowski
2020-08-19 11:40:47.998887680,0.0482612885534763,0.0678684515902451,0,0.9791525653174497,0.9983216062683318,minkowski
2020-08-29 07:17:24.744298240,0.0465749539434909,0.0682580957219712,0,0.9801333514763914,0.9986544613580158,minkowski
2020-09-08 13:07:14.854673152,0.0401032082736492,0.0682367409907718,0,0.983358138276282,0.9986346322368932,minkowski
2020-09-18 15:46:03.256505856,0.0453275218605995,0.0683150626542771,0,0.982255679526818,0.9981268025393812,minkowski
2020-09-28 20:35:51.413286912,0.048887763172388,0.068572555051476,0,0.9847028563692974,0.9985904821521646,minkowski
2020-10-08 21:31:41.572937984,0.050901748239994,0.0687858180722694,0,0.9835068270920644,0.9983260266776848,minkowski
2020-10-18 16:03:22.807606528,0.0402196645736694,0.0687038974537572,0,0.9822832023444784,0.9985796984753094,minkowski
2020-10-26 21:41:59.190437632,0.0533533804118633,0.0690661544437409,0,0.9807407407407408,0.9984083038512688,minkowski
2020-11-04 17:58:27.908431360,0.0495713092386722,0.0691537582119738,0,0.982989064398542,0.9984378479677632,minkowski
2020-11-13 22:28:31.770108160,0.0440693981945514,0.0687341368850837,0,0.9806521445000675,0.9983999238269854,minkowski
2020-11-23 10:16:15.536645632,0.0461179986596107,0.0682121234121145,0,0.9801001759848382,0.9983419121326316,minkowski
2020-12-03 15:59:54.972755200,0.0481617525219917,0.0678435529886357,0,0.9831149533972714,0.998675437306011,minkowski
2020-12-12 11:15:47.909172736,0.0514697432518005,0.0677413554964051,0,0.9847069968872648,0.9990173950610582,minkowski
2020-12-20 03:07:40.230582528,0.0466137565672397,0.0676491584903953,0,0.9819349658771578,0.9985848715980462,minkowski
2020-12-27 19:23:19.554768128,0.0346575640141963,0.0669911472672872,0,0.987362413371382,0.9992794062063745,minkowski
2021-01-03 06:23:17.718913792,0.0393011085689067,0.0663117884460381,0,0.9834521727431724,0.99872027790213,minkowski
2021-01-10 11:48:21.955332096,0.0399547703564167,0.0650988719180534,0,0.986776413439482,0.99910815438574,minkowski
2021-01-18 01:57:13.053986560,0.0460960306227207,0.0645103097179239,0,0.9848263010781312,0.998797277724573,minkowski
2021-01-25 23:09:30.944615936,0.0385969504714012,0.0645453173572506,0,0.9817592217267936,0.998323050846558,minkowski
2021-02-03 12:33:21.853117696,0.0494876764714717,0.0638183490989195,0,0.9845865165527408,0.9986461544188432,minkowski
2021-02-12 09:54:04.417721344,0.0490271188318729,0.0627673297513129,0,0.9825779229617532,0.998757891999708,minkowski
2021-02-20 16:35:42.963620352,0.0513175763189792,0.0600232210470896,0,0.982966067324591,0.9985863802728536,minkowski
2021-02-28 05:00:00.566801408,0.0504208020865917,0.0602331936872454,0,0.9820585457979226,0.99865716930198,minkowski
2021-03-07 21:11:20.962432768,0.0537667833268642,0.0599336042971565,0,0.983461073013312,0.999011677835454,minkowski
2021-03-15 20:44:33.816502528,0.0571123734116554,0.0603232977287274,0,0.9851210604625996,0.9990411326854578,minkowski
2021-03-23 10:38:54.493573120,0.0663052499294281,0.063290006840929,1,0.9797761898341648,0.998720500733767,minkowski
2021-03-31 06:58:45.219431936,0.0679269731044769,0.0659889901607749,1,0.9842466675642924,0.9990547629519408,minkowski
2021-04-08 13:38:17.877173504,0.0736879482865333,0.0700783585596342,1,0.9812881355932204,0.9983652303142312,minkowski
2021-04-16 05:42:19.725994240,0.0727171003818512,0.0733887718805584,0,0.9821597513177456,0.9988658938950524,minkowski
2021-04-23 19:16:04.996834304,0.0744834691286087,0.0767117003513976,0,0.9844489519945908,0.9991844221743872,minkowski
2021-05-01 18:30:03.026884352,0.0839627906680107,0.081826698103973,1,0.9856817877693028,0.9992198973780494,minkowski
2021-05-10 01:02:27.782891008,0.0843083634972572,0.086288328855217,0,0.9814291481631006,0.9987078284062388,minkowski
2021-05-19 04:00:54.178891776,0.0819341242313385,0.0894952900742144,0,0.9838512688288776,0.9988911648996066,minkowski
2021-05-28 06:59:56.814934272,0.0852644443511962,0.093131837941904,0,0.9836375929682216,0.9986718477503638,minkowski
2021-06-06 08:10:03.114930688,0.0909138768911361,0.0975261820585925,0,0.9856698661619576,0.9988180313288908,minkowski
2021-06-15 02:51:55.451059200,0.0843570604920387,0.100288751558337,0,0.9836198727494246,0.9989317270543058,minkowski
2021-06-24 11:51:15.571951104,0.0850593522191047,0.1025337568828985,0,0.9836905243294244,0.998774483764801,minkowski
2021-07-03 00:41:20.139074560,0.091782122850418,0.1060033589981366,0,0.9860904794058069,0.9990300582352372,minkowski
2021-07-11 03:42:50.439658240,0.0941827297210693,0.1094929969349396,0,0.9858280469699016,0.9991130667709556,minkowski
2021-07-19 19:34:35.039692288,0.0930865108966827,0.1122055757342678,0,0.9818845477896444,0.9987777719953944,minkowski
2021-07-29 01:51:02.608172544,0.1018300056457519,0.1161170312087925,0,0.9821549276733812,0.9990594832895136,minkowski
2021-08-07 10:51:27.352369408,0.0990192666649818,0.119171541935356,0,0.9834216605517054,0.9991277648510354,minkowski
2021-08-17 12:38:25.298760960,0.1032421439886093,0.1226648935768127,0,0.9831955549532456,0.9989466507167266,minkowski
2021-08-28 02:15:10.444094976,0.1013870984315872,0.125219418171125,0,0.9830531271015468,0.9989072023665696,minkowski
2021-09-08 08:23:55.827413248,0.0962765216827392,0.1255571502763244,0,0.9854073773814348,0.9992764860304276,minkowski
2021-09-20 02:09:24.517992448,0.1165434345602989,0.1290748868599004,0,0.9833674164962508,0.998948198652258,minkowski
2021-10-02 09:07:14.140529664,0.1095535531640052,0.1306942981501825,0,0.9829094334544476,0.999314443202496,minkowski
2021-10-14 09:53:58.433844224,0.1100468784570694,0.1324550280117531,0,0.9858829917198316,0.9993252146922252,minkowski
2021-10-26 06:50:48.638631424,0.1215654909610748,0.134587518174248,0,0.9847654683950288,0.999173959024674,minkowski
2021-11-07 02:07:38.964423168,0.1106494441628456,0.1355446611908106,0,0.9858509634820104,0.9991854951229406,minkowski
2021-11-20 03:43:54.708039424,0.2037151306867599,0.1611909206043999,1,0.7079028579095666,0.6543381694877807,minkowski
2021-12-04 16:27:34.629209856,0.2062161117792129,0.1810957671111491,1,0.692888948859803,0.6129756944534697,minkowski
2021-12-16 15:25:29.038531328,0.2040215134620666,0.1964521249952066,1,0.7032074705643524,0.6299999447588833,minkowski
2021-12-28 07:33:53.691827456,0.2015854269266128,0.2089333790475791,0,0.7241004752206381,0.6089595442639874,minkowski
2022-01-07 23:29:55.343080448,0.2047672867774963,0.2204205275560282,0,0.7182964871829649,0.6022975152928747,minkowski
2022-01-19 00:01:43.121507840,0.206201821565628,0.2310919729639851,0,0.7134336451131896,0.614395176029269,minkowski
2022-02-01 02:08:39.386309376,0.2148765325546264,0.2420748912867708,0,0.6860140788949396,0.6020920195011361,minkowski
2022-02-15 21:24:12.288849152,0.2162976264953613,0.2521678470051061,0,0.6871864406779661,0.5928130371760321,minkowski
2022-03-03 18:56:24.278607872,0.2125050723552703,0.260281117614485,0,0.6862612916273426,0.6044672765502397,minkowski
2022-03-20 01:26:42.440673792,0.2163480520248413,0.2680066855532431,0,0.7012599918710202,0.6070035843832118,minkowski
2022-04-05 13:17:19.308122880,0.217890590429306,0.2754265580296237,0,0.700282752120641,0.5969200415761987,minkowski
2022-04-22 15:56:24.990583552,0.2202896177768707,0.2822599104974431,0,0.6924438393464942,0.5952509771742679,minkowski
2022-05-10 01:49:57.067557120,0.2216031402349472,0.2881795771697097,0,0.6865852020948032,0.5867689699991769,minkowski
2022-05-26 23:41:19.694324992,0.2210587859153747,0.2932827047855402,0,0.692601171821774,0.5862204836690921,minkowski
2022-06-13 19:31:30.953625856,0.2213235646486282,0.2978964207227946,0,0.7063870352716873,0.5999926459072181,minkowski
2022-07-01 05:13:34.188655360,0.2204789519309997,0.3010674432216714,0,0.7135282121006118,0.6122314093367258,minkowski
2022-07-19 07:43:38.707995136,0.2279208749532699,0.3042564603906374,0,0.7150632739148184,0.5904891588394284,minkowski
2022-08-03 21:19:20.825760512,0.2225475162267685,0.3063823743499785,0,0.7179001488296577,0.5890484316325203,minkowski
2022-08-20 21:57:39.515699200,0.2251797020435333,0.3080967657852653,0,0.7087875117749967,0.5876377806366361,minkowski
2022-09-08 12:21:15.658391552,0.226290613412857,0.3088459123207618,0,0.7056106507268034,0.5979556096174928,minkowski
2022-09-29 05:47:21.496285952,0.2232463210821151,0.3091544664743048,0,0.7102526002971769,0.5868182809386289,minkowski
2022-10-17 10:02:33.443390208,0.2357611209154129,0.3094930447109554,0,0.7228915662650602,0.5734394626800947,minkowski
2022-11-03 19:29:27.377822464,0.2311063557863235,0.3086184351964628,0,0.7336480107889414,0.5803756586775455,minkowski
2022-11-22 04:43:40.296791552,0.2284353673458099,0.3059511073233368,0,0.7608194274860941,0.5684594943910825,minkowski
2022-12-12 18:26:22.581661952,0.2226210236549377,0.3003100056328478,0,0.7535525781567195,0.5736545178875823,minkowski
2023-01-01 16:50:34.107695360,0.223352238535881,0.2963203150302586,0,0.7775238607339696,0.5725183312382702,minkowski
2023-01-21 22:36:39.085148160,0.2180724292993545,0.2889034249317104,0,0.763359806165029,0.5718948551000891,minkowski
2023-02-19 18:52:46.886860032,0.2155679166316986,0.2785299007628339,0,0.7478603450618122,0.5715764019509713,minkowski
2023-03-20 16:48:23.729529344,0.2165547013282776,0.2671890512074092,0,0.7495614626905951,0.5793050523471636,minkowski
2023-05-24 23:45:22.533269760,0.2068599164485931,0.2394349867843745,0,0.7254461335095836,0.5739864479921157,minkowski
2015-01-11 08:09:48.506820096,0.0,0.0173469729366577,0,0.9820807702594276,0.9973916716569126,js_histogram
2015-02-05 05:45:21.200667648,0.0028359778443629,0.0173469729366577,0,0.9755674232309748,0.9963946645121632,js_histogram
2015-02-28 16:39:17.016885504,0.0087903398308496,0.0173469729366577,0,0.9777539533637096,0.9957381803589668,js_histogram
2015-03-24 08:51:32.283909632,0.0125445540151261,0.0173469729366577,0,0.9722074468085108,0.99592193589534,js_histogram
2015-04-19 23:55:22.089075712,0.0126740024012514,0.0173469729366577,0,0.9747596153846154,0.995621762789683,js_histogram
2015-05-16 05:23:02.882852864,0.0311358806271213,0.0173469729366577,0,0.9747910488002156,0.9951544258628652,js_histogram
2015-06-11 17:01:20.739780864,0.0201238503257374,0.0173469729366577,0,0.9754207854662036,0.9959718922349832,js_histogram
2015-07-07 02:48:50.688933888,0.0137556300779206,0.0173469729366577,0,0.9734143049932524,0.9954411281334216,js_histogram
2015-07-30 15:34:58.859391744,0.0113142585967156,0.0173469729366577,0,0.9753201707577376,0.995919278433188,js_histogram
2015-08-21 15:05:12.752964864,0.0142023496172199,0.0173469729366577,0,0.9747978436657682,0.9951549073703082,js_histogram
2015-09-12 21:37:22.907615744,0.0129863026001754,0.0173469729366577,0,0.9737194958433896,0.9967122383874012,js_histogram
2015-10-05 21:53:33.587716864,0.0159347724556317,0.0173469729366577,0,0.9758022093634928,0.9972455237358976,js_histogram
2015-10-26 04:25:22.448119552,0.0139600302916884,0.0173469729366577,0,0.9733262203254202,0.9956075193809828,js_histogram
2015-11-13 17:02:05.369004800,0.012177004939682,0.0173469729366577,0,0.9748830995323982,0.996506195164423,js_histogram
2015-12-02 07:12:01.405064960,0.0125434453723232,0.0173469729366577,0,0.9764169904863996,0.9966623651246994,js_histogram
2015-12-22 18:55:59.606276864,0.011887371741989,0.0173469729366577,0,0.9703663793103448,0.9960126635069232,js_histogram
2016-01-10 08:06:09.746892288,0.0107111245601206,0.0173469729366577,0,0.9744776514149696,0.9959212977336231,js_histogram
2016-01-21 04:39:16.918586112,0.0101225107607856,0.0173469729366577,0,0.9752276379217996,0.99565376818614,js_histogram
2016-02-02 02:58:14.565866496,0.0084313450769213,0.0173469729366577,0,0.9752,0.9957445729855394,js_histogram
2016-02-14 18:06:33.121078016,0.0083322765574462,0.0173469729366577,0,0.976401179941003,0.995136070591376,js_histogram
2016-02-26 21:17:57.877155840,0.0075984235221366,0.0173469729366577,0,0.9751923587158398,0.9963266425151,js_histogram
2016-03-09 07:50:47.186913280,0.0070754979050548,0.0173469729366577,0,0.9746580852775544,0.9954687573729653,js_histogram
2016-03-21 19:27:45.574640896,0.0096574653229712,0.0173469729366577,0,0.9757849920170304,0.9966273167605524,js_histogram
2016-04-04 14:40:47.423562496,0.008494335105411,0.0173469729366577,0,0.973267060720043,0.9954549086588884,js_histogram
2016-04-19 00:35:56.588087808,0.0080292807373382,0.0173469729366577,0,0.9734548335974644,0.9953450653822644,js_histogram
2016-04-29 09:06:52.916020480,0.0076325793675861,0.0173469729366577,0,0.9729874297940626,0.9952464292989204,js_histogram
2016-05-10 06:38:48.651970048,0.0095615657516409,0.0173469729366577,0,0.9717233985526668,0.9952706076965744,js_histogram
2016-05-21 10:47:31.657382656,0.0104931634084571,0.0173469729366577,0,0.9773454157782516,0.9959949892631766,js_histogram
2016-06-01 08:05:10.293080576,0.0096437991867097,0.0173469729366577,0,0.9722148009617954,0.9954980218562054,js_histogram
2016-06-11 14:38:48.016489472,0.0094183444474361,0.0173469729366577,0,0.9751329787234042,0.9958026190877796,js_histogram
2016-06-22 00:57:55.235603712,0.0098632236590112,0.0173469729366577,0,0.9765974230870366,0.9960748749469592,js_histogram
2016-07-02 07:25:22.794145280,0.0087203238999955,0.0173469729366577,0,0.972730918326427,0.9956982330518912,js_histogram
2016-07-13 09:27:46.314788096,0.0093244499074456,0.0173469729366577,0,0.971322849213691,0.9948799666264048,js_histogram
2016-07-22 03:46:52.547762176,0.0089726967532785,0.0173469729366577,0,0.970741482965932,0.9943637526262904,js_histogram
2016-07-31 10:31:14.596140800,0.0085647677066148,0.0173469729366577,0,0.9704590818363272,0.995318887980376,js_histogram
2016-08-09 22:13:06.052518912,0.008363084198045,0.0173469729366577,0,0.9748763864760124,0.9958252967429676,js_histogram
2016-08-19 15:46:13.900492800,0.0083814150403606,0.0173469729366577,0,0.9682962568269616,0.995206116487054,js_histogram
2016-08-29 05:53:12.757607936,0.0079304195510855,0.0173469729366577,0,0.9685049833887044,0.9953991244094098,js_histogram
2016-09-08 09:39:44.793902336,0.0087421034605834,0.0173469729366577,0,0.974703767807216,0.9964862001306454,js_histogram
2016-09-18 06:03:33.502058752,0.0083057059890696,0.0173469729366577,0,0.9721078496480277,0.9957278517704528,js_histogram
2016-09-27 18:24:40.967160576,0.0077637737144804,0.0173469729366577,0,0.9707649179014818,0.9951950672651252,js_histogram
2016-10-07 13:41:23.872992768,0.0080242481559246,0.0173469729366577,0,0.9700066357000664,0.9951628968859444,js_histogram
2016-10-17 11:55:33.511858432,0.0075737733155599,0.0173469729366577,0,0.9749430523917996,0.9965663720648624,js_histogram
2016-10-27 01:29:41.976607488,0.0072519304823765,0.0173469729366577,0,0.9677850554738672,0.9948193011232784,js_histogram
2016-11-05 01:35:03.399676928,0.0072522279380687,0.0173469729366577,0,0.9741622930964876,0.9961169449653317,js_histogram
2016-11-14 19:01:10.739316736,0.0069380315222248,0.0173469729366577,0,0.9724045545880776,0.9951873849013252,js_histogram
2016-11-25 12:35:37.448248320,0.0069682828917304,0.0173469729366577,0,0.968562674836819,0.9943729423206012,js_histogram
2016-12-03 15:52:34.117192704,0.007617579813908,0.0173469729366577,0,0.9703023039019842,0.996177784409808,js_histogram
2016-12-10 08:59:30.693692160,0.0075370502789376,0.0173469729366577,0,0.975596746232831,0.9957150348138878,js_histogram
2016-12-17 08:49:39.525993984,0.0072075290732644,0.0173469729366577,0,0.9724770642201837,0.9958783696859832,js_histogram
2016-12-24 06:30:44.857579520,0.0075033070416993,0.0173469729366577,0,0.9751561046897834,0.9964480545386588,js_histogram
2016-12-30 03:47:24.421860352,0.007882445803932,0.0173469729366577,0,0.9743284372105332,0.9962206664039944,js_histogram
2017-01-04 22:16:38.277375232,0.007421644822323,0.0173469729366577,0,0.975886151008038,0.996317702279957,js_histogram
2017-01-10 20:56:48.223647488,0.0068765844190528,0.0173469729366577,0,0.9739478957915833,0.9955256790360728,js_histogram
2017-01-17 04:59:38.757997568,0.0063219118108802,0.0173469729366577,0,0.9745683308794004,0.9961872896245488,js_histogram
2017-01-24 02:28:52.148750848,0.0065149315017595,0.0173469729366577,0,0.9761999206664024,0.9960563049754436,js_histogram
2017-01-31 17:37:25.901447424,0.0071486772847734,0.0173469729366577,0,0.9717093903572852,0.9956585327842812,js_histogram
2017-02-08 10:39:14.659304192,0.0073121650598871,0.0173469729366577,0,0.9747387911651898,0.996188022503812,js_histogram
2017-02-16 13:19:43.407748864,0.0064049370746486,0.0173469729366577,0,0.9743486973947896,0.9962613055846748,js_histogram
2017-02-25 01:31:15.515959808,0.0071363309452259,0.0173469729366577,0,0.968474977013004,0.9943666800059094,js_histogram
2017-03-04 23:00:53.579133440,0.0066345108296025,0.0173469729366577,0,0.9748658201335252,0.9957494156392072,js_histogram
2017-03-12 14:57:13.493110272,0.0062950806054471,0.0173469729366577,0,0.9720401337792642,0.9944768508040088,js_histogram
2017-03-19 07:30:07.155601920,0.0064773930265539,0.0173469729366577,0,0.9744358940915612,0.99639635234845,js_histogram
2017-03-26 15:48:53.983547904,0.0065857951138214,0.0173469729366577,0,0.9734642430675337,0.9961268857027954,js_histogram
2017-04-03 09:24:18.020380928,0.0058455716107712,0.0173469729366577,0,0.970960436925536,0.995292120370584,js_histogram
2017-04-11 11:19:21.909979904,0.0062662299566095,0.0173469729366577,0,0.9703951774949764,0.995716189898255,js_histogram
2017-04-19 13:38:16.158673664,0.00651375456909,0.0173469729366577,0,0.9681595983617388,0.9956322506718136,js_histogram
2017-04-27 04:32:28.451162880,0.0059522697661638,0.0173469729366577,0,0.9730232558139534,0.9964345856056284,js_histogram
2017-05-05 05:58:39.392567040,0.0054692673465198,0.0173469729366577,0,0.9718928999600372,0.9957892869085724,js_histogram
2017-05-14 04:22:32.892679424,0.0071001562627378,0.0173469729366577,0,0.9721961047683008,0.9960161450779934,js_histogram
2017-05-21 19:24:48.956270336,0.0074517847214618,0.0173469729366577,0,0.970059093893631,0.9952534884661072,js_histogram
2017-05-29 21:29:31.905385472,0.0063309621536687,0.0173469729366577,0,0.970867299211546,0.9957772404447194,js_histogram
2017-06-06 21:26:11.897116160,0.0079628916237659,0.0173469729366577,0,0.9696969696969696,0.9947705264957052,js_histogram
2017-06-14 20:46:07.987727104,0.0078370356098016,0.0173469729366577,0,0.9715977924350518,0.9959514671553268,js_histogram
2017-06-22 20:00:49.528886016,0.0081205168159893,0.0173469729366577,0,0.9706871050154632,0.9954542495519124,js_histogram
2017-07-01 09:36:16.053435904,0.0072933912470832,0.0173469729366577,0,0.9682281059063136,0.9946955789197292,js_histogram
2017-07-12 14:58:14.009790208,0.0076575445611346,0.0173469729366577,0,0.95874079035499,0.9932898510072632,js_histogram
2017-07-19 05:59:53.470542080,0.0084548414263279,0.0173469729366577,0,0.9781700579436734,0.9969926543554688,js_histogram
2017-07-24 10:00:41.826860544,0.0077427778781248,0.0173469729366577,0,0.9705215419501134,0.995800313666868,js_histogram
2017-07-31 22:57:28.080697088,0.0075522085356702,0.0173469729366577,0,0.9682453521509023,0.9948123526042432,js_histogram
2017-08-07 12:03:09.532411648,0.0073673161405566,0.0173469729366577,0,0.969857433808554,0.99564967393878,js_histogram
2017-08-14 17:50:42.746228992,0.0069764511063999,0.0173469729366577,0,0.9726694628602354,0.9961236425747798,js_histogram
2017-08-21 07:36:09.961766656,0.0065181617649607,0.0173469729366577,0,0.973317079777868,0.9954568507284136,js_histogram
2017-08-28 19:57:39.823730432,0.0073954061027452,0.0173469729366577,0,0.9737515143357114,0.9959691165193416,js_histogram
2017-09-05 01:55:46.054718208,0.0074956083589738,0.0173469729366577,0,0.9687626774847872,0.9957836560567216,js_histogram
2017-09-13 14:01:37.723277568,0.0072177106002652,0.0173469729366577,0,0.9726250169399648,0.9964311913372632,js_histogram
2017-09-22 02:41:11.360974336,0.0070994461319594,0.0173469729366577,0,0.9749016415683084,0.996122140708257,js_histogram
2017-09-30 17:22:12.757061120,0.0068701764555721,0.0173469729366577,0,0.9742261011864176,0.995511478159087,js_histogram
2017-10-09 12:10:52.014179840,0.0069990876097845,0.0173469729366577,0,0.9719184555150532,0.9964949181523726,js_histogram
2017-10-18 05:33:31.071549952,0.0069765754201485,0.0173469729366577,0,0.9697627118644068,0.9962838814190412,js_histogram
2017-10-26 10:29:49.184672256,0.006873585339832,0.0173469729366577,0,0.9689147182051628,0.9948879845193208,js_histogram
2017-11-03 13:32:06.526492928,0.0067039596547508,0.0173469729366577,0,0.9691182446160096,0.9957077980938176,js_histogram
2017-11-12 11:16:33.610533376,0.0070873771325949,0.0173469729366577,0,0.9724425325984676,0.9957261735143615,js_histogram
2017-11-22 09:22:30.779576064,0.0067671869686222,0.0173469729366577,0,0.9677157908955828,0.995645429134305,js_histogram
2017-12-02 00:14:20.750861312,0.0075333642590715,0.0173469729366577,0,0.9707673568818516,0.9954670455382516,js_histogram
2017-12-10 18:38:30.163156736,0.0078044534659553,0.0173469729366577,0,0.9676593451017385,0.9966062113766786,js_histogram
2017-12-19 10:11:00.917120000,0.0075994631766161,0.0173469729366577,0,0.9671953368578012,0.9954450084977052,js_histogram
2017-12-29 04:55:25.730855936,0.0073720014408416,0.0173469729366577,0,0.9712776046606152,0.9961194834746752,js_histogram
2018-01-07 05:03:58.074396160,0.0077498207092431,0.0173469729366577,0,0.968060630667208,0.9959592016513176,js_histogram
2018-01-13 01:15:01.810510336,0.0086945956514824,0.0173469729366577,0,0.9721358041390504,0.9961572174932212,js_histogram
2018-01-20 09:23:07.746618368,0.0077403679111161,0.0173469729366577,0,0.9742830214083747,0.9965412695809917,js_histogram
2018-01-28 08:00:23.843254272,0.0080892275057192,0.0173469729366577,0,0.9717659834396634,0.9959328974122644,js_histogram
2018-02-05 16:11:44.747650816,0.0077494700261869,0.0173469729366577,0,0.9694054776219104,0.9955197725967956,js_histogram
2018-02-14 04:34:46.924671744,0.0077293477384373,0.0173469729366577,0,0.9728781540952638,0.9967522829056036,js_histogram
2018-02-22 06:31:20.301297664,0.007140689338011,0.0173469729366577,0,0.9759491960545872,0.9965246801684146,js_histogram
2018-03-02 00:39:40.729383424,0.0072390800123478,0.0173469729366577,0,0.9679443459282498,0.995520898869246,js_histogram
2018-03-09 23:00:57.028640000,0.0076616132177674,0.0173469729366577,0,0.970496684260387,0.9955959799397816,js_histogram
2018-03-18 07:01:04.328294144,0.0072987159218272,0.0173469729366577,0,0.9755080069977125,0.9969361824159156,js_histogram
2018-03-26 00:14:58.361884672,0.0075390121763581,0.0173469729366577,0,0.9726694628602354,0.9966879703312186,js_histogram
2018-04-02 21:40:45.219374592,0.0074229368163339,0.0173469729366577,0,0.9690931272875152,0.9959719702861554,js_histogram
2018-04-10 13:53:58.238752000,0.0074016721530265,0.0173469729366577,0,0.9690498716042708,0.9953859238346554,js_histogram
2018-04-18 05:52:30.149701888,0.0074729034926094,0.0173469729366577,0,0.9755702523957348,0.997130952215545,js_histogram
2018-04-26 08:23:35.867226112,0.0071357130796013,0.0173469729366577,0,0.9734453326107574,0.9968284343893812,js_histogram
2018-05-04 09:15:51.821802496,0.0077473451345558,0.0173469729366577,0,0.9745751189666894,0.9969512466018596,js_histogram
2018-05-12 21:50:43.518119424,0.0070125495393314,0.0173469729366577,0,0.9710693524401784,0.9950647520381928,js_histogram
2018-05-21 12:17:53.595243520,0.0079680837539517,0.0173469729366577,0,0.9689098250336474,0.9958844660502816,js_histogram
2018-05-29 22:37:11.426733056,0.008065309644331,0.0173469729366577,0,0.9747830802603036,0.9967097961411028,js_histogram
2018-06-07 00:32:46.876511488,0.0075705740947163,0.0173469729366577,0,0.9691266079891672,0.9961695922638266,js_histogram
2018-06-14 14:02:17.009661696,0.0073092691972659,0.0173469729366577,0,0.9713517148621386,0.9957839400154544,js_histogram
2018-06-22 06:59:06.886837248,0.0078723630184832,0.0173469729366577,0,0.9738800920286912,0.9964713986687272,js_histogram
2018-06-29 16:42:36.076887296,0.0074352627856105,0.0085386046350086,0,0.9756031075371404,0.9955342530814704,js_histogram
2018-07-07 12:49:43.480511488,0.0076871418514476,0.0084972806115724,0,0.971390194761585,0.9961315788142198,js_histogram
2018-07-15 21:09:54.719060224,0.0075613546516123,0.0084866177727755,0,0.9668613336955044,0.9951747856281422,js_histogram
2018-07-25 08:17:45.434097408,0.00856359008202,0.0085694718318299,0,0.970766536440792,0.995847780823082,js_histogram
2018-08-01 18:41:05.208256000,0.0084581855430818,0.0086684970833244,0,0.9721061851502492,0.9966802754364842,js_histogram
2018-08-08 13:01:39.231343616,0.0084599192526051,0.0087502822266421,0,0.9759739378308674,0.9969737355978576,js_histogram
2018-08-15 14:51:17.696300544,0.0085278549162137,0.0088444865754486,0,0.9732973701955496,0.996484146345738,js_histogram
2018-08-23 01:01:27.213691648,0.0091018975979006,0.0090485750466385,1,0.9749220550359224,0.9964475812699356,js_histogram
2018-08-30 21:06:44.884686336,0.0087023713014001,0.0091459118639724,0,0.9712356515867656,0.996684405061541,js_histogram
2018-09-08 13:18:56.003451648,0.0088252495220451,0.0091694283831031,0,0.9731335223437289,0.9966561127661664,js_histogram
2018-09-17 07:39:59.075442944,0.0083461949605262,0.0092097034608241,0,0.968618963884756,0.9958626966431002,js_histogram
2018-09-26 03:50:15.335848704,0.0088550833636882,0.0093057934112081,0,0.9749494949494948,0.9971163396488072,js_histogram
2018-10-05 07:32:21.802231808,0.0087563202705714,0.0093927190935248,0,0.9723389830508474,0.9969995220535788,js_histogram
2018-10-13 18:44:58.700504832,0.0086779946010743,0.0094624386193025,0,0.9727090301003344,0.9969405078692458,js_histogram
2018-10-21 16:45:27.440193024,0.0087617097911295,0.0095158068848158,0,0.9734477671986054,0.9970424265632728,js_histogram
2018-10-29 08:42:23.578923776,0.0093816319556447,0.00967031930778,0,0.9744629104175112,0.9964196933702334,js_histogram
2018-11-06 04:18:43.090291968,0.009506044494678,0.0098465979417527,0,0.9737379235270104,0.9970263242930292,js_histogram
2018-11-14 20:25:18.838155776,0.0097892783888767,0.0100422633171621,0,0.9744421906693712,0.9967541831948612,js_histogram
2018-11-23 09:54:35.962477312,0.0099867572278763,0.0102636388004592,0,0.9738811046116176,0.997088312527828,js_histogram
2018-12-01 08:47:21.810177536,0.0097133335959213,0.0103994843377212,0,0.9736172492299452,0.9974142202403072,js_histogram
2018-12-09 00:42:57.972538368,0.0098542833500945,0.0105384234103229,0,0.9775326247813804,0.9977793933205324,js_histogram
2018-12-15 23:21:59.329690368,0.0101836977771167,0.0107198612954855,0,0.973595125253893,0.9968975369044883,js_histogram
2018-12-23 11:05:31.167271680,0.0108123756547184,0.0109732041819284,0,0.9774072081764388,0.9976090350557466,js_histogram
2018-12-29 17:00:32.257942272,0.0111338013274651,0.0112992935850489,0,0.975869506605554,0.997331688743848,js_histogram
2019-01-04 13:52:37.531022848,0.0111265083982836,0.0115157073483873,0,0.9787899388171312,0.9972237999905712,js_histogram
2019-01-10 06:41:21.192833792,0.011059068674569,0.0117536745948846,0,0.9780131384904144,0.9972199223071782,js_histogram
2019-01-16 10:38:04.728266752,0.0104075541824996,0.011866051606757,0,0.9745955341623213,0.9968490101667004,js_histogram
2019-01-23 06:52:45.774218752,0.0098308255325192,0.0118698264892149,0,0.9759739378308674,0.9972091158355384,js_histogram
2019-01-30 17:31:41.145020928,0.0097084937166788,0.011820094899341,0,0.9788474576271188,0.997886025575489,js_histogram
2019-02-07 08:25:49.291846912,0.0106012596204612,0.0119011655171977,0,0.9762962962962964,0.9977198022717834,js_histogram
2019-02-16 00:10:19.823346432,0.0098996235003423,0.0118395133958488,0,0.973176978029384,0.9973952665521532,js_histogram
2019-02-24 03:28:32.059029760,0.0099542918157446,0.0117901317729159,0,0.9751898047722344,0.9972085035308752,js_histogram
2019-03-03 23:26:39.587647232,0.0092135492629373,0.0116706193654099,0,0.97664686825054,0.9967304682601446,js_histogram
2019-03-11 23:36:41.152388864,0.0093900451861706,0.0116510260097874,0,0.9731888964116452,0.9968942057790986,js_histogram
2019-03-20 03:09:37.201606144,0.0102599817023253,0.0116676730374615,0,0.9746027434469644,0.9975200321623346,js_histogram
2019-03-28 13:04:36.918506240,0.009760717353624,0.0116381417042374,0,0.9742274996626636,0.9965933070552636,js_histogram
2019-04-06 03:31:12.239665920,0.0101634282775988,0.0116306176293106,0,0.979311283517082,0.9977851458885942,js_histogram
2019-04-14 13:17:12.127801088,0.0096985031912881,0.0116285099088247,0,0.9717223650385604,0.9968437129048984,js_histogram
2019-04-22 20:24:59.649585152,0.0096414357728928,0.011597585969766,0,0.9778647590767984,0.9974835671350402,js_histogram
2019-04-30 21:09:58.900908032,0.0096987974452813,0.0115730268475922,0,0.979694057127386,0.997199819880671,js_histogram
2019-05-08 12:33:29.212087808,0.0100168992404776,0.0114952566861576,0,0.977509822517274,0.9973049492909704,js_histogram
2019-05-15 23:08:27.200681472,0.0096064973977519,0.0114574693155385,0,0.9787694388100068,0.9975537046252196,js_histogram
2019-05-23 08:52:22.653012224,0.0098882200039823,0.0114050908461021,0,0.9774598461330812,0.9981649238426784,js_histogram
2019-05-30 22:52:33.977469440,0.0100499094624624,0.0113336370798355,0,0.9748206308379586,0.9970015375734812,js_histogram
2019-06-07 01:21:35.321539072,0.0100071892274034,0.0112544559910852,0,0.9780234596197924,0.997788728848026,js_histogram
2019-06-13 23:08:36.748116224,0.0102484057475503,0.0112523231628851,0,0.97457857531267,0.9970495620931236,js_histogram
2019-06-19 21:51:20.566598400,0.0088028968138646,0.0113303017870181,0,0.9801028695181376,0.9978177458033574,js_histogram
2019-06-25 13:38:20.489797632,0.0093421101454023,0.0113465052898028,0,0.9761036857027136,0.996620508220997,js_histogram
2019-07-01 04:13:41.139450112,0.0099422733334402,0.011345275844504,0,0.9776008635811632,0.9977094708283308,js_histogram
2019-07-06 15:14:53.627373824,0.0101007725375283,0.0113521784615122,0,0.9786663088689118,0.9972674219848372,js_histogram
2019-07-12 01:09:43.613655808,0.0096956042549847,0.0113527007540133,0,0.9760260056887444,0.9974870453426832,js_histogram
2019-07-17 12:14:25.262008832,0.0098499168149127,0.0113408394759359,0,0.9789103690685412,0.9974053153362448,js_histogram
2019-07-23 01:38:22.589190400,0.0102663137104017,0.0112751160381442,0,0.977675551346232,0.9974583604182452,js_histogram
2019-07-29 00:02:24.235024128,0.0101362636251563,0.0111290916083289,0,0.9756953821226032,0.9970230760243518,js_histogram
2019-08-04 14:57:42.356743168,0.0097260441929519,0.0109508389083567,0,0.9786371011357492,0.9972539251207728,js_histogram
2019-08-11 22:40:47.209317632,0.0097961484894717,0.0107608398082689,0,0.9768723947828424,0.997945779605962,js_histogram
2019-08-19 12:11:12.264657664,0.00967847150291,0.0107025706809614,0,0.9727457627118644,0.9971253660746942,js_histogram
2019-08-26 12:18:00.631070464,0.0108366936357811,0.0108458663240093,0,0.9799481653253308,0.9981271990925036,js_histogram
2019-09-02 23:59:24.102610944,0.0109595679538049,0.0110000562331916,0,0.9741252178576216,0.997159343456792,js_histogram
2019-09-11 14:18:50.241135616,0.0108826046894913,0.0110530738771122,0,0.9762840493291776,0.9974481492833196,js_histogram
2019-09-20 07:11:53.724405760,0.0106747888756774,0.0111286038523025,0,0.980169971671388,0.9977836137503694,js_histogram
2019-09-28 17:43:57.425362688,0.010751514588559,0.011209499606659,0,0.9767975178740052,0.9977183395241316,js_histogram
2019-10-07 05:47:27.246907904,0.0109300294654357,0.0112877803494669,0,0.979382832502358,0.9982533910097956,js_histogram
2019-10-15 03:07:43.260482560,0.0102717529907049,0.0112861215707636,0,0.9765908785147316,0.997192047429757,js_histogram
2019-10-23 04:54:55.352891904,0.0123919021238921,0.0117425239803642,1,0.976855003403676,0.9975726748044748,js_histogram
2019-10-30 22:03:19.516393216,0.0112944582968321,0.011866167238158,0,0.9801711258997692,0.9983134204416424,js_histogram
2019-11-07 00:53:40.218806016,0.0117370599830884,0.0120577306340591,0,0.97671617824167,0.9977226633863264,js_histogram
2019-11-14 13:41:12.079603712,0.0117295907360207,0.0122267179893205,0,0.9788857103936792,0.9976172588855884,js_histogram
2019-11-21 23:22:56.785410048,0.0124920964927045,0.0125322463872701,0,0.9807196198234894,0.9972779609645056,js_histogram
2019-11-30 20:34:38.279047936,0.0120611142139515,0.0127115084049838,0,0.979852249832102,0.9982134065311636,js_histogram
2019-12-08 09:25:22.834821632,0.0124095588194512,0.0129422446947579,0,0.982130861211877,0.9983076824902204,js_histogram
2019-12-12 18:50:53.435386880,0.0129797654412318,0.0132482259914665,0,0.9800404585300068,0.9980180939102798,js_histogram
2019-12-16 13:35:06.442365184,0.0139662317983537,0.0137509936294232,1,0.9787321063394684,0.9977508763557238,js_histogram
2019-12-21 06:00:31.676440064,0.0122646135288907,0.0138744361883011,0,0.9770971676378912,0.9977103371302892,js_histogram
2019-12-26 05:37:55.490231296,0.0141251261714544,0.0143173435587769,0,0.9793149764942914,0.9981033388219184,js_histogram
2019-12-30 07:47:43.296733696,0.0138110484487912,0.0146447956597979,0,0.983533540288838,0.9986466202721646,js_histogram
2020-01-03 16:51:19.239594752,0.0146112718609074,0.0149999821547633,0,0.98168001085629,0.997904064422759,js_histogram
2020-01-08 01:33:12.531953920,0.0141347433094756,0.0152495528191086,0,0.9805062948422903,0.9980880950380392,js_histogram
2020-01-12 15:12:23.531623168,0.0144671500510208,0.0155586883792858,0,0.9818845477896444,0.9983810152898812,js_histogram
2020-01-17 15:46:46.688024064,0.0133454826345368,0.0156728081126938,0,0.9809742274996628,0.997574729830632,js_histogram
2020-01-23 21:51:56.381055744,0.0125777251112926,0.0156676709845917,0,0.9790455590104096,0.997821978792643,js_histogram
2020-01-30 19:11:52.586894080,0.013137281936872,0.0157050558691759,0,0.982368099823681,0.9984064247903502,js_histogram
2020-02-06 07:08:13.361990656,0.0133860741119986,0.0157788207667009,0,0.980466118819884,0.9984713729849916,js_histogram
2020-02-13 01:08:20.600041216,0.0127120934855108,0.0157667780430783,0,0.980594381869996,0.9985777946335452,js_histogram
2020-02-20 04:43:36.799451136,0.013408302817386,0.0157532975981637,0,0.982296064278905,0.997757319264885,js_histogram
2020-02-27 11:09:41.174667776,0.01306696319963,0.015685412245073,0,0.980522115514676,0.9980716062436624,js_histogram
2020-03-06 10:01:34.221097216,0.0137703269392162,0.0156329454857488,0,0.9771951386043972,0.9981527258877304,js_histogram
2020-03-15 17:50:55.387179520,0.0133832053553368,0.015642481206593,0,0.976470588235294,0.9979705325287408,js_histogram
2020-03-31 12:24:21.388140032,0.0116201224133366,0.0156047310279538,0,0.97648330855521,0.9979869100302784,js_histogram
2020-04-19 19:09:54.220436480,0.0125926447250369,0.0155520671910268,0,0.9787688609961276,0.9987764275734796,js_histogram
2020-05-06 13:02:34.439251200,0.011958560813042,0.0154643117619157,0,0.9803602871461464,0.9982450183591168,js_histogram
2020-05-20 22:14:33.564038144,0.0120429545759709,0.0153733328105718,0,0.9797966101694916,0.9979939286721116,js_histogram
2020-06-02 19:01:00.673675008,0.0135533367575733,0.0153415434595372,0,0.980089394555059,0.9982406728621536,js_histogram
2020-06-14 12:55:11.777557504,0.0128058833543266,0.0151230024382989,0,0.980803028254698,0.998587369584675,js_histogram
2020-06-25 18:31:03.157110528,0.0127188484933234,0.015122141035666,0,0.9820585457979226,0.9985096238742716,js_histogram
2020-07-06 01:42:44.718910208,0.0137145843615497,0.0150903158401535,0,0.9817838348401026,0.9987254640535896,js_histogram
2020-07-14 20:10:16.472787968,0.0127769785041827,0.0150417279423157,0,0.9784582034954612,0.9984417456364816,js_histogram
2020-07-23 10:45:36.111246080,0.012932351238017,0.0149858068816035,0,0.9826356171759322,0.9985062115287798,js_histogram
2020-08-01 00:21:53.413779712,0.0133936341971457,0.0149992656274911,0,0.980169971671388,0.998430781905718,js_histogram
2020-08-09 22:33:36.310064640,0.0130992626913286,0.0149679569169464,0,0.985581458024525,0.9986509526896749,js_histogram
2020-08-19 11:40:47.998887680,0.0129893840312862,0.0149556880496597,0,0.9791525653174497,0.9983216062683318,js_histogram
2020-08-29 07:17:24.744298240,0.0132004492358281,0.0149606689276961,0,0.9801333514763914,0.9986544613580158,js_histogram
2020-09-08 13:07:14.854673152,0.0134780945627592,0.0149129103442156,0,0.983358138276282,0.9986346322368932,js_histogram
2020-09-18 15:46:03.256505856,0.0126496428657524,0.0148923677449541,0,0.982255679526818,0.9981268025393812,js_histogram
2020-09-28 20:35:51.413286912,0.0135256303556643,0.0148239947274678,0,0.9847028563692974,0.9985904821521646,js_histogram
2020-10-08 21:31:41.572937984,0.0129325453984235,0.0147698221832089,0,0.9835068270920644,0.9983260266776848,js_histogram
2020-10-18 16:03:22.807606528,0.013225349978713,0.0145741879279032,0,0.9822832023444784,0.9985796984753094,js_histogram
2020-10-26 21:41:59.190437632,0.0128531329415528,0.014452428994497,0,0.9807407407407408,0.9984083038512688,js_histogram
2020-11-04 17:58:27.908431360,0.014074931910337,0.014365869736185,0,0.982989064398542,0.9984378479677632,js_histogram
2020-11-13 22:28:31.770108160,0.0141330621668183,0.0144750036530613,0,0.9806521445000675,0.9983999238269854,js_histogram
2020-11-23 10:16:15.536645632,0.0131817204519719,0.0144784021069686,0,0.9801001759848382,0.9983419121326316,js_histogram
2020-12-03 15:59:54.972755200,0.0148849200378425,0.0147547737725437,1,0.9831149533972714,0.998675437306011,js_histogram
2020-12-12 11:15:47.909172736,0.016495275480278,0.0154512701702407,1,0.9847069968872648,0.9990173950610582,js_histogram
2020-12-20 03:07:40.230582528,0.0157804670723381,0.0158144246707631,0,0.9819349658771578,0.9985848715980462,js_histogram
2020-12-27 19:23:19.554768128,0.0171213658424734,0.0164644792645508,1,0.987362413371382,0.9992794062063745,js_histogram
2021-01-03 06:23:17.718913792,0.0176538807598092,0.0171496344029276,1,0.9834521727431724,0.99872027790213,js_histogram
2021-01-10 11:48:21.955332096,0.0163785803588607,0.017447664797919,0,0.986776413439482,0.99910815438574,js_histogram
2021-01-18 01:57:13.053986560,0.0154592907130202,0.0175948270638924,0,0.9848263010781312,0.998797277724573,js_histogram
2021-01-25 23:09:30.944615936,0.015049506814485,0.0176151238443207,0,0.9817592217267936,0.998323050846558,js_histogram
2021-02-03 12:33:21.853117696,0.015294800444937,0.0177067278165311,0,0.9845865165527408,0.9986461544188432,js_histogram
2021-02-12 09:54:04.417721344,0.0159174829405488,0.0178150392690635,0,0.9825779229617532,0.998757891999708,js_histogram
2021-02-20 16:35:42.963620352,0.0158546412055156,0.0178934785389761,0,0.982966067324591,0.9985863802728536,js_histogram
2021-02-28 05:00:00.566801408,0.0169976560770967,0.0181959177008396,0,0.9820585457979226,0.99865716930198,js_histogram
2021-03-07 21:11:20.962432768,0.015329749681545,0.018235090479106,0,0.983461073013312,0.999011677835454,js_histogram
2021-03-15 20:44:33.816502528,0.0164977705658651,0.0183835281646118,0,0.9851210604625996,0.9990411326854578,js_histogram
2021-03-23 10:38:54.493573120,0.0175669181138474,0.0187192973043666,0,0.9797761898341648,0.998720500733767,js_histogram
2021-03-31 06:58:45.219431936,0.0161617289534783,0.0187831598759072,0,0.9842466675642924,0.9990547629519408,js_histogram
2021-04-08 13:38:17.877173504,0.0164962148444421,0.0188740780703654,0,0.9812881355932204,0.9983652303142312,js_histogram
2021-04-16 05:42:19.725994240,0.0164319354314303,0.0189656638920907,0,0.9821597513177456,0.9988658938950524,js_histogram
2021-04-23 19:16:04.996834304,0.0160792232222941,0.0189879723154417,0,0.9844489519945908,0.9991844221743872,js_histogram
2021-05-01 18:30:03.026884352,0.0172219609181928,0.0191089165956677,0,0.9856817877693028,0.9992198973780494,js_histogram
2021-05-10 01:02:27.782891008,0.0177645060120045,0.0192960474965697,0,0.9814291481631006,0.9987078284062388,js_histogram
2021-05-19 04:00:54.178891776,0.0176102916695965,0.0194468402990832,0,0.9838512688288776,0.9988911648996066,js_histogram
2021-05-28 06:59:56.814934272,0.0176991890826794,0.0194877094907905,0,0.9836375929682216,0.9986718477503638,js_histogram
2021-06-06 08:10:03.114930688,0.0192588338853756,0.019856766271084,0,0.9856698661619576,0.9988180313288908,js_histogram
2021-06-15 02:51:55.451059200,0.0197264747717316,0.0201904315999063,0,0.9836198727494246,0.9989317270543058,js_histogram
2021-06-24 11:51:15.571951104,0.0186425548722753,0.0202875685691529,0,0.9836905243294244,0.998774483764801,js_histogram
2021-07-03 00:41:20.139074560,0.02071386281104,0.0206843141670775,1,0.9860904794058069,0.9990300582352372,js_histogram
2021-07-11 03:42:50.439658240,0.0212000818854486,0.0212476623857376,0,0.9858280469699016,0.9991130667709556,js_histogram
2021-07-19 19:34:35.039692288,0.0210849278177844,0.021694321540281,0,0.9818845477896444,0.9987777719953944,js_histogram
2021-07-29 01:51:02.608172544,0.0219724750827111,0.0221344203942285,0,0.9821549276733812,0.9990594832895136,js_histogram
2021-08-07 10:51:27.352369408,0.0215740558246709,0.0225772907032368,0,0.9834216605517054,0.9991277648510354,js_histogram
2021-08-17 12:38:25.298760960,0.0233276958471715,0.0234029375940279,0,0.9831955549532456,0.9989466507167266,js_histogram
2021-08-28 02:15:10.444094976,0.0236871031319307,0.0241741617084205,0,0.9830531271015468,0.9989072023665696,js_histogram
2021-09-08 08:23:55.827413248,0.0231671065775456,0.0247715871789146,0,0.9854073773814348,0.9992764860304276,js_histogram
2021-09-20 02:09:24.517992448,0.0255615905991926,0.0258034049664659,0,0.9833674164962508,0.998948198652258,js_histogram
2021-10-02 09:07:14.140529664,0.0248790395549271,0.0265495814148757,0,0.9829094334544476,0.999314443202496,js_histogram
2021-10-14 09:53:58.433844224,0.0233765897719626,0.0269147452783665,0,0.9858829917198316,0.9993252146922252,js_histogram
2021-10-26 06:50:48.638631424,0.0255945610648022,0.0275617195204084,0,0.9847654683950288,0.999173959024674,js_histogram
2021-11-07 02:07:38.964423168,0.0258999242803763,0.028181673070153,0,0.9858509634820104,0.9991854951229406,js_histogram
2021-11-20 03:43:54.708039424,0.2356229988297405,0.1242520918997558,1,0.7079028579095666,0.6543381694877807,js_histogram
2021-12-04 16:27:34.629209856,0.251459870391705,0.1746447605041071,1,0.692888948859803,0.6129756944534697,js_histogram
2021-12-16 15:25:29.038531328,0.2570243774068002,0.2141865279626574,1,0.7032074705643524,0.6299999447588833,js_histogram
2021-12-28 07:33:53.691827456,0.2601640531752706,0.2475190878553256,1,0.7241004752206381,0.6089595442639874,js_histogram
2022-01-07 23:29:55.343080448,0.259010588979886,0.2758107165842713,0,0.7182964871829649,0.6022975152928747,js_histogram
2022-01-19 00:01:43.121507840,0.2645860064290518,0.3017918380956479,0,0.7134336451131896,0.614395176029269,js_histogram
2022-02-01 02:08:39.386309376,0.2731726479624046,0.3264719325014752,0,0.6860140788949396,0.6020920195011361,js_histogram
2022-02-15 21:24:12.288849152,0.2785702189504248,0.349444026048158,0,0.6871864406779661,0.5928130371760321,js_histogram
2022-03-03 18:56:24.278607872,0.2766729614926168,0.3696406780885327,0,0.6862612916273426,0.6044672765502397,js_histogram
2022-03-20 01:26:42.440673792,0.2760935394496076,0.3876305303322488,0,0.7012599918710202,0.6070035843832118,js_histogram
2022-04-05 13:17:19.308122880,0.2804066104106926,0.4044225267553076,0,0.700282752120641,0.5969200415761987,js_histogram
2022-04-22 15:56:24.990583552,0.2916342991338236,0.421089674170395,0,0.6924438393464942,0.5952509771742679,js_histogram
2022-05-10 01:49:57.067557120,0.2911469883864809,0.4358029481998155,0,0.6865852020948032,0.5867689699991769,js_histogram
2022-05-26 23:41:19.694324992,0.2967191718903848,0.4495183786108195,0,0.692601171821774,0.5862204836690921,js_histogram
2022-06-13 19:31:30.953625856,0.3043673264672207,0.4625648577840507,0,0.7063870352716873,0.5999926459072181,js_histogram
2022-07-01 05:13:34.188655360,0.3032045685971528,0.4736687179829113,0,0.7135282121006118,0.6122314093367258,js_histogram
2022-07-19 07:43:38.707995136,0.3117706215626349,0.4840124970387538,0,0.7150632739148184,0.5904891588394284,js_histogram
2022-08-03 21:19:20.825760512,0.3068920373664607,0.492026237160338,0,0.7179001488296577,0.5890484316325203,js_histogram
2022-08-20 21:57:39.515699200,0.3137736419706089,0.4990511887620761,0,0.7087875117749967,0.5876377806366361,js_histogram
2022-09-08 12:21:15.658391552,0.3099028275526571,0.5036858665710789,0,0.7056106507268034,0.5979556096174928,js_histogram
2022-09-29 05:47:21.496285952,0.3118259858687546,0.5066053975094902,0,0.7102526002971769,0.5868182809386289,js_histogram
2022-10-17 10:02:33.443390208,0.326365687551831,0.5088936687721838,0,0.7228915662650602,0.5734394626800947,js_histogram
2022-11-03 19:29:27.377822464,0.3258253779701224,0.5088380965556981,0,0.7336480107889414,0.5803756586775455,js_histogram
2022-11-22 04:43:40.296791552,0.3301725921211006,0.5065621776095812,0,0.7608194274860941,0.5684594943910825,js_histogram
2022-12-12 18:26:22.581661952,0.3258185398304592,0.500618937575122,0,0.7535525781567195,0.5736545178875823,js_histogram
2023-01-01 16:50:34.107695360,0.3322826269293135,0.4919429723327465,0,0.7775238607339696,0.5725183312382702,js_histogram
2023-01-21 22:36:39.085148160,0.3222714980197212,0.477477315760196,0,0.763359806165029,0.5718948551000891,js_histogram
2023-02-19 18:52:46.886860032,0.3178842510208114,0.4556649053720476,0,0.7478603450618122,0.5715764019509713,js_histogram
2023-03-20 16:48:23.729529344,0.318127209274029,0.4234090594081403,0,0.7495614626905951,0.5793050523471636,js_histogram
2023-05-24 23:45:22.533269760,0.3161963189012789,0.3620352913373812,0,0.7254461335095836,0.5739864479921157,js_histogram
2015-01-11 08:09:48.506820096,0.0,0.2626708132083387,0,0.9820807702594276,0.9973916716569126,hellinger_kll
2015-02-05 05:45:21.200667648,0.2712264919944934,0.2626708132083387,0,0.9755674232309748,0.9963946645121632,hellinger_kll
2015-02-28 16:39:17.016885504,0.2657311059488444,0.2626708132083387,0,0.9777539533637096,0.9957381803589668,hellinger_kll
2015-03-24 08:51:32.283909632,0.2549485380364687,0.2626708132083387,0,0.9722074468085108,0.99592193589534,hellinger_kll
2015-04-19 23:55:22.089075712,0.2563560405558654,0.2626708132083387,0,0.9747596153846154,0.995621762789683,hellinger_kll
2015-05-16 05:23:02.882852864,0.248436486525415,0.2626708132083387,0,0.9747910488002156,0.9951544258628652,hellinger_kll
2015-06-11 17:01:20.739780864,0.2476977479332378,0.2626708132083387,0,0.9754207854662036,0.9959718922349832,hellinger_kll
2015-07-07 02:48:50.688933888,0.2720397341233571,0.2626708132083387,0,0.9734143049932524,0.9954411281334216,hellinger_kll
2015-07-30 15:34:58.859391744,0.2535437649971995,0.2626708132083387,0,0.9753201707577376,0.995919278433188,hellinger_kll
2015-08-21 15:05:12.752964864,0.2423086666241476,0.2626708132083387,0,0.9747978436657682,0.9951549073703082,hellinger_kll
2015-09-12 21:37:22.907615744,0.2416646596525068,0.2626708132083387,0,0.9737194958433896,0.9967122383874012,hellinger_kll
2015-10-05 21:53:33.587716864,0.2431594419190607,0.2626708132083387,0,0.9758022093634928,0.9972455237358976,hellinger_kll
2015-10-26 04:25:22.448119552,0.2466320485153263,0.2626708132083387,0,0.9733262203254202,0.9956075193809828,hellinger_kll
2015-11-13 17:02:05.369004800,0.2445277446929407,0.2626708132083387,0,0.9748830995323982,0.996506195164423,hellinger_kll
2015-12-02 07:12:01.405064960,0.2377753380618082,0.2626708132083387,0,0.9764169904863996,0.9966623651246994,hellinger_kll
2015-12-22 18:55:59.606276864,0.2500358669838321,0.2626708132083387,0,0.9703663793103448,0.9960126635069232,hellinger_kll
2016-01-10 08:06:09.746892288,0.2534075483650324,0.2626708132083387,0,0.9744776514149696,0.9959212977336231,hellinger_kll
2016-01-21 04:39:16.918586112,0.2435419292793959,0.2626708132083387,0,0.9752276379217996,0.99565376818614,hellinger_kll
2016-02-02 02:58:14.565866496,0.2355719047255129,0.2626708132083387,0,0.9752,0.9957445729855394,hellinger_kll
2016-02-14 18:06:33.121078016,0.2415936439199248,0.2626708132083387,0,0.976401179941003,0.995136070591376,hellinger_kll
2016-02-26 21:17:57.877155840,0.2347129769937593,0.2626708132083387,0,0.9751923587158398,0.9963266425151,hellinger_kll
2016-03-09 07:50:47.186913280,0.2394786790891555,0.2626708132083387,0,0.9746580852775544,0.9954687573729653,hellinger_kll
2016-03-21 19:27:45.574640896,0.2405649418101537,0.2626708132083387,0,0.9757849920170304,0.9966273167605524,hellinger_kll
2016-04-04 14:40:47.423562496,0.2453302683915221,0.2626708132083387,0,0.973267060720043,0.9954549086588884,hellinger_kll
2016-04-19 00:35:56.588087808,0.2395703872020322,0.2626708132083387,0,0.9734548335974644,0.9953450653822644,hellinger_kll
2016-04-29 09:06:52.916020480,0.2382089111523833,0.2626708132083387,0,0.9729874297940626,0.9952464292989204,hellinger_kll
2016-05-10 06:38:48.651970048,0.2380840176786955,0.2626708132083387,0,0.9717233985526668,0.9952706076965744,hellinger_kll
2016-05-21 10:47:31.657382656,0.2406543939503752,0.2626708132083387,0,0.9773454157782516,0.9959949892631766,hellinger_kll
2016-06-01 08:05:10.293080576,0.2384807223260971,0.2626708132083387,0,0.9722148009617954,0.9954980218562054,hellinger_kll
2016-06-11 14:38:48.016489472,0.2565598900347701,0.2626708132083387,0,0.9751329787234042,0.9958026190877796,hellinger_kll
2016-06-22 00:57:55.235603712,0.2503968167416901,0.2626708132083387,0,0.9765974230870366,0.9960748749469592,hellinger_kll
2016-07-02 07:25:22.794145280,0.2506494224378704,0.2626708132083387,0,0.972730918326427,0.9956982330518912,hellinger_kll
2016-07-13 09:27:46.314788096,0.2490150722138262,0.2626708132083387,0,0.971322849213691,0.9948799666264048,hellinger_kll
2016-07-22 03:46:52.547762176,0.2477898115597518,0.2626708132083387,0,0.970741482965932,0.9943637526262904,hellinger_kll
2016-07-31 10:31:14.596140800,0.2427870579715558,0.2626708132083387,0,0.9704590818363272,0.995318887980376,hellinger_kll
2016-08-09 22:13:06.052518912,0.2370161039912467,0.2626708132083387,0,0.9748763864760124,0.9958252967429676,hellinger_kll
2016-08-19 15:46:13.900492800,0.2341516095729035,0.2626708132083387,0,0.9682962568269616,0.995206116487054,hellinger_kll
2016-08-29 05:53:12.757607936,0.2395702993707385,0.2626708132083387,0,0.9685049833887044,0.9953991244094098,hellinger_kll
2016-09-08 09:39:44.793902336,0.2348221342610339,0.2626708132083387,0,0.974703767807216,0.9964862001306454,hellinger_kll
2016-09-18 06:03:33.502058752,0.2403249747744399,0.2626708132083387,0,0.9721078496480277,0.9957278517704528,hellinger_kll
2016-09-27 18:24:40.967160576,0.2345593308721836,0.2626708132083387,0,0.9707649179014818,0.9951950672651252,hellinger_kll
2016-10-07 13:41:23.872992768,0.2334450734278655,0.2626708132083387,0,0.9700066357000664,0.9951628968859444,hellinger_kll
2016-10-17 11:55:33.511858432,0.232245150977313,0.2626708132083387,0,0.9749430523917996,0.9965663720648624,hellinger_kll
2016-10-27 01:29:41.976607488,0.2332234610294362,0.2626708132083387,0,0.9677850554738672,0.9948193011232784,hellinger_kll
2016-11-05 01:35:03.399676928,0.2319422613629644,0.2626708132083387,0,0.9741622930964876,0.9961169449653317,hellinger_kll
2016-11-14 19:01:10.739316736,0.2324291695521871,0.2626708132083387,0,0.9724045545880776,0.9951873849013252,hellinger_kll
2016-11-25 12:35:37.448248320,0.2402728382438284,0.2626708132083387,0,0.968562674836819,0.9943729423206012,hellinger_kll
2016-12-03 15:52:34.117192704,0.2382320932569111,0.2626708132083387,0,0.9703023039019842,0.996177784409808,hellinger_kll
2016-12-10 08:59:30.693692160,0.2378654811777862,0.2626708132083387,0,0.975596746232831,0.9957150348138878,hellinger_kll
2016-12-17 08:49:39.525993984,0.2322263200873725,0.2626708132083387,0,0.9724770642201837,0.9958783696859832,hellinger_kll
2016-12-24 06:30:44.857579520,0.2328710224959094,0.2626708132083387,0,0.9751561046897834,0.9964480545386588,hellinger_kll
2016-12-30 03:47:24.421860352,0.2352155754487599,0.2626708132083387,0,0.9743284372105332,0.9962206664039944,hellinger_kll
2017-01-04 22:16:38.277375232,0.2286405071208619,0.2626708132083387,0,0.975886151008038,0.996317702279957,hellinger_kll
2017-01-10 20:56:48.223647488,0.230377126566547,0.2626708132083387,0,0.9739478957915833,0.9955256790360728,hellinger_kll
2017-01-17 04:59:38.757997568,0.2321387938565136,0.2626708132083387,0,0.9745683308794004,0.9961872896245488,hellinger_kll
2017-01-24 02:28:52.148750848,0.2329143684174032,0.2626708132083387,0,0.9761999206664024,0.9960563049754436,hellinger_kll
2017-01-31 17:37:25.901447424,0.2460057108988799,0.2626708132083387,0,0.9717093903572852,0.9956585327842812,hellinger_kll
2017-02-08 10:39:14.659304192,0.2433245934331554,0.2626708132083387,0,0.9747387911651898,0.996188022503812,hellinger_kll
2017-02-16 13:19:43.407748864,0.2461553699042424,0.2626708132083387,0,0.9743486973947896,0.9962613055846748,hellinger_kll
2017-02-25 01:31:15.515959808,0.2411563523445104,0.2626708132083387,0,0.968474977013004,0.9943666800059094,hellinger_kll
2017-03-04 23:00:53.579133440,0.2415156341767155,0.2626708132083387,0,0.9748658201335252,0.9957494156392072,hellinger_kll
2017-03-12 14:57:13.493110272,0.2439494537029174,0.2626708132083387,0,0.9720401337792642,0.9944768508040088,hellinger_kll
2017-03-19 07:30:07.155601920,0.2443948847482726,0.2626708132083387,0,0.9744358940915612,0.99639635234845,hellinger_kll
2017-03-26 15:48:53.983547904,0.241963746706168,0.2626708132083387,0,0.9734642430675337,0.9961268857027954,hellinger_kll
2017-04-03 09:24:18.020380928,0.2402908568126521,0.2626708132083387,0,0.970960436925536,0.995292120370584,hellinger_kll
2017-04-11 11:19:21.909979904,0.2363971297184705,0.2626708132083387,0,0.9703951774949764,0.995716189898255,hellinger_kll
2017-04-19 13:38:16.158673664,0.2352020088973054,0.2626708132083387,0,0.9681595983617388,0.9956322506718136,hellinger_kll
2017-04-27 04:32:28.451162880,0.2342422937143419,0.2626708132083387,0,0.9730232558139534,0.9964345856056284,hellinger_kll
2017-05-05 05:58:39.392567040,0.2406871714852974,0.2626708132083387,0,0.9718928999600372,0.9957892869085724,hellinger_kll
2017-05-14 04:22:32.892679424,0.2382207146358936,0.2626708132083387,0,0.9721961047683008,0.9960161450779934,hellinger_kll
2017-05-21 19:24:48.956270336,0.2350113350342925,0.2626708132083387,0,0.970059093893631,0.9952534884661072,hellinger_kll
2017-05-29 21:29:31.905385472,0.2321564083359997,0.2626708132083387,0,0.970867299211546,0.9957772404447194,hellinger_kll
2017-06-06 21:26:11.897116160,0.233658758616379,0.2626708132083387,0,0.9696969696969696,0.9947705264957052,hellinger_kll
2017-06-14 20:46:07.987727104,0.2343859705865442,0.2626708132083387,0,0.9715977924350518,0.9959514671553268,hellinger_kll
2017-06-22 20:00:49.528886016,0.2289044815554591,0.2626708132083387,0,0.9706871050154632,0.9954542495519124,hellinger_kll
2017-07-01 09:36:16.053435904,0.2311856181250573,0.2626708132083387,0,0.9682281059063136,0.9946955789197292,hellinger_kll
2017-07-12 14:58:14.009790208,0.2330879862569236,0.2626708132083387,0,0.95874079035499,0.9932898510072632,hellinger_kll
2017-07-19 05:59:53.470542080,0.2276612223056558,0.2626708132083387,0,0.9781700579436734,0.9969926543554688,hellinger_kll
2017-07-24 10:00:41.826860544,0.2306944922408437,0.2626708132083387,0,0.9705215419501134,0.995800313666868,hellinger_kll
2017-07-31 22:57:28.080697088,0.2266339841558291,0.2626708132083387,0,0.9682453521509023,0.9948123526042432,hellinger_kll
2017-08-07 12:03:09.532411648,0.2273472594635514,0.2626708132083387,0,0.969857433808554,0.99564967393878,hellinger_kll
2017-08-14 17:50:42.746228992,0.2321997282460909,0.2626708132083387,0,0.9726694628602354,0.9961236425747798,hellinger_kll
2017-08-21 07:36:09.961766656,0.2298399021499024,0.2626708132083387,0,0.973317079777868,0.9954568507284136,hellinger_kll
2017-08-28 19:57:39.823730432,0.2244041664108522,0.2626708132083387,0,0.9737515143357114,0.9959691165193416,hellinger_kll
2017-09-05 01:55:46.054718208,0.2259322379732852,0.2626708132083387,0,0.9687626774847872,0.9957836560567216,hellinger_kll
2017-09-13 14:01:37.723277568,0.2301113774700966,0.2626708132083387,0,0.9726250169399648,0.9964311913372632,hellinger_kll
2017-09-22 02:41:11.360974336,0.2268171973868432,0.2626708132083387,0,0.9749016415683084,0.996122140708257,hellinger_kll
2017-09-30 17:22:12.757061120,0.2319569787862613,0.2626708132083387,0,0.9742261011864176,0.995511478159087,hellinger_kll
2017-10-09 12:10:52.014179840,0.229569810050189,0.2626708132083387,0,0.9719184555150532,0.9964949181523726,hellinger_kll
2017-10-18 05:33:31.071549952,0.2285554676224535,0.2626708132083387,0,0.9697627118644068,0.9962838814190412,hellinger_kll
2017-10-26 10:29:49.184672256,0.239141764339953,0.2626708132083387,0,0.9689147182051628,0.9948879845193208,hellinger_kll
2017-11-03 13:32:06.526492928,0.2359116890801905,0.2626708132083387,0,0.9691182446160096,0.9957077980938176,hellinger_kll
2017-11-12 11:16:33.610533376,0.2337526978044117,0.2626708132083387,0,0.9724425325984676,0.9957261735143615,hellinger_kll
2017-11-22 09:22:30.779576064,0.2374874562071381,0.2626708132083387,0,0.9677157908955828,0.995645429134305,hellinger_kll
2017-12-02 00:14:20.750861312,0.2347513328511283,0.2626708132083387,0,0.9707673568818516,0.9954670455382516,hellinger_kll
2017-12-10 18:38:30.163156736,0.2336389111254045,0.2626708132083387,0,0.9676593451017385,0.9966062113766786,hellinger_kll
2017-12-19 10:11:00.917120000,0.2291543916827348,0.2626708132083387,0,0.9671953368578012,0.9954450084977052,hellinger_kll
2017-12-29 04:55:25.730855936,0.2368413298106206,0.2626708132083387,0,0.9712776046606152,0.9961194834746752,hellinger_kll
2018-01-07 05:03:58.074396160,0.2347755059340402,0.2626708132083387,0,0.968060630667208,0.9959592016513176,hellinger_kll
2018-01-13 01:15:01.810510336,0.2359437139971593,0.2626708132083387,0,0.9721358041390504,0.9961572174932212,hellinger_kll
2018-01-20 09:23:07.746618368,0.2381468361624371,0.2626708132083387,0,0.9742830214083747,0.9965412695809917,hellinger_kll
2018-01-28 08:00:23.843254272,0.239873283325139,0.2626708132083387,0,0.9717659834396634,0.9959328974122644,hellinger_kll
2018-02-05 16:11:44.747650816,0.2347467401652184,0.2626708132083387,0,0.9694054776219104,0.9955197725967956,hellinger_kll
2018-02-14 04:34:46.924671744,0.2367147960475071,0.2626708132083387,0,0.9728781540952638,0.9967522829056036,hellinger_kll
2018-02-22 06:31:20.301297664,0.2367151007813989,0.2626708132083387,0,0.9759491960545872,0.9965246801684146,hellinger_kll
2018-03-02 00:39:40.729383424,0.2388594596261115,0.2626708132083387,0,0.9679443459282498,0.995520898869246,hellinger_kll
2018-03-09 23:00:57.028640000,0.2318205749013927,0.2626708132083387,0,0.970496684260387,0.9955959799397816,hellinger_kll
2018-03-18 07:01:04.328294144,0.2369997725928648,0.2626708132083387,0,0.9755080069977125,0.9969361824159156,hellinger_kll
2018-03-26 00:14:58.361884672,0.2362063554357744,0.2626708132083387,0,0.9726694628602354,0.9966879703312186,hellinger_kll
2018-04-02 21:40:45.219374592,0.2351482559334399,0.2626708132083387,0,0.9690931272875152,0.9959719702861554,hellinger_kll
2018-04-10 13:53:58.238752000,0.2377253632611666,0.2626708132083387,0,0.9690498716042708,0.9953859238346554,hellinger_kll
2018-04-18 05:52:30.149701888,0.2338891362439358,0.2626708132083387,0,0.9755702523957348,0.997130952215545,hellinger_kll
2018-04-26 08:23:35.867226112,0.2380703764818962,0.2626708132083387,0,0.9734453326107574,0.9968284343893812,hellinger_kll
2018-05-04 09:15:51.821802496,0.2390933553420039,0.2626708132083387,0,0.9745751189666894,0.9969512466018596,hellinger_kll
2018-05-12 21:50:43.518119424,0.2345318770216531,0.2626708132083387,0,0.9710693524401784,0.9950647520381928,hellinger_kll
2018-05-21 12:17:53.595243520,0.2351978469397838,0.2626708132083387,0,0.9689098250336474,0.9958844660502816,hellinger_kll
2018-05-29 22:37:11.426733056,0.2357918911664998,0.2626708132083387,0,0.9747830802603036,0.9967097961411028,hellinger_kll
2018-06-07 00:32:46.876511488,0.2359171235141521,0.2626708132083387,0,0.9691266079891672,0.9961695922638266,hellinger_kll
2018-06-14 14:02:17.009661696,0.2364586825430953,0.2626708132083387,0,0.9713517148621386,0.9957839400154544,hellinger_kll
2018-06-22 06:59:06.886837248,0.2321969487017355,0.2626708132083387,0,0.9738800920286912,0.9964713986687272,hellinger_kll
2018-06-29 16:42:36.076887296,0.2364324060407223,0.241356638186577,0,0.9756031075371404,0.9955342530814704,hellinger_kll
2018-07-07 12:49:43.480511488,0.2330714861955913,0.2413895798975394,0,0.971390194761585,0.9961315788142198,hellinger_kll
2018-07-15 21:09:54.719060224,0.2380770497167243,0.2415616231874406,0,0.9668613336955044,0.9951747856281422,hellinger_kll
2018-07-25 08:17:45.434097408,0.2349020880287546,0.24143517019136,0,0.970766536440792,0.995847780823082,hellinger_kll
2018-08-01 18:41:05.208256000,0.234141432858876,0.2414429440393611,0,0.9721061851502492,0.9966802754364842,hellinger_kll
2018-08-08 13:01:39.231343616,0.2396846102355066,0.2418297962006814,0,0.9759739378308674,0.9969737355978576,hellinger_kll
2018-08-15 14:51:17.696300544,0.2374092451196315,0.2412409257142802,0,0.9732973701955496,0.996484146345738,hellinger_kll
2018-08-23 01:01:27.213691648,0.2354938539422322,0.2411954203425781,0,0.9749220550359224,0.9964475812699356,hellinger_kll
2018-08-30 21:06:44.884686336,0.236276699578954,0.2412061640296519,0,0.9712356515867656,0.996684405061541,hellinger_kll
2018-09-08 13:18:56.003451648,0.2382759703652578,0.2413689553507069,0,0.9731335223437289,0.9966561127661664,hellinger_kll
2018-09-17 07:39:59.075442944,0.235535553850963,0.2412151686005818,0,0.968618963884756,0.9958626966431002,hellinger_kll
2018-09-26 03:50:15.335848704,0.2349064753708008,0.2407757969471146,0,0.9749494949494948,0.9971163396488072,hellinger_kll
2018-10-05 07:32:21.802231808,0.2363224022934734,0.240793661190494,0,0.9723389830508474,0.9969995220535788,hellinger_kll
2018-10-13 18:44:58.700504832,0.2319781613004247,0.2409656442139534,0,0.9727090301003344,0.9969405078692458,hellinger_kll
2018-10-21 16:45:27.440193024,0.233394336129423,0.2409623775523602,0,0.9734477671986054,0.9970424265632728,hellinger_kll
2018-10-29 08:42:23.578923776,0.236934008095137,0.240729742649244,0,0.9744629104175112,0.9964196933702334,hellinger_kll
2018-11-06 04:18:43.090291968,0.2359966371175617,0.2405284284848451,0,0.9737379235270104,0.9970263242930292,hellinger_kll
2018-11-14 20:25:18.838155776,0.2407532096812243,0.2411240434698564,0,0.9744421906693712,0.9967541831948612,hellinger_kll
2018-11-23 09:54:35.962477312,0.2342961355728394,0.2411152046715277,0,0.9738811046116176,0.997088312527828,hellinger_kll
2018-12-01 08:47:21.810177536,0.2321723106107733,0.2412750094077119,0,0.9736172492299452,0.9974142202403072,hellinger_kll
2018-12-09 00:42:57.972538368,0.237380589283654,0.2412406725534924,0,0.9775326247813804,0.9977793933205324,hellinger_kll
2018-12-15 23:21:59.329690368,0.2376685161771362,0.2413515901852127,0,0.973595125253893,0.9968975369044883,hellinger_kll
2018-12-23 11:05:31.167271680,0.2376296588614896,0.2413043293503854,0,0.9774072081764388,0.9976090350557466,hellinger_kll
2018-12-29 17:00:32.257942272,0.2377048002686768,0.2411221989405174,0,0.975869506605554,0.997331688743848,hellinger_kll
2019-01-04 13:52:37.531022848,0.2364953170655643,0.241156037792174,0,0.9787899388171312,0.9972237999905712,hellinger_kll
2019-01-10 06:41:21.192833792,0.236604432687575,0.2411988612359299,0,0.9780131384904144,0.9972199223071782,hellinger_kll
2019-01-16 10:38:04.728266752,0.2360971113393111,0.2412083345487808,0,0.9745955341623213,0.9968490101667004,hellinger_kll
2019-01-23 06:52:45.774218752,0.2370169637318988,0.2412644219998834,0,0.9759739378308674,0.9972091158355384,hellinger_kll
2019-01-30 17:31:41.145020928,0.2396184101311042,0.241609155759646,0,0.9788474576271188,0.997886025575489,hellinger_kll
2019-02-07 08:25:49.291846912,0.2356547724298607,0.2414147440289501,0,0.9762962962962964,0.9977198022717834,hellinger_kll
2019-02-16 00:10:19.823346432,0.2374339623732781,0.2414744888641339,0,0.973176978029384,0.9973952665521532,hellinger_kll
2019-02-24 03:28:32.059029760,0.2389712275612178,0.2415814531183793,0,0.9751898047722344,0.9972085035308752,hellinger_kll
2019-03-03 23:26:39.587647232,0.2382438327252851,0.2415983615144735,0,0.97664686825054,0.9967304682601446,hellinger_kll
2019-03-11 23:36:41.152388864,0.2357650291653181,0.2415853269775243,0,0.9731888964116452,0.9968942057790986,hellinger_kll
2019-03-20 03:09:37.201606144,0.2376911450920215,0.2416044915334769,0,0.9746027434469644,0.9975200321623346,hellinger_kll
2019-03-28 13:04:36.918506240,0.2366786538016556,0.2412998788924664,0,0.9742274996626636,0.9965933070552636,hellinger_kll
2019-04-06 03:31:12.239665920,0.2383634579641919,0.2413867325401798,0,0.979311283517082,0.9977851458885942,hellinger_kll
2019-04-14 13:17:12.127801088,0.2388701175357076,0.2415786760781205,0,0.9717223650385604,0.9968437129048984,hellinger_kll
2019-04-22 20:24:59.649585152,0.2377926982508379,0.2416497429752976,0,0.9778647590767984,0.9974835671350402,hellinger_kll
2019-04-30 21:09:58.900908032,0.2405477611472642,0.241973068537328,0,0.979694057127386,0.997199819880671,hellinger_kll
2019-05-08 12:33:29.212087808,0.2368155779345087,0.2419813279055569,0,0.977509822517274,0.9973049492909704,hellinger_kll
2019-05-15 23:08:27.200681472,0.2331360249067478,0.2421207835222879,0,0.9787694388100068,0.9975537046252196,hellinger_kll
2019-05-23 08:52:22.653012224,0.2395737385832109,0.2423665518258244,0,0.9774598461330812,0.9981649238426784,hellinger_kll
2019-05-30 22:52:33.977469440,0.2376724732031079,0.2420601534135999,0,0.9748206308379586,0.9970015375734812,hellinger_kll
2019-06-07 01:21:35.321539072,0.2396500161744893,0.2420863806706704,0,0.9780234596197924,0.997788728848026,hellinger_kll
2019-06-13 23:08:36.748116224,0.234953920548829,0.242133895840004,0,0.97457857531267,0.9970495620931236,hellinger_kll
2019-06-19 21:51:20.566598400,0.2382858766856759,0.2421966820887379,0,0.9801028695181376,0.9978177458033574,hellinger_kll
2019-06-25 13:38:20.489797632,0.2361510675272507,0.2417992011807528,0,0.9761036857027136,0.996620508220997,hellinger_kll
2019-07-01 04:13:41.139450112,0.2380502930008561,0.2417429455028777,0,0.9776008635811632,0.9977094708283308,hellinger_kll
2019-07-06 15:14:53.627373824,0.2378135500175323,0.241247616324758,0,0.9786663088689118,0.9972674219848372,hellinger_kll
2019-07-12 01:09:43.613655808,0.240886639736179,0.2416622403253345,0,0.9760260056887444,0.9974870453426832,hellinger_kll
2019-07-17 12:14:25.262008832,0.2348666830539722,0.2417485946683361,0,0.9789103690685412,0.9974053153362448,hellinger_kll
2019-07-23 01:38:22.589190400,0.2400199011617669,0.2419762021644715,0,0.977675551346232,0.9974583604182452,hellinger_kll
2019-07-29 00:02:24.235024128,0.2367866690176732,0.2419594934148273,0,0.9756953821226032,0.9970230760243518,hellinger_kll
2019-08-04 14:57:42.356743168,0.2366632905439601,0.2419573575561061,0,0.9786371011357492,0.9972539251207728,hellinger_kll
2019-08-11 22:40:47.209317632,0.2411251167055868,0.2423645295742925,0,0.9768723947828424,0.997945779605962,hellinger_kll
2019-08-19 12:11:12.264657664,0.2348980646062349,0.2424405089422294,0,0.9727457627118644,0.9971253660746942,hellinger_kll
2019-08-26 12:18:00.631070464,0.2465436314510145,0.2441881125622939,1,0.9799481653253308,0.9981271990925036,hellinger_kll
2019-09-02 23:59:24.102610944,0.2360567429019551,0.2440798088279987,0,0.9741252178576216,0.997159343456792,hellinger_kll
2019-09-11 14:18:50.241135616,0.2420230822610711,0.244474587631477,0,0.9762840493291776,0.9974481492833196,hellinger_kll
2019-09-20 07:11:53.724405760,0.2399606777569359,0.2446061611883236,0,0.980169971671388,0.9977836137503694,hellinger_kll
2019-09-28 17:43:57.425362688,0.2373908656515055,0.244551158061006,0,0.9767975178740052,0.9977183395241316,hellinger_kll
2019-10-07 05:47:27.246907904,0.2418474669063287,0.2448863645853259,0,0.979382832502358,0.9982533910097956,hellinger_kll
2019-10-15 03:07:43.260482560,0.2371685555029651,0.2448542358864249,0,0.9765908785147316,0.997192047429757,hellinger_kll
2019-10-23 04:54:55.352891904,0.2436824436679415,0.2454787058096378,0,0.976855003403676,0.9975726748044748,hellinger_kll
2019-10-30 22:03:19.516393216,0.2404692896968452,0.2456090015910863,0,0.9801711258997692,0.9983134204416424,hellinger_kll
2019-11-07 00:53:40.218806016,0.2403551738135729,0.2457181326791442,0,0.97671617824167,0.9977226633863264,hellinger_kll
2019-11-14 13:41:12.079603712,0.2434951844965151,0.2461978785071741,0,0.9788857103936792,0.9976172588855884,hellinger_kll
2019-11-21 23:22:56.785410048,0.2377732368550912,0.2461978012107075,0,0.9807196198234894,0.9972779609645056,hellinger_kll
2019-11-30 20:34:38.279047936,0.2400437677998634,0.2461598728829203,0,0.979852249832102,0.9982134065311636,hellinger_kll
2019-12-08 09:25:22.834821632,0.2434299231415746,0.246603164779877,0,0.982130861211877,0.9983076824902204,hellinger_kll
2019-12-12 18:50:53.435386880,0.2443993874922191,0.2468392770653523,0,0.9800404585300068,0.9980180939102798,hellinger_kll
2019-12-16 13:35:06.442365184,0.2451786334353906,0.2474654975626281,0,0.9787321063394684,0.9977508763557238,hellinger_kll
2019-12-21 06:00:31.676440064,0.2409127609776973,0.2475435044908333,0,0.9770971676378912,0.9977103371302892,hellinger_kll
2019-12-26 05:37:55.490231296,0.2417556991593256,0.2476678266891395,0,0.9793149764942914,0.9981033388219184,hellinger_kll
2019-12-30 07:47:43.296733696,0.2448339576220399,0.2479875218158916,0,0.983533540288838,0.9986466202721646,hellinger_kll
2020-01-03 16:51:19.239594752,0.2425591033070442,0.2481587525675321,0,0.98168001085629,0.997904064422759,hellinger_kll
2020-01-08 01:33:12.531953920,0.2424120927493525,0.2481907915410108,0,0.9805062948422903,0.9980880950380392,hellinger_kll
2020-01-12 15:12:23.531623168,0.2477430926532295,0.2490892367867892,0,0.9818845477896444,0.9983810152898812,hellinger_kll
2020-01-17 15:46:46.688024064,0.2400525866258246,0.2490581208308406,0,0.9809742274996628,0.997574729830632,hellinger_kll
2020-01-23 21:51:56.381055744,0.2403483201529482,0.2490431529662211,0,0.9790455590104096,0.997821978792643,hellinger_kll
2020-01-30 19:11:52.586894080,0.2404153767413643,0.2487532179491842,0,0.982368099823681,0.9984064247903502,hellinger_kll
2020-02-06 07:08:13.361990656,0.242757513065282,0.2488688630475279,0,0.980466118819884,0.9984713729849916,hellinger_kll
2020-02-13 01:08:20.600041216,0.242550832272131,0.2488206956358023,0,0.980594381869996,0.9985777946335452,hellinger_kll
2020-02-20 04:43:36.799451136,0.2433946984857829,0.2487837490711414,0,0.982296064278905,0.997757319264885,hellinger_kll
2020-02-27 11:09:41.174667776,0.2394665832538796,0.2487851181881941,0,0.980522115514676,0.9980716062436624,hellinger_kll
2020-03-06 10:01:34.221097216,0.2426235979777701,0.2483910803177349,0,0.9771951386043972,0.9981527258877304,hellinger_kll
2020-03-15 17:50:55.387179520,0.2394854715854699,0.2478371771719229,0,0.976470588235294,0.9979705325287408,hellinger_kll
2020-03-31 12:24:21.388140032,0.2435349957414404,0.2476244109444845,0,0.97648330855521,0.9979869100302784,hellinger_kll
2020-04-19 19:09:54.220436480,0.243358717113414,0.247712860903738,0,0.9787688609961276,0.9987764275734796,hellinger_kll
2020-05-06 13:02:34.439251200,0.2442283276429591,0.2478914764621206,0,0.9803602871461464,0.9982450183591168,hellinger_kll
2020-05-20 22:14:33.564038144,0.2429691671628916,0.2477087375690734,0,0.9797966101694916,0.9979939286721116,hellinger_kll
2020-06-02 19:01:00.673675008,0.243711643814004,0.2478151029842717,0,0.980089394555059,0.9982406728621536,hellinger_kll
2020-06-14 12:55:11.777557504,0.2434314727454701,0.247547300928065,0,0.980803028254698,0.998587369584675,hellinger_kll
2020-06-25 18:31:03.157110528,0.2431105815070503,0.2475045111995797,0,0.9820585457979226,0.9985096238742716,hellinger_kll
2020-07-06 01:42:44.718910208,0.249036054185378,0.248518962419711,1,0.9817838348401026,0.9987254640535896,hellinger_kll
2020-07-14 20:10:16.472787968,0.2427875996898254,0.2485030614861273,0,0.9784582034954612,0.9984417456364816,hellinger_kll
2020-07-23 10:45:36.111246080,0.2454799399112882,0.2486916048604023,0,0.9826356171759322,0.9985062115287798,hellinger_kll
2020-08-01 00:21:53.413779712,0.2447648620805719,0.2485046622085953,0,0.980169971671388,0.998430781905718,hellinger_kll
2020-08-09 22:33:36.310064640,0.243781412564353,0.2484595390573676,0,0.985581458024525,0.9986509526896749,hellinger_kll
2020-08-19 11:40:47.998887680,0.2463199797354838,0.2487426951914095,0,0.9791525653174497,0.9983216062683318,hellinger_kll
2020-08-29 07:17:24.744298240,0.2438087863862736,0.2487035610895044,0,0.9801333514763914,0.9986544613580158,hellinger_kll
2020-09-08 13:07:14.854673152,0.2468575388045406,0.2489332368570467,0,0.983358138276282,0.9986346322368932,hellinger_kll
2020-09-18 15:46:03.256505856,0.2440902481784703,0.2489405159218832,0,0.982255679526818,0.9981268025393812,hellinger_kll
2020-09-28 20:35:51.413286912,0.2477014030078685,0.2494089071792596,0,0.9847028563692974,0.9985904821521646,hellinger_kll
2020-10-08 21:31:41.572937984,0.242677230638088,0.2493212238673122,0,0.9835068270920644,0.9983260266776848,hellinger_kll
2020-10-18 16:03:22.807606528,0.239831151514204,0.2494488434895936,0,0.9822832023444784,0.9985796984753094,hellinger_kll
2020-10-26 21:41:59.190437632,0.2470829751772212,0.2498024375530617,0,0.9807407407407408,0.9984083038512688,hellinger_kll
2020-11-04 17:58:27.908431360,0.2494230102495636,0.2501322334164619,0,0.982989064398542,0.9984378479677632,hellinger_kll
2020-11-13 22:28:31.770108160,0.2446835819390216,0.2500836493498162,0,0.9806521445000675,0.9983999238269854,hellinger_kll
2020-11-23 10:16:15.536645632,0.2462315778628583,0.2501620847499392,0,0.9801001759848382,0.9983419121326316,hellinger_kll
2020-12-03 15:59:54.972755200,0.2460151899679513,0.2501831953869523,0,0.9831149533972714,0.998675437306011,hellinger_kll
2020-12-12 11:15:47.909172736,0.2495670650325362,0.2508377071041145,0,0.9847069968872648,0.9990173950610582,hellinger_kll
2020-12-20 03:07:40.230582528,0.2458003596806804,0.2509166433282921,0,0.9819349658771578,0.9985848715980462,hellinger_kll
2020-12-27 19:23:19.554768128,0.2501845876998859,0.2516048921220076,0,0.987362413371382,0.9992794062063745,hellinger_kll
2021-01-03 06:23:17.718913792,0.2484968957479915,0.251653833071745,0,0.9834521727431724,0.99872027790213,hellinger_kll
2021-01-10 11:48:21.955332096,0.2520483730236111,0.2525758976939478,0,0.986776413439482,0.99910815438574,hellinger_kll
2021-01-18 01:57:13.053986560,0.2465854582468407,0.2522960886463504,0,0.9848263010781312,0.998797277724573,hellinger_kll
2021-01-25 23:09:30.944615936,0.2487073635859585,0.2525401187278598,0,0.9817592217267936,0.998323050846558,hellinger_kll
2021-02-03 12:33:21.853117696,0.247053579726646,0.2525931600079217,0,0.9845865165527408,0.9986461544188432,hellinger_kll
2021-02-12 09:54:04.417721344,0.2463192125142753,0.2526209676122379,0,0.9825779229617532,0.998757891999708,hellinger_kll
2021-02-20 16:35:42.963620352,0.2470538898248895,0.2526271726430518,0,0.982966067324591,0.9985863802728536,hellinger_kll
2021-02-28 05:00:00.566801408,0.2487688929796846,0.252806675512142,0,0.9820585457979226,0.99865716930198,hellinger_kll
2021-03-07 21:11:20.962432768,0.247663483489129,0.2528419314251866,0,0.983461073013312,0.999011677835454,hellinger_kll
2021-03-15 20:44:33.816502528,0.2493394596912372,0.2529936310430389,0,0.9851210604625996,0.9990411326854578,hellinger_kll
2021-03-23 10:38:54.493573120,0.2530400006809877,0.2536737897357169,0,0.9797761898341648,0.998720500733767,hellinger_kll
2021-03-31 06:58:45.219431936,0.2487287415241401,0.253676373142057,0,0.9842466675642924,0.9990547629519408,hellinger_kll
2021-04-08 13:38:17.877173504,0.2516801121505719,0.2541719754388581,0,0.9812881355932204,0.9983652303142312,hellinger_kll
2021-04-16 05:42:19.725994240,0.2503429574594138,0.2544101964476802,0,0.9821597513177456,0.9988658938950524,hellinger_kll
2021-04-23 19:16:04.996834304,0.2563828426558923,0.2557173894600881,1,0.9844489519945908,0.9991844221743872,hellinger_kll
2021-05-01 18:30:03.026884352,0.2482831831309938,0.2557581178104057,0,0.9856817877693028,0.9992198973780494,hellinger_kll
2021-05-10 01:02:27.782891008,0.2544920306843656,0.2564321625670564,0,0.9814291481631006,0.9987078284062388,hellinger_kll
2021-05-19 04:00:54.178891776,0.2516875702021512,0.2567166030279255,0,0.9838512688288776,0.9988911648996066,hellinger_kll
2021-05-28 06:59:56.814934272,0.2555275345798125,0.2574557256989722,0,0.9836375929682216,0.9986718477503638,hellinger_kll
2021-06-06 08:10:03.114930688,0.2552051884374265,0.2581615642122523,0,0.9856698661619576,0.9988180313288908,hellinger_kll
2021-06-15 02:51:55.451059200,0.2547798679347841,0.2584445128118714,0,0.9836198727494246,0.9989317270543058,hellinger_kll
2021-06-24 11:51:15.571951104,0.2545023513352869,0.258069284077533,0,0.9836905243294244,0.998774483764801,hellinger_kll
2021-07-03 00:41:20.139074560,0.258264505388651,0.2591572030740913,0,0.9860904794058069,0.9990300582352372,hellinger_kll
2021-07-11 03:42:50.439658240,0.2620497341445806,0.2610220428175956,1,0.9858280469699016,0.9991130667709556,hellinger_kll
2021-07-19 19:34:35.039692288,0.2572411151196074,0.2614667084178431,0,0.9818845477896444,0.9987777719953944,hellinger_kll
2021-07-29 01:51:02.608172544,0.2641282637017342,0.2633509063704066,1,0.9821549276733812,0.9990594832895136,hellinger_kll
2021-08-07 10:51:27.352369408,0.2636953612787078,0.2648199064372002,0,0.9834216605517054,0.9991277648510354,hellinger_kll
2021-08-17 12:38:25.298760960,0.2657788300269719,0.2666753618362052,0,0.9831955549532456,0.9989466507167266,hellinger_kll
2021-08-28 02:15:10.444094976,0.2654601140797624,0.2680520205034138,0,0.9830531271015468,0.9989072023665696,hellinger_kll
2021-09-08 08:23:55.827413248,0.2654910581024627,0.2694385073623099,0,0.9854073773814348,0.9992764860304276,hellinger_kll
2021-09-20 02:09:24.517992448,0.2718514199402644,0.2719508974073571,0,0.9833674164962508,0.998948198652258,hellinger_kll
2021-10-02 09:07:14.140529664,0.2653491562570386,0.2729859657052337,0,0.9829094334544476,0.999314443202496,hellinger_kll
2021-10-14 09:53:58.433844224,0.269274584251623,0.2743607717492162,0,0.9858829917198316,0.9993252146922252,hellinger_kll
2021-10-26 06:50:48.638631424,0.2706234249504316,0.2759065140349723,0,0.9847654683950288,0.999173959024674,hellinger_kll
2021-11-07 02:07:38.964423168,0.271789433588047,0.2773481347367401,0,0.9858509634820104,0.9991854951229406,hellinger_kll
2021-11-20 03:43:54.708039424,0.5584693698571113,0.4041471300651936,1,0.7079028579095666,0.6543381694877807,hellinger_kll
2021-12-04 16:27:34.629209856,0.5768206730336557,0.4727975365717024,1,0.692888948859803,0.6129756944534697,hellinger_kll
2021-12-16 15:25:29.038531328,0.5824514373150468,0.5263085303385385,1,0.7032074705643524,0.6299999447588833,hellinger_kll
2021-12-28 07:33:53.691827456,0.5868269831051451,0.5715349492450867,1,0.7241004752206381,0.6089595442639874,hellinger_kll
2022-01-07 23:29:55.343080448,0.584987557536276,0.6098884767467698,0,0.7182964871829649,0.6022975152928747,hellinger_kll
2022-01-19 00:01:43.121507840,0.5911214549221443,0.6448330211852469,0,0.7134336451131896,0.614395176029269,hellinger_kll
2022-02-01 02:08:39.386309376,0.5993742803383657,0.6773329243001341,0,0.6860140788949396,0.6020920195011361,hellinger_kll
2022-02-15 21:24:12.288849152,0.6065480452289393,0.7076358887314698,0,0.6871864406779661,0.5928130371760321,hellinger_kll
2022-03-03 18:56:24.278607872,0.6075958510277318,0.7348590018435415,0,0.6862612916273426,0.6044672765502397,hellinger_kll
2022-03-20 01:26:42.440673792,0.6062601483372775,0.7591709657096329,0,0.7012599918710202,0.6070035843832118,hellinger_kll
2022-04-05 13:17:19.308122880,0.6124014622272921,0.7816055341470193,0,0.700282752120641,0.5969200415761987,hellinger_kll
2022-04-22 15:56:24.990583552,0.6252401100309896,0.8036672052041902,0,0.6924438393464942,0.5952509771742679,hellinger_kll
2022-05-10 01:49:57.067557120,0.6253604650518082,0.8231055843297379,0,0.6865852020948032,0.5867689699991769,hellinger_kll
2022-05-26 23:41:19.694324992,0.6324363180278498,0.8412818105276331,0,0.692601171821774,0.5862204836690921,hellinger_kll
2022-06-13 19:31:30.953625856,0.6390533860263751,0.8579259803803811,0,0.7063870352716873,0.5999926459072181,hellinger_kll
2022-07-01 05:13:34.188655360,0.6348142975652374,0.8715785149553672,0,0.7135282121006118,0.6122314093367258,hellinger_kll
2022-07-19 07:43:38.707995136,0.6470921856304338,0.8843596702652361,0,0.7150632739148184,0.5904891588394284,hellinger_kll
2022-08-03 21:19:20.825760512,0.6389721549111987,0.8939334514427919,0,0.7179001488296577,0.5890484316325203,hellinger_kll
2022-08-20 21:57:39.515699200,0.6468501627591335,0.9022596492277506,0,0.7087875117749967,0.5876377806366361,hellinger_kll
2022-09-08 12:21:15.658391552,0.6447204545821551,0.907389755651362,0,0.7056106507268034,0.5979556096174928,hellinger_kll
2022-09-29 05:47:21.496285952,0.6477658795948865,0.9107503267425376,0,0.7102526002971769,0.5868182809386289,hellinger_kll
2022-10-17 10:02:33.443390208,0.6632357862423636,0.9128269938609156,0,0.7228915662650602,0.5734394626800947,hellinger_kll
2022-11-03 19:29:27.377822464,0.6609233012401292,0.911630700589066,0,0.7336480107889414,0.5803756586775455,hellinger_kll
2022-11-22 04:43:40.296791552,0.6640228317316915,0.9071020151594672,0,0.7608194274860941,0.5684594943910825,hellinger_kll
2022-12-12 18:26:22.581661952,0.6588776449205838,0.897880036019014,0,0.7535525781567195,0.5736545178875823,hellinger_kll
2023-01-01 16:50:34.107695360,0.6620365842430177,0.8849769478820229,0,0.7775238607339696,0.5725183312382702,hellinger_kll
2023-01-21 22:36:39.085148160,0.6537888211988804,0.8638382646148635,0,0.763359806165029,0.5718948551000891,hellinger_kll
2023-02-19 18:52:46.886860032,0.648620041482197,0.8339865904768364,0,0.7478603450618122,0.5715764019509713,hellinger_kll
2023-03-20 16:48:23.729529344,0.6506412478907003,0.7893955018415177,0,0.7495614626905951,0.5793050523471636,hellinger_kll
2023-05-24 23:45:22.533269760,0.6333228460850947,0.6997314222119662,0,0.7254461335095836,0.5739864479921157,hellinger_kll
2015-01-11 08:09:48.506820096,0.0,0.1104166112910235,0,0.9820807702594276,0.9973916716569126,hellinger_histogram
2015-02-05 05:45:21.200667648,0.0537523402242525,0.1104166112910235,0,0.9755674232309748,0.9963946645121632,hellinger_histogram
2015-02-28 16:39:17.016885504,0.0780751940586203,0.1104166112910235,0,0.9777539533637096,0.9957381803589668,hellinger_histogram
2015-03-24 08:51:32.283909632,0.0972450093019772,0.1104166112910235,0,0.9722074468085108,0.99592193589534,hellinger_histogram
2015-04-19 23:55:22.089075712,0.0989463760981453,0.1104166112910235,0,0.9747596153846154,0.995621762789683,hellinger_histogram
2015-05-16 05:23:02.882852864,0.1373286527349218,0.1104166112910235,0,0.9747910488002156,0.9951544258628652,hellinger_histogram
2015-06-11 17:01:20.739780864,0.1151225635514501,0.1104166112910235,0,0.9754207854662036,0.9959718922349832,hellinger_histogram
2015-07-07 02:48:50.688933888,0.1008731439914583,0.1104166112910235,0,0.9734143049932524,0.9954411281334216,hellinger_histogram
2015-07-30 15:34:58.859391744,0.093636508412708,0.1104166112910235,0,0.9753201707577376,0.995919278433188,hellinger_histogram
2015-08-21 15:05:12.752964864,0.0987262343803584,0.1104166112910235,0,0.9747978436657682,0.9951549073703082,hellinger_histogram
2015-09-12 21:37:22.907615744,0.0979229426690941,0.1104166112910235,0,0.9737194958433896,0.9967122383874012,hellinger_histogram
2015-10-05 21:53:33.587716864,0.1084178171617313,0.1104166112910235,0,0.9758022093634928,0.9972455237358976,hellinger_histogram
2015-10-26 04:25:22.448119552,0.1023272202815468,0.1104166112910235,0,0.9733262203254202,0.9956075193809828,hellinger_histogram
2015-11-13 17:02:05.369004800,0.0952734324675818,0.1104166112910235,0,0.9748830995323982,0.996506195164423,hellinger_histogram
2015-12-02 07:12:01.405064960,0.0974050253846061,0.1104166112910235,0,0.9764169904863996,0.9966623651246994,hellinger_histogram
2015-12-22 18:55:59.606276864,0.0977237382603065,0.1104166112910235,0,0.9703663793103448,0.9960126635069232,hellinger_histogram
2016-01-10 08:06:09.746892288,0.0926308004023116,0.1104166112910235,0,0.9744776514149696,0.9959212977336231,hellinger_histogram
2016-01-21 04:39:16.918586112,0.0890757666567095,0.1104166112910235,0,0.9752276379217996,0.99565376818614,hellinger_histogram
2016-02-02 02:58:14.565866496,0.083735629026911,0.1104166112910235,0,0.9752,0.9957445729855394,hellinger_histogram
2016-02-14 18:06:33.121078016,0.0819394252608011,0.1104166112910235,0,0.976401179941003,0.995136070591376,hellinger_histogram
2016-02-26 21:17:57.877155840,0.0790974176304417,0.1104166112910235,0,0.9751923587158398,0.9963266425151,hellinger_histogram
2016-03-09 07:50:47.186913280,0.0760058105189949,0.1104166112910235,0,0.9746580852775544,0.9954687573729653,hellinger_histogram
2016-03-21 19:27:45.574640896,0.0906359540215717,0.1104166112910235,0,0.9757849920170304,0.9966273167605524,hellinger_histogram
2016-04-04 14:40:47.423562496,0.0858350744461236,0.1104166112910235,0,0.973267060720043,0.9954549086588884,hellinger_histogram
2016-04-19 00:35:56.588087808,0.0837874764464228,0.1104166112910235,0,0.9734548335974644,0.9953450653822644,hellinger_histogram
2016-04-29 09:06:52.916020480,0.0819707332182747,0.1104166112910235,0,0.9729874297940626,0.9952464292989204,hellinger_histogram
2016-05-10 06:38:48.651970048,0.0890824961474,0.1104166112910235,0,0.9717233985526668,0.9952706076965744,hellinger_histogram
2016-05-21 10:47:31.657382656,0.093958704776715,0.1104166112910235,0,0.9773454157782516,0.9959949892631766,hellinger_histogram
2016-06-01 08:05:10.293080576,0.0909029004345867,0.1104166112910235,0,0.9722148009617954,0.9954980218562054,hellinger_histogram
2016-06-11 14:38:48.016489472,0.089594230341199,0.1104166112910235,0,0.9751329787234042,0.9958026190877796,hellinger_histogram
2016-06-22 00:57:55.235603712,0.0928885172649377,0.1104166112910235,0,0.9765974230870366,0.9960748749469592,hellinger_histogram
2016-07-02 07:25:22.794145280,0.0858108019830306,0.1104166112910235,0,0.972730918326427,0.9956982330518912,hellinger_histogram
2016-07-13 09:27:46.314788096,0.089119572976922,0.1104166112910235,0,0.971322849213691,0.9948799666264048,hellinger_histogram
2016-07-22 03:46:52.547762176,0.0883446311165938,0.1104166112910235,0,0.970741482965932,0.9943637526262904,hellinger_histogram
2016-07-31 10:31:14.596140800,0.0866219436031642,0.1104166112910235,0,0.9704590818363272,0.995318887980376,hellinger_histogram
2016-08-09 22:13:06.052518912,0.0858816916431083,0.1104166112910235,0,0.9748763864760124,0.9958252967429676,hellinger_histogram
2016-08-19 15:46:13.900492800,0.0854059786627692,0.1104166112910235,0,0.9682962568269616,0.995206116487054,hellinger_histogram
2016-08-29 05:53:12.757607936,0.0840469467310683,0.1104166112910235,0,0.9685049833887044,0.9953991244094098,hellinger_histogram
2016-09-08 09:39:44.793902336,0.0875392890814737,0.1104166112910235,0,0.974703767807216,0.9964862001306454,hellinger_histogram
2016-09-18 06:03:33.502058752,0.0853803336507454,0.1104166112910235,0,0.9721078496480277,0.9957278517704528,hellinger_histogram
2016-09-27 18:24:40.967160576,0.0823991586056046,0.1104166112910235,0,0.9707649179014818,0.9951950672651252,hellinger_histogram
2016-10-07 13:41:23.872992768,0.0849362588900462,0.1104166112910235,0,0.9700066357000664,0.9951628968859444,hellinger_histogram
2016-10-17 11:55:33.511858432,0.0824093360999796,0.1104166112910235,0,0.9749430523917996,0.9965663720648624,hellinger_histogram
2016-10-27 01:29:41.976607488,0.0811081227090546,0.1104166112910235,0,0.9677850554738672,0.9948193011232784,hellinger_histogram
2016-11-05 01:35:03.399676928,0.0809377921885625,0.1104166112910235,0,0.9741622930964876,0.9961169449653317,hellinger_histogram
2016-11-14 19:01:10.739316736,0.0796686703951992,0.1104166112910235,0,0.9724045545880776,0.9951873849013252,hellinger_histogram
2016-11-25 12:35:37.448248320,0.0803729612550996,0.1104166112910235,0,0.968562674836819,0.9943729423206012,hellinger_histogram
2016-12-03 15:52:34.117192704,0.0835693070030052,0.1104166112910235,0,0.9703023039019842,0.996177784409808,hellinger_histogram
2016-12-10 08:59:30.693692160,0.0832518763694225,0.1104166112910235,0,0.975596746232831,0.9957150348138878,hellinger_histogram
2016-12-17 08:49:39.525993984,0.0817163273861801,0.1104166112910235,0,0.9724770642201837,0.9958783696859832,hellinger_histogram
2016-12-24 06:30:44.857579520,0.0832100407787078,0.1104166112910235,0,0.9751561046897834,0.9964480545386588,hellinger_histogram
2016-12-30 03:47:24.421860352,0.0859858709241178,0.1104166112910235,0,0.9743284372105332,0.9962206664039944,hellinger_histogram
2017-01-04 22:16:38.277375232,0.0833742881619019,0.1104166112910235,0,0.975886151008038,0.996317702279957,hellinger_histogram
2017-01-10 20:56:48.223647488,0.0798404610980071,0.1104166112910235,0,0.9739478957915833,0.9955256790360728,hellinger_histogram
2017-01-17 04:59:38.757997568,0.0772397821897114,0.1104166112910235,0,0.9745683308794004,0.9961872896245488,hellinger_histogram
2017-01-24 02:28:52.148750848,0.0779375163989743,0.1104166112910235,0,0.9761999206664024,0.9960563049754436,hellinger_histogram
2017-01-31 17:37:25.901447424,0.0798002143387629,0.1104166112910235,0,0.9717093903572852,0.9956585327842812,hellinger_histogram
2017-02-08 10:39:14.659304192,0.0809815350163059,0.1104166112910235,0,0.9747387911651898,0.996188022503812,hellinger_histogram
2017-02-16 13:19:43.407748864,0.0752224422355456,0.1104166112910235,0,0.9743486973947896,0.9962613055846748,hellinger_histogram
2017-02-25 01:31:15.515959808,0.0803912638941852,0.1104166112910235,0,0.968474977013004,0.9943666800059094,hellinger_histogram
2017-03-04 23:00:53.579133440,0.0772827772741399,0.1104166112910235,0,0.9748658201335252,0.9957494156392072,hellinger_histogram
2017-03-12 14:57:13.493110272,0.0756550689216388,0.1104166112910235,0,0.9720401337792642,0.9944768508040088,hellinger_histogram
2017-03-19 07:30:07.155601920,0.0762731957697251,0.1104166112910235,0,0.9744358940915612,0.99639635234845,hellinger_histogram
2017-03-26 15:48:53.983547904,0.0773614683668218,0.1104166112910235,0,0.9734642430675337,0.9961268857027954,hellinger_histogram
2017-04-03 09:24:18.020380928,0.0720522241013016,0.1104166112910235,0,0.970960436925536,0.995292120370584,hellinger_histogram
2017-04-11 11:19:21.909979904,0.0758888578564069,0.1104166112910235,0,0.9703951774949764,0.995716189898255,hellinger_histogram
2017-04-19 13:38:16.158673664,0.0777800040191489,0.1104166112910235,0,0.9681595983617388,0.9956322506718136,hellinger_histogram
2017-04-27 04:32:28.451162880,0.0736251169924724,0.1104166112910235,0,0.9730232558139534,0.9964345856056284,hellinger_histogram
2017-05-05 05:58:39.392567040,0.0704409397156837,0.1104166112910235,0,0.9718928999600372,0.9957892869085724,hellinger_histogram
2017-05-14 04:22:32.892679424,0.0785244943283473,0.1104166112910235,0,0.9721961047683008,0.9960161450779934,hellinger_histogram
2017-05-21 19:24:48.956270336,0.0818292254727379,0.1104166112910235,0,0.970059093893631,0.9952534884661072,hellinger_histogram
2017-05-29 21:29:31.905385472,0.0749495156942128,0.1104166112910235,0,0.970867299211546,0.9957772404447194,hellinger_histogram
2017-06-06 21:26:11.897116160,0.0818504013860832,0.1104166112910235,0,0.9696969696969696,0.9947705264957052,hellinger_histogram
2017-06-14 20:46:07.987727104,0.0828647477061259,0.1104166112910235,0,0.9715977924350518,0.9959514671553268,hellinger_histogram
2017-06-22 20:00:49.528886016,0.0838028291836614,0.1104166112910235,0,0.9706871050154632,0.9954542495519124,hellinger_histogram
2017-07-01 09:36:16.053435904,0.0804192293416351,0.1104166112910235,0,0.9682281059063136,0.9946955789197292,hellinger_histogram
2017-07-12 14:58:14.009790208,0.081793332904525,0.1104166112910235,0,0.95874079035499,0.9932898510072632,hellinger_histogram
2017-07-19 05:59:53.470542080,0.086781652294913,0.1104166112910235,0,0.9781700579436734,0.9969926543554688,hellinger_histogram
2017-07-24 10:00:41.826860544,0.0820571094550876,0.1104166112910235,0,0.9705215419501134,0.995800313666868,hellinger_histogram
2017-07-31 22:57:28.080697088,0.0818572341291063,0.1104166112910235,0,0.9682453521509023,0.9948123526042432,hellinger_histogram
2017-08-07 12:03:09.532411648,0.0807427680294402,0.1104166112910235,0,0.969857433808554,0.99564967393878,hellinger_histogram
2017-08-14 17:50:42.746228992,0.0780537088183537,0.1104166112910235,0,0.9726694628602354,0.9961236425747798,hellinger_histogram
2017-08-21 07:36:09.961766656,0.0752998077460801,0.1104166112910235,0,0.973317079777868,0.9954568507284136,hellinger_histogram
2017-08-28 19:57:39.823730432,0.0805019913680608,0.1104166112910235,0,0.9737515143357114,0.9959691165193416,hellinger_histogram
2017-09-05 01:55:46.054718208,0.0818610349743753,0.1104166112910235,0,0.9687626774847872,0.9957836560567216,hellinger_histogram
2017-09-13 14:01:37.723277568,0.0797735299951721,0.1104166112910235,0,0.9726250169399648,0.9964311913372632,hellinger_histogram
2017-09-22 02:41:11.360974336,0.0785881956487825,0.1104166112910235,0,0.9749016415683084,0.996122140708257,hellinger_histogram
2017-09-30 17:22:12.757061120,0.0780057305195446,0.1104166112910235,0,0.9742261011864176,0.995511478159087,hellinger_histogram
2017-10-09 12:10:52.014179840,0.0789802318091405,0.1104166112910235,0,0.9719184555150532,0.9964949181523726,hellinger_histogram
2017-10-18 05:33:31.071549952,0.0790633030485525,0.1104166112910235,0,0.9697627118644068,0.9962838814190412,hellinger_histogram
2017-10-26 10:29:49.184672256,0.077834763416515,0.1104166112910235,0,0.9689147182051628,0.9948879845193208,hellinger_histogram
2017-11-03 13:32:06.526492928,0.077355040321913,0.1104166112910235,0,0.9691182446160096,0.9957077980938176,hellinger_histogram
2017-11-12 11:16:33.610533376,0.0799139146807851,0.1104166112910235,0,0.9724425325984676,0.9957261735143615,hellinger_histogram
2017-11-22 09:22:30.779576064,0.0781866570675376,0.1104166112910235,0,0.9677157908955828,0.995645429134305,hellinger_histogram
2017-12-02 00:14:20.750861312,0.0826006844527249,0.1104166112910235,0,0.9707673568818516,0.9954670455382516,hellinger_histogram
2017-12-10 18:38:30.163156736,0.0835071803609229,0.1104166112910235,0,0.9676593451017385,0.9966062113766786,hellinger_histogram
2017-12-19 10:11:00.917120000,0.0829738555709792,0.1104166112910235,0,0.9671953368578012,0.9954450084977052,hellinger_histogram
2017-12-29 04:55:25.730855936,0.0812573749259577,0.1104166112910235,0,0.9712776046606152,0.9961194834746752,hellinger_histogram
2018-01-07 05:03:58.074396160,0.0844101113177967,0.1104166112910235,0,0.968060630667208,0.9959592016513176,hellinger_histogram
2018-01-13 01:15:01.810510336,0.0891634929865206,0.1104166112910235,0,0.9721358041390504,0.9961572174932212,hellinger_histogram
2018-01-20 09:23:07.746618368,0.0840519234955015,0.1104166112910235,0,0.9742830214083747,0.9965412695809917,hellinger_histogram
2018-01-28 08:00:23.843254272,0.085511585702038,0.1104166112910235,0,0.9717659834396634,0.9959328974122644,hellinger_histogram
2018-02-05 16:11:44.747650816,0.084271877910599,0.1104166112910235,0,0.9694054776219104,0.9955197725967956,hellinger_histogram
2018-02-14 04:34:46.924671744,0.08377399107363,0.1104166112910235,0,0.9728781540952638,0.9967522829056036,hellinger_histogram
2018-02-22 06:31:20.301297664,0.080098975591347,0.1104166112910235,0,0.9759491960545872,0.9965246801684146,hellinger_histogram
2018-03-02 00:39:40.729383424,0.0803762153397488,0.1104166112910235,0,0.9679443459282498,0.995520898869246,hellinger_histogram
2018-03-09 23:00:57.028640000,0.0832941678746169,0.1104166112910235,0,0.970496684260387,0.9955959799397816,hellinger_histogram
2018-03-18 07:01:04.328294144,0.0817101428514641,0.1104166112910235,0,0.9755080069977125,0.9969361824159156,hellinger_histogram
2018-03-26 00:14:58.361884672,0.0823222770558082,0.1104166112910235,0,0.9726694628602354,0.9966879703312186,hellinger_histogram
2018-04-02 21:40:45.219374592,0.0822928249884986,0.1104166112910235,0,0.9690931272875152,0.9959719702861554,hellinger_histogram
2018-04-10 13:53:58.238752000,0.0824031692731574,0.1104166112910235,0,0.9690498716042708,0.9953859238346554,hellinger_histogram
2018-04-18 05:52:30.149701888,0.0826179933978221,0.1104166112910235,0,0.9755702523957348,0.997130952215545,hellinger_histogram
2018-04-26 08:23:35.867226112,0.0805183290063262,0.1104166112910235,0,0.9734453326107574,0.9968284343893812,hellinger_histogram
2018-05-04 09:15:51.821802496,0.0843965798930936,0.1104166112910235,0,0.9745751189666894,0.9969512466018596,hellinger_histogram
2018-05-12 21:50:43.518119424,0.0799998135926042,0.1104166112910235,0,0.9710693524401784,0.9950647520381928,hellinger_histogram
2018-05-21 12:17:53.595243520,0.0855566184115688,0.1104166112910235,0,0.9689098250336474,0.9958844660502816,hellinger_histogram
2018-05-29 22:37:11.426733056,0.0860468764484915,0.1104166112910235,0,0.9747830802603036,0.9967097961411028,hellinger_histogram
2018-06-07 00:32:46.876511488,0.082587934084989,0.1104166112910235,0,0.9691266079891672,0.9961695922638266,hellinger_histogram
2018-06-14 14:02:17.009661696,0.0814331908021558,0.1104166112910235,0,0.9713517148621386,0.9957839400154544,hellinger_histogram
2018-06-22 06:59:06.886837248,0.0847290473988523,0.1104166112910235,0,0.9738800920286912,0.9964713986687272,hellinger_histogram
2018-06-29 16:42:36.076887296,0.0827606524275138,0.0886478186565151,0,0.9756031075371404,0.9955342530814704,hellinger_histogram
2018-07-07 12:49:43.480511488,0.0844491648129027,0.0883979348751061,0,0.971390194761585,0.9961315788142198,hellinger_histogram
2018-07-15 21:09:54.719060224,0.0828671240961166,0.0883180116750434,0,0.9668613336955044,0.9951747856281422,hellinger_histogram
2018-07-25 08:17:45.434097408,0.088764833302724,0.0887911235641574,0,0.970766536440792,0.995847780823082,hellinger_histogram
2018-08-01 18:41:05.208256000,0.0883274455480477,0.0894068832384449,0,0.9721061851502492,0.9966802754364842,hellinger_histogram
2018-08-08 13:01:39.231343616,0.0882103570916987,0.0899256876506248,0,0.9759739378308674,0.9969737355978576,hellinger_histogram
2018-08-15 14:51:17.696300544,0.088853915750403,0.0905242295312574,0,0.9732973701955496,0.996484146345738,hellinger_histogram
2018-08-23 01:01:27.213691648,0.0915367049424682,0.0915799509322128,0,0.9749220550359224,0.9964475812699356,hellinger_histogram
2018-08-30 21:06:44.884686336,0.0893205348771456,0.092089555561442,0,0.9712356515867656,0.996684405061541,hellinger_histogram
2018-09-08 13:18:56.003451648,0.090711574029855,0.0923688592963367,0,0.9731335223437289,0.9966561127661664,hellinger_histogram
2018-09-17 07:39:59.075442944,0.0876978436478816,0.0926193983264384,0,0.968618963884756,0.9958626966431002,hellinger_histogram
2018-09-26 03:50:15.335848704,0.090583221670876,0.0932212928000647,0,0.9749494949494948,0.9971163396488072,hellinger_histogram
2018-10-05 07:32:21.802231808,0.0897212559325342,0.0936870338762648,0,0.9723389830508474,0.9969995220535788,hellinger_histogram
2018-10-13 18:44:58.700504832,0.0899367110206639,0.0941554873272568,0,0.9727090301003344,0.9969405078692458,hellinger_histogram
2018-10-21 16:45:27.440193024,0.0903310296598705,0.0944745340916232,0,0.9734477671986054,0.9970424265632728,hellinger_histogram
2018-10-29 08:42:23.578923776,0.0939624288723662,0.0953769015968818,0,0.9744629104175112,0.9964196933702334,hellinger_histogram
2018-11-06 04:18:43.090291968,0.0937256084460376,0.0962625447752995,0,0.9737379235270104,0.9970263242930292,hellinger_histogram
2018-11-14 20:25:18.838155776,0.0951427500208262,0.0972356280380387,0,0.9744421906693712,0.9967541831948612,hellinger_histogram
2018-11-23 09:54:35.962477312,0.0971497089664093,0.0985126025803607,0,0.9738811046116176,0.997088312527828,hellinger_histogram
2018-12-01 08:47:21.810177536,0.0954335692748981,0.099290526370731,0,0.9736172492299452,0.9974142202403072,hellinger_histogram
2018-12-09 00:42:57.972538368,0.0960041023453649,0.1000605993386673,0,0.9775326247813804,0.9977793933205324,hellinger_histogram
2018-12-15 23:21:59.329690368,0.097397796865907,0.1009709231149162,0,0.973595125253893,0.9968975369044883,hellinger_histogram
2018-12-23 11:05:31.167271680,0.10136244906032,0.10234511654802,0,0.9774072081764388,0.9976090350557466,hellinger_histogram
2018-12-29 17:00:32.257942272,0.1024710750497508,0.1040105755332109,0,0.975869506605554,0.997331688743848,hellinger_histogram
2019-01-04 13:52:37.531022848,0.1025817115788022,0.1050967938011751,0,0.9787899388171312,0.9972237999905712,hellinger_histogram
2019-01-10 06:41:21.192833792,0.1021940614287772,0.1063412064099624,0,0.9780131384904144,0.9972199223071782,hellinger_histogram
2019-01-16 10:38:04.728266752,0.0988727549753852,0.106950630467307,0,0.9745955341623213,0.9968490101667004,hellinger_histogram
2019-01-23 06:52:45.774218752,0.0958753844418541,0.1069110270849067,0,0.9759739378308674,0.9972091158355384,hellinger_histogram
2019-01-30 17:31:41.145020928,0.0953667053162868,0.1065888143619541,0,0.9788474576271188,0.997886025575489,hellinger_histogram
2019-02-07 08:25:49.291846912,0.1001375251877979,0.1070180070743728,0,0.9762962962962964,0.9977198022717834,hellinger_histogram
2019-02-16 00:10:19.823346432,0.096505389233874,0.1067052700631728,0,0.973176978029384,0.9973952665521532,hellinger_histogram
2019-02-24 03:28:32.059029760,0.0969230245453,0.1065081575140342,0,0.9751898047722344,0.9972085035308752,hellinger_histogram
2019-03-03 23:26:39.587647232,0.0930479245232894,0.1057645924551567,0,0.97664686825054,0.9967304682601446,hellinger_histogram
2019-03-11 23:36:41.152388864,0.0935421179213089,0.1056434933085307,0,0.9731888964116452,0.9968942057790986,hellinger_histogram
2019-03-20 03:09:37.201606144,0.0981346151623225,0.1057191616150733,0,0.9746027434469644,0.9975200321623346,hellinger_histogram
2019-03-28 13:04:36.918506240,0.0959414919246465,0.1055557727019971,0,0.9742274996626636,0.9965933070552636,hellinger_histogram
2019-04-06 03:31:12.239665920,0.0971944629965059,0.1054765435099876,0,0.979311283517082,0.9977851458885942,hellinger_histogram
2019-04-14 13:17:12.127801088,0.0953802432202133,0.1054542150967654,0,0.9717223650385604,0.9968437129048984,hellinger_histogram
2019-04-22 20:24:59.649585152,0.0950922120257052,0.1052415397224433,0,0.9778647590767984,0.9974835671350402,hellinger_histogram
2019-04-30 21:09:58.900908032,0.0958636659463897,0.1051404714895276,0,0.979694057127386,0.997199819880671,hellinger_histogram
2019-05-08 12:33:29.212087808,0.0972354457211054,0.1046878949441729,0,0.977509822517274,0.9973049492909704,hellinger_histogram
2019-05-15 23:08:27.200681472,0.0949990780577948,0.1044641857546137,0,0.9787694388100068,0.9975537046252196,hellinger_histogram
2019-05-23 08:52:22.653012224,0.096363512037249,0.1041059091435576,0,0.9774598461330812,0.9981649238426784,hellinger_histogram
2019-05-30 22:52:33.977469440,0.0973158693097442,0.1037285095779497,0,0.9748206308379586,0.9970015375734812,hellinger_histogram
2019-06-07 01:21:35.321539072,0.0975730489592572,0.103318300760948,0,0.9780234596197924,0.997788728848026,hellinger_histogram
2019-06-13 23:08:36.748116224,0.0992459710366466,0.1034171729001865,0,0.97457857531267,0.9970495620931236,hellinger_histogram
2019-06-19 21:51:20.566598400,0.0908746536376895,0.1037596544156651,0,0.9801028695181376,0.9978177458033574,hellinger_histogram
2019-06-25 13:38:20.489797632,0.09392427737318,0.1038123496220151,0,0.9761036857027136,0.996620508220997,hellinger_histogram
2019-07-01 04:13:41.139450112,0.096936348590571,0.1038049344717112,0,0.9776008635811632,0.9977094708283308,hellinger_histogram
2019-07-06 15:14:53.627373824,0.0977243351313993,0.1038495351310229,0,0.9786663088689118,0.9972674219848372,hellinger_histogram
2019-07-12 01:09:43.613655808,0.0948949333857031,0.1038669217809806,0,0.9760260056887444,0.9974870453426832,hellinger_histogram
2019-07-17 12:14:25.262008832,0.0962549752485679,0.1038353379188316,0,0.9789103690685412,0.9974053153362448,hellinger_histogram
2019-07-23 01:38:22.589190400,0.0984951076308562,0.1034741926173144,0,0.977675551346232,0.9974583604182452,hellinger_histogram
2019-07-29 00:02:24.235024128,0.0982363054219385,0.102841643575871,0,0.9756953821226032,0.9970230760243518,hellinger_histogram
2019-08-04 14:57:42.356743168,0.0959713205710582,0.1019938244902085,0,0.9786371011357492,0.9972539251207728,hellinger_histogram
2019-08-11 22:40:47.209317632,0.0965875772775954,0.1011347020791719,0,0.9768723947828424,0.997945779605962,hellinger_histogram
2019-08-19 12:11:12.264657664,0.095498322970098,0.1008893906798894,0,0.9727457627118644,0.9971253660746942,hellinger_histogram
2019-08-26 12:18:00.631070464,0.1010597476632721,0.1015357660795617,0,0.9799481653253308,0.9981271990925036,hellinger_histogram
2019-09-02 23:59:24.102610944,0.1023107436316681,0.1023829527589995,0,0.9741252178576216,0.997159343456792,hellinger_histogram
2019-09-11 14:18:50.241135616,0.1017285148940049,0.1026771317189105,0,0.9762840493291776,0.9974481492833196,hellinger_histogram
2019-09-20 07:11:53.724405760,0.1006204548032737,0.1030668181764645,0,0.980169971671388,0.9977836137503694,hellinger_histogram
2019-09-28 17:43:57.425362688,0.1011108774843125,0.1034956559759251,0,0.9767975178740052,0.9977183395241316,hellinger_histogram
2019-10-07 05:47:27.246907904,0.1019250374027382,0.1038946690985584,0,0.979382832502358,0.9982533910097956,hellinger_histogram
2019-10-15 03:07:43.260482560,0.0982364055221027,0.1038325448589029,0,0.9765908785147316,0.997192047429757,hellinger_histogram
2019-10-23 04:54:55.352891904,0.1087155078646358,0.1059466786407723,1,0.976855003403676,0.9975726748044748,hellinger_histogram
2019-10-30 22:03:19.516393216,0.1032806042639524,0.106505623127883,0,0.9801711258997692,0.9983134204416424,hellinger_histogram
2019-11-07 00:53:40.218806016,0.105719822054749,0.1074533272519242,0,0.97671617824167,0.9977226633863264,hellinger_histogram
2019-11-14 13:41:12.079603712,0.1054989067634727,0.1082327894654072,0,0.9788857103936792,0.9976172588855884,hellinger_histogram
2019-11-21 23:22:56.785410048,0.1089715794498365,0.1096044099410818,0,0.9807196198234894,0.9972779609645056,hellinger_histogram
2019-11-30 20:34:38.279047936,0.1075858854699377,0.1105445475968077,0,0.979852249832102,0.9982134065311636,hellinger_histogram
2019-12-08 09:25:22.834821632,0.108472192889627,0.1115715451935241,0,0.982130861211877,0.9983076824902204,hellinger_histogram
2019-12-12 18:50:53.435386880,0.1111275177707096,0.1129205619274935,0,0.9800404585300068,0.9980180939102798,hellinger_histogram
2019-12-16 13:35:06.442365184,0.1152474343016742,0.115057216184641,1,0.9787321063394684,0.9977508763557238,hellinger_histogram
2019-12-21 06:00:31.676440064,0.1075347848506247,0.1155814386772096,0,0.9770971676378912,0.9977103371302892,hellinger_histogram
2019-12-26 05:37:55.490231296,0.1157347497598595,0.1174549085139668,0,0.9793149764942914,0.9981033388219184,hellinger_histogram
2019-12-30 07:47:43.296733696,0.1145358585298089,0.1188944465445501,0,0.983533540288838,0.9986466202721646,hellinger_histogram
2020-01-03 16:51:19.239594752,0.1177922344038458,0.1202606145828017,0,0.98168001085629,0.997904064422759,hellinger_histogram
2020-01-08 01:33:12.531953920,0.1161516513279185,0.1213483430161218,0,0.9805062948422903,0.9980880950380392,hellinger_histogram
2020-01-12 15:12:23.531623168,0.117582131133711,0.1227183566209148,0,0.9818845477896444,0.9983810152898812,hellinger_histogram
2020-01-17 15:46:46.688024064,0.1125415192456754,0.1232236060433387,0,0.9809742274996628,0.997574729830632,hellinger_histogram
2020-01-23 21:51:56.381055744,0.1097511340591021,0.1231500922324145,0,0.9790455590104096,0.997821978792643,hellinger_histogram
2020-01-30 19:11:52.586894080,0.1117198255701819,0.1232747950677716,0,0.982368099823681,0.9984064247903502,hellinger_histogram
2020-02-06 07:08:13.361990656,0.1131427439079077,0.1236274825541068,0,0.980466118819884,0.9984713729849916,hellinger_histogram
2020-02-13 01:08:20.600041216,0.1098620986187578,0.1235834411487554,0,0.980594381869996,0.9985777946335452,hellinger_histogram
2020-02-20 04:43:36.799451136,0.1125298198303218,0.1234414088762485,0,0.982296064278905,0.997757319264885,hellinger_histogram
2020-02-27 11:09:41.174667776,0.1118026645366888,0.1231587171818346,0,0.980522115514676,0.9980716062436624,hellinger_histogram
2020-03-06 10:01:34.221097216,0.1147922340660828,0.1228440801983992,0,0.9771951386043972,0.9981527258877304,hellinger_histogram
2020-03-15 17:50:55.387179520,0.1136472134877552,0.1229287415875556,0,0.976470588235294,0.9979705325287408,hellinger_histogram
2020-03-31 12:24:21.388140032,0.1056106143536432,0.1227622428483899,0,0.97648330855521,0.9979869100302784,hellinger_histogram
2020-04-19 19:09:54.220436480,0.1106534695511634,0.1225781522641877,0,0.9787688609961276,0.9987764275734796,hellinger_histogram
2020-05-06 13:02:34.439251200,0.1066926648180557,0.1221575044943183,0,0.9803602871461464,0.9982450183591168,hellinger_histogram
2020-05-20 22:14:33.564038144,0.1078576349634406,0.1217254344294096,0,0.9797966101694916,0.9979939286721116,hellinger_histogram
2020-06-02 19:01:00.673675008,0.1146658610631236,0.1216640124106803,0,0.980089394555059,0.9982406728621536,hellinger_histogram
2020-06-14 12:55:11.777557504,0.111453890293643,0.1205096396981595,0,0.980803028254698,0.998587369584675,hellinger_histogram
2020-06-25 18:31:03.157110528,0.1107097272996291,0.1205171133640228,0,0.9820585457979226,0.9985096238742716,hellinger_histogram
2020-07-06 01:42:44.718910208,0.1157699165555122,0.1204310546602107,0,0.9817838348401026,0.9987254640535896,hellinger_histogram
2020-07-14 20:10:16.472787968,0.1117258786593915,0.1202175862812498,0,0.9784582034954612,0.9984417456364816,hellinger_histogram
2020-07-23 10:45:36.111246080,0.1119219988749783,0.1199292001113214,0,0.9826356171759322,0.9985062115287798,hellinger_histogram
2020-08-01 00:21:53.413779712,0.1139837353401717,0.1200274756565609,0,0.980169971671388,0.998430781905718,hellinger_histogram
2020-08-09 22:33:36.310064640,0.1129139040294576,0.1199311927805119,0,0.985581458024525,0.9986509526896749,hellinger_histogram
2020-08-19 11:40:47.998887680,0.1123771027708087,0.119856519960829,0,0.9791525653174497,0.9983216062683318,hellinger_histogram
2020-08-29 07:17:24.744298240,0.1134253079866656,0.1199230803620547,0,0.9801333514763914,0.9986544613580158,hellinger_histogram
2020-09-08 13:07:14.854673152,0.1147117875674453,0.1198674300432043,0,0.983358138276282,0.9986346322368932,hellinger_histogram
2020-09-18 15:46:03.256505856,0.111091247654059,0.1196590466147123,0,0.982255679526818,0.9981268025393812,hellinger_histogram
2020-09-28 20:35:51.413286912,0.1146936342259414,0.1195424685295559,0,0.9847028563692974,0.9985904821521646,hellinger_histogram
2020-10-08 21:31:41.572937984,0.1122318954256443,0.1194047475637048,0,0.9835068270920644,0.9983260266776848,hellinger_histogram
2020-10-18 16:03:22.807606528,0.1132257696252133,0.1188103670954485,0,0.9822832023444784,0.9985796984753094,hellinger_histogram
2020-10-26 21:41:59.190437632,0.1113759071137822,0.1184118348562913,0,0.9807407407407408,0.9984083038512688,hellinger_histogram
2020-11-04 17:58:27.908431360,0.1170653657740641,0.1183048626002843,0,0.982989064398542,0.9984378479677632,hellinger_histogram
2020-11-13 22:28:31.770108160,0.1172775208283464,0.1188800074919138,0,0.9806521445000675,0.9983999238269854,hellinger_histogram
2020-11-23 10:16:15.536645632,0.1129357374668094,0.118884808611311,0,0.9801001759848382,0.9983419121326316,hellinger_histogram
2020-12-03 15:59:54.972755200,0.1203952264677832,0.1200891145222234,1,0.9831149533972714,0.998675437306011,hellinger_histogram
2020-12-12 11:15:47.909172736,0.126659978613785,0.1228410452076355,1,0.9847069968872648,0.9990173950610582,hellinger_histogram
2020-12-20 03:07:40.230582528,0.1241964950687389,0.124384929070567,0,0.9819349658771578,0.9985848715980462,hellinger_histogram
2020-12-27 19:23:19.554768128,0.1291838599937222,0.1269889888064971,1,0.987362413371382,0.9992794062063745,hellinger_histogram
2021-01-03 06:23:17.718913792,0.1318242000322425,0.1298478274189794,1,0.9834521727431724,0.99872027790213,hellinger_histogram
2021-01-10 11:48:21.955332096,0.1266106073454832,0.131144382255551,0,0.986776413439482,0.99910815438574,hellinger_histogram
2021-01-18 01:57:13.053986560,0.1234289700433869,0.1318682407903937,0,0.9848263010781312,0.998797277724573,hellinger_histogram
2021-01-25 23:09:30.944615936,0.1213449682200918,0.1319154964263809,0,0.9817592217267936,0.998323050846558,hellinger_histogram
2021-02-03 12:33:21.853117696,0.1224402486349633,0.1323502444566163,0,0.9845865165527408,0.9986461544188432,hellinger_histogram
2021-02-12 09:54:04.417721344,0.1246675931172385,0.1326896105059895,0,0.9825779229617532,0.998757891999708,hellinger_histogram
2021-02-20 16:35:42.963620352,0.1247657021392569,0.1330163177067827,0,0.982966067324591,0.9985863802728536,hellinger_histogram
2021-02-28 05:00:00.566801408,0.1295229438681501,0.1343368440820175,0,0.9820585457979226,0.99865716930198,hellinger_histogram
2021-03-07 21:11:20.962432768,0.1222691954056117,0.1344945176625646,0,0.983461073013312,0.999011677835454,hellinger_histogram
2021-03-15 20:44:33.816502528,0.1276926860620716,0.1351546596530714,0,0.9851210604625996,0.9990411326854578,hellinger_histogram
2021-03-23 10:38:54.493573120,0.1319141079633563,0.1366101062012821,0,0.9797761898341648,0.998720500733767,hellinger_histogram
2021-03-31 06:58:45.219431936,0.1264529850213286,0.1369648941367548,0,0.9842466675642924,0.9990547629519408,hellinger_histogram
2021-04-08 13:38:17.877173504,0.12778997725575,0.1373965610822316,0,0.9812881355932204,0.9983652303142312,hellinger_histogram
2021-04-16 05:42:19.725994240,0.1278083298385422,0.1378659603501137,0,0.9821597513177456,0.9988658938950524,hellinger_histogram
2021-04-23 19:16:04.996834304,0.1259664761050537,0.137998065619421,0,0.9844489519945908,0.9991844221743872,hellinger_histogram
2021-05-01 18:30:03.026884352,0.131193440791982,0.1386157961459404,0,0.9856817877693028,0.9992198973780494,hellinger_histogram
2021-05-10 01:02:27.782891008,0.1330859594582021,0.1394661854524491,0,0.9814291481631006,0.9987078284062388,hellinger_histogram
2021-05-19 04:00:54.178891776,0.1325081151421482,0.1401744713793463,0,0.9838512688288776,0.9988911648996066,hellinger_histogram
2021-05-28 06:59:56.814934272,0.1332497088949014,0.1404710929353702,0,0.9836375929682216,0.9986718477503638,hellinger_histogram
2021-06-06 08:10:03.114930688,0.1391619472555156,0.1420170241848675,0,0.9856698661619576,0.9988180313288908,hellinger_histogram
2021-06-15 02:51:55.451059200,0.1404976003171081,0.1432844673798507,0,0.9836198727494246,0.9989317270543058,hellinger_histogram
2021-06-24 11:51:15.571951104,0.1369347954221917,0.1437311436480515,0,0.9836905243294244,0.998774483764801,hellinger_histogram
2021-07-03 00:41:20.139074560,0.1443710678392017,0.1450907701453545,0,0.9860904794058069,0.9990300582352372,hellinger_histogram
2021-07-11 03:42:50.439658240,0.146325666948139,0.1472354631616532,0,0.9858280469699016,0.9991130667709556,hellinger_histogram
2021-07-19 19:34:35.039692288,0.1460888318214302,0.1489760999428929,0,0.9818845477896444,0.9987777719953944,hellinger_histogram
2021-07-29 01:51:02.608172544,0.1489366254384412,0.1504185258022451,0,0.9821549276733812,0.9990594832895136,hellinger_histogram
2021-08-07 10:51:27.352369408,0.1476091424522413,0.1520780797044338,0,0.9834216605517054,0.9991277648510354,hellinger_histogram
2021-08-17 12:38:25.298760960,0.1533998265473471,0.1550030064064529,0,0.9831955549532456,0.9989466507167266,hellinger_histogram
2021-08-28 02:15:10.444094976,0.1551104679178535,0.1578194448716536,0,0.9830531271015468,0.9989072023665696,hellinger_histogram
2021-09-08 08:23:55.827413248,0.1531136877269276,0.1600273571807984,0,0.9854073773814348,0.9992764860304276,hellinger_histogram
2021-09-20 02:09:24.517992448,0.1610614806686621,0.1635983526456756,0,0.9833674164962508,0.998948198652258,hellinger_histogram
2021-10-02 09:07:14.140529664,0.159069947120962,0.1662697613422299,0,0.9829094334544476,0.999314443202496,hellinger_histogram
2021-10-14 09:53:58.433844224,0.1538483895089837,0.1676105752247211,0,0.9858829917198316,0.9993252146922252,hellinger_histogram
2021-10-26 06:50:48.638631424,0.1611212790987873,0.1697440567620694,0,0.9847654683950288,0.999173959024674,hellinger_histogram
2021-11-07 02:07:38.964423168,0.1621899078541059,0.1717916194891733,0,0.9858509634820104,0.9991854951229406,hellinger_histogram
2021-11-20 03:43:54.708039424,0.4933510051563512,0.3137108355708736,1,0.7079028579095666,0.6543381694877807,hellinger_histogram
2021-12-04 16:27:34.629209856,0.5138435819180617,0.393456090953647,1,0.692888948859803,0.6129756944534697,hellinger_histogram
2021-12-16 15:25:29.038531328,0.5205543058214729,0.4558332673811164,1,0.7032074705643524,0.6299999447588833,hellinger_histogram
2021-12-28 07:33:53.691827456,0.5241737428635912,0.5081602732583352,1,0.7241004752206381,0.6089595442639874,hellinger_histogram
2022-01-07 23:29:55.343080448,0.5239513004462241,0.553012142421647,0,0.7182964871829649,0.6022975152928747,hellinger_histogram
2022-01-19 00:01:43.121507840,0.5306108407039226,0.5937447932197786,0,0.7134336451131896,0.614395176029269,hellinger_histogram
2022-02-01 02:08:39.386309376,0.5394261469049422,0.6314184648180444,0,0.6860140788949396,0.6020920195011361,hellinger_histogram
2022-02-15 21:24:12.288849152,0.5470409841378508,0.6663334036618098,0,0.6871864406779661,0.5928130371760321,hellinger_histogram
2022-03-03 18:56:24.278607872,0.5449341785074527,0.6971140517661272,0,0.6862612916273426,0.6044672765502397,hellinger_histogram
2022-03-20 01:26:42.440673792,0.5455680897830114,0.7246298884187837,0,0.7012599918710202,0.6070035843832118,hellinger_histogram
2022-04-05 13:17:19.308122880,0.5500451869198553,0.7499830409220649,0,0.700282752120641,0.5969200415761987,hellinger_histogram
2022-04-22 15:56:24.990583552,0.5625483868580071,0.7743801243124162,0,0.6924438393464942,0.5952509771742679,hellinger_histogram
2022-05-10 01:49:57.067557120,0.5618413595624049,0.7957751157233502,0,0.6865852020948032,0.5867689699991769,hellinger_histogram
2022-05-26 23:41:19.694324992,0.5681366864688404,0.8153088995419504,0,0.692601171821774,0.5862204836690921,hellinger_histogram
2022-06-13 19:31:30.953625856,0.5763890840939673,0.8335056777549359,0,0.7063870352716873,0.5999926459072181,hellinger_histogram
2022-07-01 05:13:34.188655360,0.5752417193454648,0.8489038384298133,0,0.7135282121006118,0.6122314093367258,hellinger_histogram
2022-07-19 07:43:38.707995136,0.5846947683686421,0.8625148806988703,0,0.7150632739148184,0.5904891588394284,hellinger_histogram
2022-08-03 21:19:20.825760512,0.5789402594314628,0.8731323046041594,0,0.7179001488296577,0.5890484316325203,hellinger_histogram
2022-08-20 21:57:39.515699200,0.5859661649004435,0.8819127795717361,0,0.7087875117749967,0.5876377806366361,hellinger_histogram
2022-09-08 12:21:15.658391552,0.5819601253524559,0.8873174194842695,0,0.7056106507268034,0.5979556096174928,hellinger_histogram
2022-09-29 05:47:21.496285952,0.5838778333374571,0.890129880603693,0,0.7102526002971769,0.5868182809386289,hellinger_histogram
2022-10-17 10:02:33.443390208,0.5986925518352619,0.8910221463504866,0,0.7228915662650602,0.5734394626800947,hellinger_histogram
2022-11-03 19:29:27.377822464,0.5980479983613328,0.8887637835381351,0,0.7336480107889414,0.5803756586775455,hellinger_histogram
2022-11-22 04:43:40.296791552,0.6022761815037914,0.8830446040169944,0,0.7608194274860941,0.5684594943910825,hellinger_histogram
2022-12-12 18:26:22.581661952,0.5975047272037682,0.8718318821348391,0,0.7535525781567195,0.5736545178875823,hellinger_histogram
2023-01-01 16:50:34.107695360,0.6038216216884478,0.8567303033368066,0,0.7775238607339696,0.5725183312382702,hellinger_histogram
2023-01-21 22:36:39.085148160,0.5936057699265299,0.8332123747012755,0,0.763359806165029,0.5718948551000891,hellinger_histogram
2023-02-19 18:52:46.886860032,0.5882399994645943,0.7975943956799023,0,0.7478603450618122,0.5715764019509713,hellinger_histogram
2023-03-20 16:48:23.729529344,0.5874819088114539,0.745791982596238,0,0.7495614626905951,0.5793050523471636,hellinger_histogram
2023-05-24 23:45:22.533269760,0.5758120138752764,0.6386743984651138,0,0.7254461335095836,0.5739864479921157,hellinger_histogram
2015-01-11 08:09:48.506820096,0.0,0.0709338087257416,0,0.9820807702594276,0.9973916716569126,mahalanobis
2015-02-05 05:45:21.200667648,0.0113500756898638,0.0709338087257416,0,0.9755674232309748,0.9963946645121632,mahalanobis
2015-02-28 16:39:17.016885504,0.0203232512980149,0.0709338087257416,0,0.9777539533637096,0.9957381803589668,mahalanobis
2015-03-24 08:51:32.283909632,0.0217765752105274,0.0709338087257416,0,0.9722074468085108,0.99592193589534,mahalanobis
2015-04-19 23:55:22.089075712,0.0222954074795188,0.0709338087257416,0,0.9747596153846154,0.995621762789683,mahalanobis
2015-05-16 05:23:02.882852864,0.0187931173673789,0.0709338087257416,0,0.9747910488002156,0.9951544258628652,mahalanobis
2015-06-11 17:01:20.739780864,0.0167837219994092,0.0709338087257416,0,0.9754207854662036,0.9959718922349832,mahalanobis
2015-07-07 02:48:50.688933888,0.0197604364094828,0.0709338087257416,0,0.9734143049932524,0.9954411281334216,mahalanobis
2015-07-30 15:34:58.859391744,0.0249202987155351,0.0709338087257416,0,0.9753201707577376,0.995919278433188,mahalanobis
2015-08-21 15:05:12.752964864,0.0275342131459986,0.0709338087257416,0,0.9747978436657682,0.9951549073703082,mahalanobis
2015-09-12 21:37:22.907615744,0.0161198425431539,0.0709338087257416,0,0.9737194958433896,0.9967122383874012,mahalanobis
2015-10-05 21:53:33.587716864,0.0318961036827448,0.0709338087257416,0,0.9758022093634928,0.9972455237358976,mahalanobis
2015-10-26 04:25:22.448119552,0.0126187098407191,0.0709338087257416,0,0.9733262203254202,0.9956075193809828,mahalanobis
2015-11-13 17:02:05.369004800,0.0091945727046334,0.0709338087257416,0,0.9748830995323982,0.996506195164423,mahalanobis
2015-12-02 07:12:01.405064960,0.0152332126081993,0.0709338087257416,0,0.9764169904863996,0.9966623651246994,mahalanobis
2015-12-22 18:55:59.606276864,0.0193695051406155,0.0709338087257416,0,0.9703663793103448,0.9960126635069232,mahalanobis
2016-01-10 08:06:09.746892288,0.013764720825665,0.0709338087257416,0,0.9744776514149696,0.9959212977336231,mahalanobis
2016-01-21 04:39:16.918586112,0.0127944303623399,0.0709338087257416,0,0.9752276379217996,0.99565376818614,mahalanobis
2016-02-02 02:58:14.565866496,0.0155075887716055,0.0709338087257416,0,0.9752,0.9957445729855394,mahalanobis
2016-02-14 18:06:33.121078016,0.0140409426957517,0.0709338087257416,0,0.976401179941003,0.995136070591376,mahalanobis
2016-02-26 21:17:57.877155840,0.0146733757742461,0.0709338087257416,0,0.9751923587158398,0.9963266425151,mahalanobis
2016-03-09 07:50:47.186913280,0.0230444741290081,0.0709338087257416,0,0.9746580852775544,0.9954687573729653,mahalanobis
2016-03-21 19:27:45.574640896,0.0228653261099105,0.0709338087257416,0,0.9757849920170304,0.9966273167605524,mahalanobis
2016-04-04 14:40:47.423562496,0.0311571719593191,0.0709338087257416,0,0.973267060720043,0.9954549086588884,mahalanobis
2016-04-19 00:35:56.588087808,0.0321338031425568,0.0709338087257416,0,0.9734548335974644,0.9953450653822644,mahalanobis
2016-04-29 09:06:52.916020480,0.0302536159330997,0.0709338087257416,0,0.9729874297940626,0.9952464292989204,mahalanobis
2016-05-10 06:38:48.651970048,0.0261533082856049,0.0709338087257416,0,0.9717233985526668,0.9952706076965744,mahalanobis
2016-05-21 10:47:31.657382656,0.0227778390191135,0.0709338087257416,0,0.9773454157782516,0.9959949892631766,mahalanobis
2016-06-01 08:05:10.293080576,0.029778225161061,0.0709338087257416,0,0.9722148009617954,0.9954980218562054,mahalanobis
2016-06-11 14:38:48.016489472,0.0359237750543057,0.0709338087257416,0,0.9751329787234042,0.9958026190877796,mahalanobis
2016-06-22 00:57:55.235603712,0.0344736464742377,0.0709338087257416,0,0.9765974230870366,0.9960748749469592,mahalanobis
2016-07-02 07:25:22.794145280,0.0350869412429285,0.0709338087257416,0,0.972730918326427,0.9956982330518912,mahalanobis
2016-07-13 09:27:46.314788096,0.0365491183923122,0.0709338087257416,0,0.971322849213691,0.9948799666264048,mahalanobis
2016-07-22 03:46:52.547762176,0.0394001475634579,0.0709338087257416,0,0.970741482965932,0.9943637526262904,mahalanobis
2016-07-31 10:31:14.596140800,0.0465013574679999,0.0709338087257416,0,0.9704590818363272,0.995318887980376,mahalanobis
2016-08-09 22:13:06.052518912,0.0399645640645095,0.0709338087257416,0,0.9748763864760124,0.9958252967429676,mahalanobis
2016-08-19 15:46:13.900492800,0.0336830658180793,0.0709338087257416,0,0.9682962568269616,0.995206116487054,mahalanobis
2016-08-29 05:53:12.757607936,0.0472851385884634,0.0709338087257416,0,0.9685049833887044,0.9953991244094098,mahalanobis
2016-09-08 09:39:44.793902336,0.0264914688274702,0.0709338087257416,0,0.974703767807216,0.9964862001306454,mahalanobis
2016-09-18 06:03:33.502058752,0.0326067439180145,0.0709338087257416,0,0.9721078496480277,0.9957278517704528,mahalanobis
2016-09-27 18:24:40.967160576,0.0280709151652359,0.0709338087257416,0,0.9707649179014818,0.9951950672651252,mahalanobis
2016-10-07 13:41:23.872992768,0.0272317611240358,0.0709338087257416,0,0.9700066357000664,0.9951628968859444,mahalanobis
2016-10-17 11:55:33.511858432,0.0369407034311707,0.0709338087257416,0,0.9749430523917996,0.9965663720648624,mahalanobis
2016-10-27 01:29:41.976607488,0.038803521638868,0.0709338087257416,0,0.9677850554738672,0.9948193011232784,mahalanobis
2016-11-05 01:35:03.399676928,0.034034042691187,0.0709338087257416,0,0.9741622930964876,0.9961169449653317,mahalanobis
2016-11-14 19:01:10.739316736,0.0337628018449829,0.0709338087257416,0,0.9724045545880776,0.9951873849013252,mahalanobis
2016-11-25 12:35:37.448248320,0.0411477307906718,0.0709338087257416,0,0.968562674836819,0.9943729423206012,mahalanobis
2016-12-03 15:52:34.117192704,0.0238467725838399,0.0709338087257416,0,0.9703023039019842,0.996177784409808,mahalanobis
2016-12-10 08:59:30.693692160,0.0157896092320143,0.0709338087257416,0,0.975596746232831,0.9957150348138878,mahalanobis
2016-12-17 08:49:39.525993984,0.026100372098802,0.0709338087257416,0,0.9724770642201837,0.9958783696859832,mahalanobis
2016-12-24 06:30:44.857579520,0.0213720650898328,0.0709338087257416,0,0.9751561046897834,0.9964480545386588,mahalanobis
2016-12-30 03:47:24.421860352,0.0142785410548419,0.0709338087257416,0,0.9743284372105332,0.9962206664039944,mahalanobis
2017-01-04 22:16:38.277375232,0.0140458883401888,0.0709338087257416,0,0.975886151008038,0.996317702279957,mahalanobis
2017-01-10 20:56:48.223647488,0.012921461794167,0.0709338087257416,0,0.9739478957915833,0.9955256790360728,mahalanobis
2017-01-17 04:59:38.757997568,0.0165699794779898,0.0709338087257416,0,0.9745683308794004,0.9961872896245488,mahalanobis
2017-01-24 02:28:52.148750848,0.0191795728387371,0.0709338087257416,0,0.9761999206664024,0.9960563049754436,mahalanobis
2017-01-31 17:37:25.901447424,0.0217873613436261,0.0709338087257416,0,0.9717093903572852,0.9956585327842812,mahalanobis
2017-02-08 10:39:14.659304192,0.0261017900226858,0.0709338087257416,0,0.9747387911651898,0.996188022503812,mahalanobis
2017-02-16 13:19:43.407748864,0.0263918308365463,0.0709338087257416,0,0.9743486973947896,0.9962613055846748,mahalanobis
2017-02-25 01:31:15.515959808,0.0193694451525234,0.0709338087257416,0,0.968474977013004,0.9943666800059094,mahalanobis
2017-03-04 23:00:53.579133440,0.0272151219470221,0.0709338087257416,0,0.9748658201335252,0.9957494156392072,mahalanobis
2017-03-12 14:57:13.493110272,0.0240543563920377,0.0709338087257416,0,0.9720401337792642,0.9944768508040088,mahalanobis
2017-03-19 07:30:07.155601920,0.037071250923327,0.0709338087257416,0,0.9744358940915612,0.99639635234845,mahalanobis
2017-03-26 15:48:53.983547904,0.0227908403050463,0.0709338087257416,0,0.9734642430675337,0.9961268857027954,mahalanobis
2017-04-03 09:24:18.020380928,0.0470194794695826,0.0709338087257416,0,0.970960436925536,0.995292120370584,mahalanobis
2017-04-11 11:19:21.909979904,0.0385252060862928,0.0709338087257416,0,0.9703951774949764,0.995716189898255,mahalanobis
2017-04-19 13:38:16.158673664,0.0401132047577742,0.0709338087257416,0,0.9681595983617388,0.9956322506718136,mahalanobis
2017-04-27 04:32:28.451162880,0.046960091144352,0.0709338087257416,0,0.9730232558139534,0.9964345856056284,mahalanobis
2017-05-05 05:58:39.392567040,0.0441492642893773,0.0709338087257416,0,0.9718928999600372,0.9957892869085724,mahalanobis
2017-05-14 04:22:32.892679424,0.0426388630610815,0.0709338087257416,0,0.9721961047683008,0.9960161450779934,mahalanobis
2017-05-21 19:24:48.956270336,0.0487797908141232,0.0709338087257416,0,0.970059093893631,0.9952534884661072,mahalanobis
2017-05-29 21:29:31.905385472,0.0541645899944747,0.0709338087257416,0,0.970867299211546,0.9957772404447194,mahalanobis
2017-06-06 21:26:11.897116160,0.0558249618009365,0.0709338087257416,0,0.9696969696969696,0.9947705264957052,mahalanobis
2017-06-14 20:46:07.987727104,0.0709278685640726,0.0709338087257416,0,0.9715977924350518,0.9959514671553268,mahalanobis
2017-06-22 20:00:49.528886016,0.0522475025520073,0.0709338087257416,0,0.9706871050154632,0.9954542495519124,mahalanobis
2017-07-01 09:36:16.053435904,0.0688859335727254,0.0709338087257416,0,0.9682281059063136,0.9946955789197292,mahalanobis
2017-07-12 14:58:14.009790208,0.0703471512822257,0.0709338087257416,0,0.95874079035499,0.9932898510072632,mahalanobis
2017-07-19 05:59:53.470542080,0.053834087985783,0.0709338087257416,0,0.9781700579436734,0.9969926543554688,mahalanobis
2017-07-24 10:00:41.826860544,0.0516355865281178,0.0709338087257416,0,0.9705215419501134,0.995800313666868,mahalanobis
2017-07-31 22:57:28.080697088,0.0569320451294989,0.0709338087257416,0,0.9682453521509023,0.9948123526042432,mahalanobis
2017-08-07 12:03:09.532411648,0.0530796426493762,0.0709338087257416,0,0.969857433808554,0.99564967393878,mahalanobis
2017-08-14 17:50:42.746228992,0.0515987945668644,0.0709338087257416,0,0.9726694628602354,0.9961236425747798,mahalanobis
2017-08-21 07:36:09.961766656,0.0418002873154938,0.0709338087257416,0,0.973317079777868,0.9954568507284136,mahalanobis
2017-08-28 19:57:39.823730432,0.0485072508295445,0.0709338087257416,0,0.9737515143357114,0.9959691165193416,mahalanobis
2017-09-05 01:55:46.054718208,0.0543641439075287,0.0709338087257416,0,0.9687626774847872,0.9957836560567216,mahalanobis
2017-09-13 14:01:37.723277568,0.0427779796009452,0.0709338087257416,0,0.9726250169399648,0.9964311913372632,mahalanobis
2017-09-22 02:41:11.360974336,0.0399209392908203,0.0709338087257416,0,0.9749016415683084,0.996122140708257,mahalanobis
2017-09-30 17:22:12.757061120,0.0423673861682661,0.0709338087257416,0,0.9742261011864176,0.995511478159087,mahalanobis
2017-10-09 12:10:52.014179840,0.0692473078145682,0.0709338087257416,0,0.9719184555150532,0.9964949181523726,mahalanobis
2017-10-18 05:33:31.071549952,0.0580362335131909,0.0709338087257416,0,0.9697627118644068,0.9962838814190412,mahalanobis
2017-10-26 10:29:49.184672256,0.0481706645530293,0.0709338087257416,0,0.9689147182051628,0.9948879845193208,mahalanobis
2017-11-03 13:32:06.526492928,0.05820454655413,0.0709338087257416,0,0.9691182446160096,0.9957077980938176,mahalanobis
2017-11-12 11:16:33.610533376,0.0391623721602666,0.0709338087257416,0,0.9724425325984676,0.9957261735143615,mahalanobis
2017-11-22 09:22:30.779576064,0.0635089349155261,0.0709338087257416,0,0.9677157908955828,0.995645429134305,mahalanobis
2017-12-02 00:14:20.750861312,0.0422732446775619,0.0709338087257416,0,0.9707673568818516,0.9954670455382516,mahalanobis
2017-12-10 18:38:30.163156736,0.0573441869972348,0.0709338087257416,0,0.9676593451017385,0.9966062113766786,mahalanobis
2017-12-19 10:11:00.917120000,0.0477087240358561,0.0709338087257416,0,0.9671953368578012,0.9954450084977052,mahalanobis
2017-12-29 04:55:25.730855936,0.043518985790153,0.0709338087257416,0,0.9712776046606152,0.9961194834746752,mahalanobis
2018-01-07 05:03:58.074396160,0.0360973369164219,0.0709338087257416,0,0.968060630667208,0.9959592016513176,mahalanobis
2018-01-13 01:15:01.810510336,0.0209010488515531,0.0709338087257416,0,0.9721358041390504,0.9961572174932212,mahalanobis
2018-01-20 09:23:07.746618368,0.0311065813345505,0.0709338087257416,0,0.9742830214083747,0.9965412695809917,mahalanobis
2018-01-28 08:00:23.843254272,0.0411525362215614,0.0709338087257416,0,0.9717659834396634,0.9959328974122644,mahalanobis
2018-02-05 16:11:44.747650816,0.0527494940295884,0.0709338087257416,0,0.9694054776219104,0.9955197725967956,mahalanobis
2018-02-14 04:34:46.924671744,0.0414542393236122,0.0709338087257416,0,0.9728781540952638,0.9967522829056036,mahalanobis
2018-02-22 06:31:20.301297664,0.0421866634299532,0.0709338087257416,0,0.9759491960545872,0.9965246801684146,mahalanobis
2018-03-02 00:39:40.729383424,0.047286683889669,0.0709338087257416,0,0.9679443459282498,0.995520898869246,mahalanobis
2018-03-09 23:00:57.028640000,0.0394842913947868,0.0709338087257416,0,0.970496684260387,0.9955959799397816,mahalanobis
2018-03-18 07:01:04.328294144,0.0664568992906718,0.0709338087257416,0,0.9755080069977125,0.9969361824159156,mahalanobis
2018-03-26 00:14:58.361884672,0.0422465278362489,0.0709338087257416,0,0.9726694628602354,0.9966879703312186,mahalanobis
2018-04-02 21:40:45.219374592,0.0437746863485388,0.0709338087257416,0,0.9690931272875152,0.9959719702861554,mahalanobis
2018-04-10 13:53:58.238752000,0.0556060766429962,0.0709338087257416,0,0.9690498716042708,0.9953859238346554,mahalanobis
2018-04-18 05:52:30.149701888,0.0476167137165805,0.0709338087257416,0,0.9755702523957348,0.997130952215545,mahalanobis
2018-04-26 08:23:35.867226112,0.05664194297539,0.0709338087257416,0,0.9734453326107574,0.9968284343893812,mahalanobis
2018-05-04 09:15:51.821802496,0.068557021370003,0.0709338087257416,0,0.9745751189666894,0.9969512466018596,mahalanobis
2018-05-12 21:50:43.518119424,0.0595498319684952,0.0709338087257416,0,0.9710693524401784,0.9950647520381928,mahalanobis
2018-05-21 12:17:53.595243520,0.0486150765097871,0.0709338087257416,0,0.9689098250336474,0.9958844660502816,mahalanobis
2018-05-29 22:37:11.426733056,0.06318864573286,0.0709338087257416,0,0.9747830802603036,0.9967097961411028,mahalanobis
2018-06-07 00:32:46.876511488,0.0571524391520525,0.0709338087257416,0,0.9691266079891672,0.9961695922638266,mahalanobis
2018-06-14 14:02:17.009661696,0.0429963832164792,0.0709338087257416,0,0.9713517148621386,0.9957839400154544,mahalanobis
2018-06-22 06:59:06.886837248,0.0350283729463549,0.0709338087257416,0,0.9738800920286912,0.9964713986687272,mahalanobis
2018-06-29 16:42:36.076887296,0.0444607622006789,0.0750399633402989,0,0.9756031075371404,0.9955342530814704,mahalanobis
2018-07-07 12:49:43.480511488,0.0568773097454997,0.074896881560676,0,0.971390194761585,0.9961315788142198,mahalanobis
2018-07-15 21:09:54.719060224,0.0590314552013224,0.0757028753232132,0,0.9668613336955044,0.9951747856281422,mahalanobis
2018-07-25 08:17:45.434097408,0.0576109216240529,0.0749510700494163,0,0.970766536440792,0.995847780823082,mahalanobis
2018-08-01 18:41:05.208256000,0.0661850988395628,0.0767641671186288,0,0.9721061851502492,0.9966802754364842,mahalanobis
2018-08-08 13:01:39.231343616,0.0488904650742942,0.076215620392295,0,0.9759739378308674,0.9969737355978576,mahalanobis
2018-08-15 14:51:17.696300544,0.0467414780347723,0.0761948682421425,0,0.9732973701955496,0.996484146345738,mahalanobis
2018-08-23 01:01:27.213691648,0.0415848672121402,0.0762211727438351,0,0.9749220550359224,0.9964475812699356,mahalanobis
2018-08-30 21:06:44.884686336,0.0494259545304839,0.0760357247694847,0,0.9712356515867656,0.996684405061541,mahalanobis
2018-09-08 13:18:56.003451648,0.056126223878264,0.073947701753042,0,0.9731335223437289,0.9966561127661664,mahalanobis
2018-09-17 07:39:59.075442944,0.0558864787636586,0.0731338995769335,0,0.968618963884756,0.9958626966431002,mahalanobis
2018-09-26 03:50:15.335848704,0.0554913703783002,0.0731907288157452,0,0.9749494949494948,0.9971163396488072,mahalanobis
2018-10-05 07:32:21.802231808,0.0511010327963468,0.0731306410649373,0,0.9723389830508474,0.9969995220535788,mahalanobis
2018-10-13 18:44:58.700504832,0.0514043461376705,0.0729452926802588,0,0.9727090301003344,0.9969405078692458,mahalanobis
2018-10-21 16:45:27.440193024,0.048902380602574,0.0727340963199983,0,0.9734477671986054,0.9970424265632728,mahalanobis
2018-10-29 08:42:23.578923776,0.0512786938000665,0.0727491769730477,0,0.9744629104175112,0.9964196933702334,mahalanobis
2018-11-06 04:18:43.090291968,0.044420540674242,0.0723851282826986,0,0.9737379235270104,0.9970263242930292,mahalanobis
2018-11-14 20:25:18.838155776,0.0477415672208568,0.070762794313864,0,0.9744421906693712,0.9967541831948612,mahalanobis
2018-11-23 09:54:35.962477312,0.0539910304691242,0.0706465358853694,0,0.9738811046116176,0.997088312527828,mahalanobis
2018-12-01 08:47:21.810177536,0.0567226940313727,0.0707591323695112,0,0.9736172492299452,0.9974142202403072,mahalanobis
2018-12-09 00:42:57.972538368,0.0368352810028528,0.0714033228226348,0,0.9775326247813804,0.9977793933205324,mahalanobis
2018-12-15 23:21:59.329690368,0.0472337281257079,0.0714093428520468,0,0.973595125253893,0.9968975369044883,mahalanobis
2018-12-23 11:05:31.167271680,0.0508840022662681,0.0711015684883406,0,0.9774072081764388,0.9976090350557466,mahalanobis
2018-12-29 17:00:32.257942272,0.0386021525112379,0.0693508178268749,0,0.975869506605554,0.997331688743848,mahalanobis
2019-01-04 13:52:37.531022848,0.034753776782795,0.0694038335622316,0,0.9787899388171312,0.9972237999905712,mahalanobis
2019-01-10 06:41:21.192833792,0.0357881701703334,0.0699890891682459,0,0.9780131384904144,0.9972199223071782,mahalanobis
2019-01-16 10:38:04.728266752,0.0350146721297217,0.0690423076446281,0,0.9745955341623213,0.9968490101667004,mahalanobis
2019-01-23 06:52:45.774218752,0.0445236288722396,0.0683043743303484,0,0.9759739378308674,0.9972091158355384,mahalanobis
2019-01-30 17:31:41.145020928,0.0461560257199749,0.0682895623572653,0,0.9788474576271188,0.997886025575489,mahalanobis
2019-02-07 08:25:49.291846912,0.0579975076477526,0.0685316073242435,0,0.9762962962962964,0.9977198022717834,mahalanobis
2019-02-16 00:10:19.823346432,0.0599833754837568,0.0695260236971728,0,0.973176978029384,0.9973952665521532,mahalanobis
2019-02-24 03:28:32.059029760,0.0659544015294903,0.0709075049886314,0,0.9751898047722344,0.9972085035308752,mahalanobis
2019-03-03 23:26:39.587647232,0.049562178239087,0.07015786524657,0,0.97664686825054,0.9967304682601446,mahalanobis
2019-03-11 23:36:41.152388864,0.0556282130211094,0.0699490444106136,0,0.9731888964116452,0.9968942057790986,mahalanobis
2019-03-20 03:09:37.201606144,0.0657378737075933,0.0698589558032212,0,0.9746027434469644,0.9975200321623346,mahalanobis
2019-03-28 13:04:36.918506240,0.0545034957054328,0.0701676021228852,0,0.9742274996626636,0.9965933070552636,mahalanobis
2019-04-06 03:31:12.239665920,0.0534185362972342,0.0704107068589883,0,0.979311283517082,0.9977851458885942,mahalanobis
2019-04-14 13:17:12.127801088,0.060774838050502,0.0712387735099222,0,0.9717223650385604,0.9968437129048984,mahalanobis
2019-04-22 20:24:59.649585152,0.0586237623589923,0.0718524342129002,0,0.9778647590767984,0.9974835671350402,mahalanobis
2019-04-30 21:09:58.900908032,0.0527644281323916,0.0716178340229938,0,0.979694057127386,0.997199819880671,mahalanobis
2019-05-08 12:33:29.212087808,0.0586157572753757,0.0718844858844219,0,0.977509822517274,0.9973049492909704,mahalanobis
2019-05-15 23:08:27.200681472,0.0565259479729203,0.0719718696255754,0,0.9787694388100068,0.9975537046252196,mahalanobis
2019-05-23 08:52:22.653012224,0.0524512262554388,0.0720289304469413,0,0.9774598461330812,0.9981649238426784,mahalanobis
2019-05-30 22:52:33.977469440,0.0689323039705748,0.074112062350787,0,0.9748206308379586,0.9970015375734812,mahalanobis
2019-06-07 01:21:35.321539072,0.0831133512543542,0.0792884565013804,1,0.9780234596197924,0.997788728848026,mahalanobis
2019-06-13 23:08:36.748116224,0.0749054447275285,0.0818757161321066,0,0.97457857531267,0.9970495620931236,mahalanobis
2019-06-19 21:51:20.566598400,0.0655068289180705,0.0827642143153344,0,0.9801028695181376,0.9978177458033574,mahalanobis
2019-06-25 13:38:20.489797632,0.0761405854058147,0.0851920568627903,0,0.9761036857027136,0.996620508220997,mahalanobis
2019-07-01 04:13:41.139450112,0.0597663741820124,0.0854534624226286,0,0.9776008635811632,0.9977094708283308,mahalanobis
2019-07-06 15:14:53.627373824,0.0585460126005045,0.0855438608518305,0,0.9786663088689118,0.9972674219848372,mahalanobis
2019-07-12 01:09:43.613655808,0.0552281454894038,0.0849170618001978,0,0.9760260056887444,0.9974870453426832,mahalanobis
2019-07-17 12:14:25.262008832,0.0640736655762602,0.0854119889129241,0,0.9789103690685412,0.9974053153362448,mahalanobis
2019-07-23 01:38:22.589190400,0.0652085926884682,0.0860258374636529,0,0.977675551346232,0.9974583604182452,mahalanobis
2019-07-29 00:02:24.235024128,0.0662586224145825,0.0859409903388578,0,0.9756953821226032,0.9970230760243518,mahalanobis
2019-08-04 14:57:42.356743168,0.0631400718441437,0.0848288199407104,0,0.9786371011357492,0.9972539251207728,mahalanobis
2019-08-11 22:40:47.209317632,0.075019058517625,0.0848212476008403,0,0.9768723947828424,0.997945779605962,mahalanobis
2019-08-19 12:11:12.264657664,0.0653684372708037,0.0829925828324685,0,0.9727457627118644,0.9971253660746942,mahalanobis
2019-08-26 12:18:00.631070464,0.0623749223718659,0.0821810781157244,0,0.9799481653253308,0.9981271990925036,mahalanobis
2019-09-02 23:59:24.102610944,0.0575929190131603,0.0813539431542935,0,0.9741252178576216,0.997159343456792,mahalanobis
2019-09-11 14:18:50.241135616,0.0701749802089204,0.0819905868028561,0,0.9762840493291776,0.9974481492833196,mahalanobis
2019-09-20 07:11:53.724405760,0.0696085594629517,0.0825272059456842,0,0.980169971671388,0.9977836137503694,mahalanobis
2019-09-28 17:43:57.425362688,0.0693403508297183,0.0828092832123186,0,0.9767975178740052,0.9977183395241316,mahalanobis
2019-10-07 05:47:27.246907904,0.068736574980123,0.0825981586616685,0,0.979382832502358,0.9982533910097956,mahalanobis
2019-10-15 03:07:43.260482560,0.068129082997294,0.0827480470097164,0,0.9765908785147316,0.997192047429757,mahalanobis
2019-10-23 04:54:55.352891904,0.0755701564582872,0.0837706227231814,0,0.976855003403676,0.9975726748044748,mahalanobis
2019-10-30 22:03:19.516393216,0.056352976350823,0.0836539163348417,0,0.9801711258997692,0.9983134204416424,mahalanobis
2019-11-07 00:53:40.218806016,0.0506132410682382,0.0839317500094472,0,0.97671617824167,0.9977226633863264,mahalanobis
2019-11-14 13:41:12.079603712,0.0495789813172196,0.0845955376480554,0,0.9788857103936792,0.9976172588855884,mahalanobis
2019-11-21 23:22:56.785410048,0.0454350113182454,0.0856569366117307,0,0.9807196198234894,0.9972779609645056,mahalanobis
2019-11-30 20:34:38.279047936,0.0516264422988957,0.0857394718069999,0,0.979852249832102,0.9982134065311636,mahalanobis
2019-12-08 09:25:22.834821632,0.0503231800988871,0.0861396985214429,0,0.982130861211877,0.9983076824902204,mahalanobis
2019-12-12 18:50:53.435386880,0.0510050249590948,0.0864185890120205,0,0.9800404585300068,0.9980180939102798,mahalanobis
2019-12-16 13:35:06.442365184,0.0498313006679705,0.086605171834766,0,0.9787321063394684,0.9977508763557238,mahalanobis
2019-12-21 06:00:31.676440064,0.0461593443229731,0.0868254982872952,0,0.9770971676378912,0.9977103371302892,mahalanobis
2019-12-26 05:37:55.490231296,0.0459202303377691,0.0846314998977172,0,0.9793149764942914,0.9981033388219184,mahalanobis
2019-12-30 07:47:43.296733696,0.0436045135800965,0.0838998984791857,0,0.983533540288838,0.9986466202721646,mahalanobis
2020-01-03 16:51:19.239594752,0.0533817840404199,0.0835196991082739,0,0.98168001085629,0.997904064422759,mahalanobis
2020-01-08 01:33:12.531953920,0.0453403195479191,0.0820123607889008,0,0.9805062948422903,0.9980880950380392,mahalanobis
2020-01-12 15:12:23.531623168,0.049911173141018,0.0819816968188036,0,0.9818845477896444,0.9983810152898812,mahalanobis
2020-01-17 15:46:46.688024064,0.0475535331901255,0.0820792337165808,0,0.9809742274996628,0.997574729830632,mahalanobis
2020-01-23 21:51:56.381055744,0.0464592388360127,0.0822892406668943,0,0.9790455590104096,0.997821978792643,mahalanobis
2020-01-30 19:11:52.586894080,0.0492293591262885,0.0818637611232036,0,0.982368099823681,0.9984064247903502,mahalanobis
2020-02-06 07:08:13.361990656,0.0518791463665208,0.0812174056466829,0,0.980466118819884,0.9984713729849916,mahalanobis
2020-02-13 01:08:20.600041216,0.0596414117908066,0.0806289067823089,0,0.980594381869996,0.9985777946335452,mahalanobis
2020-02-20 04:43:36.799451136,0.0458757439445109,0.0802743108408225,0,0.982296064278905,0.997757319264885,mahalanobis
2020-02-27 11:09:41.174667776,0.0500011426472396,0.0778598748894033,0,0.980522115514676,0.9980716062436624,mahalanobis
2020-03-06 10:01:34.221097216,0.0459984562471526,0.077016798679692,0,0.9771951386043972,0.9981527258877304,mahalanobis
2020-03-15 17:50:55.387179520,0.0554207223843606,0.0764793755939426,0,0.976470588235294,0.9979705325287408,mahalanobis
2020-03-31 12:24:21.388140032,0.080455853493194,0.0801546488849023,1,0.97648330855521,0.9979869100302784,mahalanobis
2020-04-19 19:09:54.220436480,0.0889178479493661,0.0842985936326869,1,0.9787688609961276,0.9987764275734796,mahalanobis
2020-05-06 13:02:34.439251200,0.0913325427398198,0.0886631458285237,1,0.9803602871461464,0.9982450183591168,mahalanobis
2020-05-20 22:14:33.564038144,0.1025449412494992,0.095489091584171,1,0.9797966101694916,0.9979939286721116,mahalanobis
2020-06-02 19:01:00.673675008,0.0744006900212289,0.0961147811395616,0,0.980089394555059,0.9982406728621536,mahalanobis
2020-06-14 12:55:11.777557504,0.0874876079882588,0.0987979648521638,0,0.980803028254698,0.998587369584675,mahalanobis
2020-06-25 18:31:03.157110528,0.0863337378506696,0.1003883002834073,0,0.9820585457979226,0.9985096238742716,mahalanobis
2020-07-06 01:42:44.718910208,0.0810924261408896,0.1024104354369073,0,0.9817838348401026,0.9987254640535896,mahalanobis
2020-07-14 20:10:16.472787968,0.0855299345494543,0.1049420354550832,0,0.9784582034954612,0.9984417456364816,mahalanobis
2020-07-23 10:45:36.111246080,0.0605850540337956,0.1050242695626742,0,0.9826356171759322,0.9985062115287798,mahalanobis
2020-08-01 00:21:53.413779712,0.0656469704459383,0.1051645544240247,0,0.980169971671388,0.998430781905718,mahalanobis
2020-08-09 22:33:36.310064640,0.0708785727673317,0.1057587379513788,0,0.985581458024525,0.9986509526896749,mahalanobis
2020-08-19 11:40:47.998887680,0.0758601483342431,0.106679927110813,0,0.9791525653174497,0.9983216062683318,mahalanobis
2020-08-29 07:17:24.744298240,0.0732094746090578,0.1072923932131229,0,0.9801333514763914,0.9986544613580158,mahalanobis
2020-09-08 13:07:14.854673152,0.0630367734119327,0.1072588266631252,0,0.983358138276282,0.9986346322368932,mahalanobis
2020-09-18 15:46:03.256505856,0.0712486675425285,0.1073819364758974,0,0.982255679526818,0.9981268025393812,mahalanobis
2020-09-28 20:35:51.413286912,0.0768448797180126,0.1077866766898281,0,0.9847028563692974,0.9985904821521646,mahalanobis
2020-10-08 21:31:41.572937984,0.0800105757639911,0.1081218935204263,0,0.9835068270920644,0.9983260266776848,mahalanobis
2020-10-18 16:03:22.807606528,0.0632198427810053,0.1079931252752641,0,0.9822832023444784,0.9985796984753094,mahalanobis
2020-10-26 21:41:59.190437632,0.0838642485667334,0.1085625448636237,0,0.9807407407407408,0.9984083038512688,mahalanobis
2020-11-04 17:58:27.908431360,0.0779193383072048,0.1087002446372658,0,0.982989064398542,0.9984378479677632,mahalanobis
2020-11-13 22:28:31.770108160,0.0692711049560218,0.108040659213029,0,0.9806521445000675,0.9983999238269854,mahalanobis
2020-11-23 10:16:15.536645632,0.0724912014790422,0.1072201256748717,0,0.9801001759848382,0.9983419121326316,mahalanobis
2020-12-03 15:59:54.972755200,0.0757037283533525,0.1066407867581725,0,0.9831149533972714,0.998675437306011,mahalanobis
2020-12-12 11:15:47.909172736,0.0809034501194051,0.1064801509726049,0,0.9847069968872648,0.9990173950610582,mahalanobis
2020-12-20 03:07:40.230582528,0.0732704969720342,0.1063352311964542,0,0.9819349658771578,0.9985848715980462,mahalanobis
2020-12-27 19:23:19.554768128,0.0544770182261691,0.105300926947022,0,0.987362413371382,0.9992794062063745,mahalanobis
2021-01-03 06:23:17.718913792,0.0617760268189697,0.1042330697463143,0,0.9834521727431724,0.99872027790213,mahalanobis
2021-01-10 11:48:21.955332096,0.0628034846352636,0.1023265331037507,0,0.986776413439482,0.99910815438574,mahalanobis
2021-01-18 01:57:13.053986560,0.072456716267862,0.1014013965584432,0,0.9848263010781312,0.998797277724573,mahalanobis
2021-01-25 23:09:30.944615936,0.06066916517649,0.1014564236622577,0,0.9817592217267936,0.998323050846558,mahalanobis
2021-02-03 12:33:21.853117696,0.0777878952615667,0.1003137248290786,0,0.9845865165527408,0.9986461544188432,mahalanobis
2021-02-12 09:54:04.417721344,0.0770639567070712,0.0986616589864538,0,0.9825779229617532,0.998757891999708,mahalanobis
2021-02-20 16:35:42.963620352,0.0806642209285582,0.0943482982078921,0,0.982966067324591,0.9985863802728536,mahalanobis
2021-02-28 05:00:00.566801408,0.0792546302381003,0.0946783464421181,0,0.9820585457979226,0.99865716930198,mahalanobis
2021-03-07 21:11:20.962432768,0.0845140515203255,0.0942074325461651,0,0.983461073013312,0.999011677835454,mahalanobis
2021-03-15 20:44:33.816502528,0.0897728744947179,0.0948199787741595,0,0.9851210604625996,0.9990411326854578,mahalanobis
2021-03-23 10:38:54.493573120,0.1042227727099323,0.099483236055985,1,0.9797761898341648,0.998720500733767,mahalanobis
2021-03-31 06:58:45.219431936,0.1067719134311929,0.1037256692499249,1,0.9842466675642924,0.9990547629519408,mahalanobis
2021-04-08 13:38:17.877173504,0.1158273478294298,0.1101535844082636,1,0.9812881355932204,0.9983652303142312,mahalanobis
2021-04-16 05:42:19.725994240,0.114301315174772,0.1153570936927865,0,0.9821597513177456,0.9988658938950524,mahalanobis
2021-04-23 19:16:04.996834304,0.1170777974335047,0.1205802747907253,0,0.9844489519945908,0.9991844221743872,mahalanobis
2021-05-01 18:30:03.026884352,0.1319779710785597,0.1286203391402489,1,0.9856817877693028,0.9992198973780494,mahalanobis
2021-05-10 01:02:27.782891008,0.1325211818641518,0.1356334056199902,0,0.9814291481631006,0.9987078284062388,mahalanobis
2021-05-19 04:00:54.178891776,0.1287892103905975,0.1406743043516659,0,0.9838512688288776,0.9988911648996066,mahalanobis
2021-05-28 06:59:56.814934272,0.1340239970886505,0.1463904513182657,0,0.9836375929682216,0.9986718477503638,mahalanobis
2021-06-06 08:10:03.114930688,0.1429041248513694,0.153297750131526,0,0.9856698661619576,0.9988180313288908,mahalanobis
2021-06-15 02:51:55.451059200,0.1325977451582797,0.1576401298891601,0,0.9836198727494246,0.9989317270543058,mahalanobis
2021-06-24 11:51:15.571951104,0.1337016271993343,0.1611689654113856,0,0.9836905243294244,0.998774483764801,mahalanobis
2021-07-03 00:41:20.139074560,0.1442688959466315,0.1666226994490488,0,0.9860904794058069,0.9990300582352372,mahalanobis
2021-07-11 03:42:50.439658240,0.1480423166698037,0.1721079266216058,0,0.9858280469699016,0.9991130667709556,mahalanobis
2021-07-19 19:34:35.039692288,0.146319204223603,0.1763717231564966,0,0.9818845477896444,0.9987777719953944,mahalanobis
2021-07-29 01:51:02.608172544,0.1600627915716868,0.1825199913639447,0,0.9821549276733812,0.9990594832895136,mahalanobis
2021-08-07 10:51:27.352369408,0.1556447001566924,0.1873212619619547,0,0.9834216605517054,0.9991277648510354,mahalanobis
2021-08-17 12:38:25.298760960,0.1622824908509219,0.1928123324317152,0,0.9831955549532456,0.9989466507167266,mahalanobis
2021-08-28 02:15:10.444094976,0.1593665897257945,0.1968276919440577,0,0.9830531271015468,0.9989072023665696,mahalanobis
2021-09-08 08:23:55.827413248,0.1513334698111303,0.1973585612445046,0,0.9854073773814348,0.9992764860304276,mahalanobis
2021-09-20 02:09:24.517992448,0.1831902808843245,0.2028879631541818,0,0.9833674164962508,0.998948198652258,mahalanobis
2021-10-02 09:07:14.140529664,0.1722031452769129,0.2054334570052853,0,0.9829094334544476,0.999314443202496,mahalanobis
2021-10-14 09:53:58.433844224,0.1729785741765148,0.2082010844575959,0,0.9858829917198316,0.9993252146922252,mahalanobis
2021-10-26 06:50:48.638631424,0.1910842542148341,0.211553067125962,0,0.9847654683950288,0.999173959024674,mahalanobis
2021-11-07 02:07:38.964423168,0.1739257320841038,0.2130575665928135,0,0.9858509634820104,0.9991854951229406,mahalanobis
2021-11-20 03:43:54.708039424,0.3202123570775945,0.2533700289668812,1,0.7079028579095666,0.6543381694877807,mahalanobis
2021-12-04 16:27:34.629209856,0.3241435708171876,0.2846577559244467,1,0.692888948859803,0.6129756944534697,mahalanobis
2021-12-16 15:25:29.038531328,0.3206939695090968,0.308795875526544,1,0.7032074705643524,0.6299999447588833,mahalanobis
2021-12-28 07:33:53.691827456,0.3168647669093865,0.3284147184216628,0,0.7241004752206381,0.6089595442639874,mahalanobis
2022-01-07 23:29:55.343080448,0.3218662057447879,0.3464709600494469,0,0.7182964871829649,0.6022975152928747,mahalanobis
2022-01-19 00:01:43.121507840,0.3241210969950298,0.3632450229251313,0,0.7134336451131896,0.614395176029269,mahalanobis
2022-02-01 02:08:39.386309376,0.3377565300950899,0.3805086735035772,0,0.6860140788949396,0.6020920195011361,mahalanobis
2022-02-15 21:24:12.288849152,0.339990285587011,0.3963734209611865,0,0.6871864406779661,0.5928130371760321,mahalanobis
2022-03-03 18:56:24.278607872,0.3340289061057847,0.4091263746505003,0,0.6862612916273426,0.6044672765502397,mahalanobis
2022-03-20 01:26:42.440673792,0.3400695118635374,0.4212699071083504,0,0.7012599918710202,0.6070035843832118,mahalanobis
2022-04-05 13:17:19.308122880,0.3424941755510758,0.4329329278892969,0,0.700282752120641,0.5969200415761987,mahalanobis
2022-04-22 15:56:24.990583552,0.34626512082315,0.4436740209988178,0,0.6924438393464942,0.5952509771742679,mahalanobis
2022-05-10 01:49:57.067557120,0.3483298099965216,0.4529789276373357,0,0.6865852020948032,0.5867689699991769,mahalanobis
2022-05-26 23:41:19.694324992,0.3474741657952075,0.4610003462476187,0,0.692601171821774,0.5862204836690921,mahalanobis
2022-06-13 19:31:30.953625856,0.3478903688089239,0.4682524769535232,0,0.7063870352716873,0.5999926459072181,mahalanobis
2022-07-01 05:13:34.188655360,0.3465627506104916,0.4732368935296465,0,0.7135282121006118,0.6122314093367258,mahalanobis
2022-07-19 07:43:38.707995136,0.3582603883518497,0.4782495872716201,0,0.7150632739148184,0.5904891588394284,mahalanobis
2022-08-03 21:19:20.825760512,0.3498142524675231,0.4815912339363435,0,0.7179001488296577,0.5890484316325203,mahalanobis
2022-08-20 21:57:39.515699200,0.353951642996171,0.4842860176764386,0,0.7087875117749967,0.5876377806366361,mahalanobis
2022-09-08 12:21:15.658391552,0.355697863613663,0.4854635700283902,0,0.7056106507268034,0.5979556096174928,mahalanobis
2022-09-29 05:47:21.496285952,0.3509126743375874,0.4859485745455698,0,0.7102526002971769,0.5868182809386289,mahalanobis
2022-10-17 10:02:33.443390208,0.3705841836833686,0.4864807679340199,0,0.7228915662650602,0.5734394626800947,mahalanobis
2022-11-03 19:29:27.377822464,0.3632675338698042,0.4851059978145203,0,0.7336480107889414,0.5803756586775455,mahalanobis
2022-11-22 04:43:40.296791552,0.3590691387132107,0.4809133199669873,0,0.7608194274860941,0.5684594943910825,mahalanobis
2022-12-12 18:26:22.581661952,0.3499298126529937,0.4720462790680784,0,0.7535525781567195,0.5736545178875823,mahalanobis
2023-01-01 16:50:34.107695360,0.3510791933853914,0.4657750299153459,0,0.7775238607339696,0.5725183312382702,mahalanobis
2023-01-21 22:36:39.085148160,0.3427800857551163,0.4541166919318133,0,0.763359806165029,0.5718948551000891,mahalanobis
2023-02-19 18:52:46.886860032,0.3388433830109511,0.4378109253981429,0,0.7478603450618122,0.5715764019509713,mahalanobis
2023-03-20 16:48:23.729529344,0.3403944764435888,0.4199846478282168,0,0.7495614626905951,0.5793050523471636,mahalanobis
2023-05-24 23:45:22.533269760,0.3251557368241006,0.3763589741666904,0,0.7254461335095836,0.5739864479921157,mahalanobis
2015-01-11 08:09:48.506820096,0.0,0.1016217160965447,0,0.9820807702594276,0.9973916716569126,kl_histogram
2015-02-05 05:45:21.200667648,0.0160837333121832,0.1016217160965447,0,0.9755674232309748,0.9963946645121632,kl_histogram
2015-02-28 16:39:17.016885504,0.0568109997821465,0.1016217160965447,0,0.9777539533637096,0.9957381803589668,kl_histogram
2015-03-24 08:51:32.283909632,0.0692266737748844,0.1016217160965447,0,0.9722074468085108,0.99592193589534,kl_histogram
2015-04-19 23:55:22.089075712,0.0734623344322719,0.1016217160965447,0,0.9747596153846154,0.995621762789683,kl_histogram
2015-05-16 05:23:02.882852864,0.1662677991070482,0.1016217160965447,0,0.9747910488002156,0.9951544258628652,kl_histogram
2015-06-11 17:01:20.739780864,0.1141728554388842,0.1016217160965447,0,0.9754207854662036,0.9959718922349832,kl_histogram
2015-07-07 02:48:50.688933888,0.0846991828721337,0.1016217160965447,0,0.9734143049932524,0.9954411281334216,kl_histogram
2015-07-30 15:34:58.859391744,0.0728186107064851,0.1016217160965447,0,0.9753201707577376,0.995919278433188,kl_histogram
2015-08-21 15:05:12.752964864,0.0843342975588326,0.1016217160965447,0,0.9747978436657682,0.9951549073703082,kl_histogram
2015-09-12 21:37:22.907615744,0.0770148919242184,0.1016217160965447,0,0.9737194958433896,0.9967122383874012,kl_histogram
2015-10-05 21:53:33.587716864,0.0970757334438534,0.1016217160965447,0,0.9758022093634928,0.9972455237358976,kl_histogram
2015-10-26 04:25:22.448119552,0.0851401569840056,0.1016217160965447,0,0.9733262203254202,0.9956075193809828,kl_histogram
2015-11-13 17:02:05.369004800,0.0750544287530186,0.1016217160965447,0,0.9748830995323982,0.996506195164423,kl_histogram
2015-12-02 07:12:01.405064960,0.0809002697473281,0.1016217160965447,0,0.9764169904863996,0.9966623651246994,kl_histogram
2015-12-22 18:55:59.606276864,0.0756714792675013,0.1016217160965447,0,0.9703663793103448,0.9960126635069232,kl_histogram
2016-01-10 08:06:09.746892288,0.0696246274217914,0.1016217160965447,0,0.9744776514149696,0.9959212977336231,kl_histogram
2016-01-21 04:39:16.918586112,0.0652166429847548,0.1016217160965447,0,0.9752276379217996,0.99565376818614,kl_histogram
2016-02-02 02:58:14.565866496,0.0605442290313709,0.1016217160965447,0,0.9752,0.9957445729855394,kl_histogram
2016-02-14 18:06:33.121078016,0.056553612227692,0.1016217160965447,0,0.976401179941003,0.995136070591376,kl_histogram
2016-02-26 21:17:57.877155840,0.0537920089184165,0.1016217160965447,0,0.9751923587158398,0.9963266425151,kl_histogram
2016-03-09 07:50:47.186913280,0.0504352519470726,0.1016217160965447,0,0.9746580852775544,0.9954687573729653,kl_histogram
2016-03-21 19:27:45.574640896,0.0627891002169503,0.1016217160965447,0,0.9757849920170304,0.9966273167605524,kl_histogram
2016-04-04 14:40:47.423562496,0.0544873400216655,0.1016217160965447,0,0.973267060720043,0.9954549086588884,kl_histogram
2016-04-19 00:35:56.588087808,0.0567510966432985,0.1016217160965447,0,0.9734548335974644,0.9953450653822644,kl_histogram
2016-04-29 09:06:52.916020480,0.0532683486826478,0.1016217160965447,0,0.9729874297940626,0.9952464292989204,kl_histogram
2016-05-10 06:38:48.651970048,0.0603413705319863,0.1016217160965447,0,0.9717233985526668,0.9952706076965744,kl_histogram
2016-05-21 10:47:31.657382656,0.0714068386411565,0.1016217160965447,0,0.9773454157782516,0.9959949892631766,kl_histogram
2016-06-01 08:05:10.293080576,0.0614867390292809,0.1016217160965447,0,0.9722148009617954,0.9954980218562054,kl_histogram
2016-06-11 14:38:48.016489472,0.0646259426312075,0.1016217160965447,0,0.9751329787234042,0.9958026190877796,kl_histogram
2016-06-22 00:57:55.235603712,0.0643411619071596,0.1016217160965447,0,0.9765974230870366,0.9960748749469592,kl_histogram
2016-07-02 07:25:22.794145280,0.0554775105790886,0.1016217160965447,0,0.972730918326427,0.9956982330518912,kl_histogram
2016-07-13 09:27:46.314788096,0.0608825708114466,0.1016217160965447,0,0.971322849213691,0.9948799666264048,kl_histogram
2016-07-22 03:46:52.547762176,0.0584283409010811,0.1016217160965447,0,0.970741482965932,0.9943637526262904,kl_histogram
2016-07-31 10:31:14.596140800,0.0562117248465548,0.1016217160965447,0,0.9704590818363272,0.995318887980376,kl_histogram
2016-08-09 22:13:06.052518912,0.0614111119802505,0.1016217160965447,0,0.9748763864760124,0.9958252967429676,kl_histogram
2016-08-19 15:46:13.900492800,0.053903287079515,0.1016217160965447,0,0.9682962568269616,0.995206116487054,kl_histogram
2016-08-29 05:53:12.757607936,0.0521867238561126,0.1016217160965447,0,0.9685049833887044,0.9953991244094098,kl_histogram
2016-09-08 09:39:44.793902336,0.0558433820069483,0.1016217160965447,0,0.974703767807216,0.9964862001306454,kl_histogram
2016-09-18 06:03:33.502058752,0.0573019192001493,0.1016217160965447,0,0.9721078496480277,0.9957278517704528,kl_histogram
2016-09-27 18:24:40.967160576,0.0491711025170173,0.1016217160965447,0,0.9707649179014818,0.9951950672651252,kl_histogram
2016-10-07 13:41:23.872992768,0.0565759918290044,0.1016217160965447,0,0.9700066357000664,0.9951628968859444,kl_histogram
2016-10-17 11:55:33.511858432,0.0506018048356527,0.1016217160965447,0,0.9749430523917996,0.9965663720648624,kl_histogram
2016-10-27 01:29:41.976607488,0.0518568786075989,0.1016217160965447,0,0.9677850554738672,0.9948193011232784,kl_histogram
2016-11-05 01:35:03.399676928,0.0526682879024098,0.1016217160965447,0,0.9741622930964876,0.9961169449653317,kl_histogram
2016-11-14 19:01:10.739316736,0.0525217016975448,0.1016217160965447,0,0.9724045545880776,0.9951873849013252,kl_histogram
2016-11-25 12:35:37.448248320,0.0489546263829135,0.1016217160965447,0,0.968562674836819,0.9943729423206012,kl_histogram
2016-12-03 15:52:34.117192704,0.0532696434323617,0.1016217160965447,0,0.9703023039019842,0.996177784409808,kl_histogram
2016-12-10 08:59:30.693692160,0.0555464640524113,0.1016217160965447,0,0.975596746232831,0.9957150348138878,kl_histogram
2016-12-17 08:49:39.525993984,0.0534673003829215,0.1016217160965447,0,0.9724770642201837,0.9958783696859832,kl_histogram
2016-12-24 06:30:44.857579520,0.0520209548966044,0.1016217160965447,0,0.9751561046897834,0.9964480545386588,kl_histogram
2016-12-30 03:47:24.421860352,0.0601514680069222,0.1016217160965447,0,0.9743284372105332,0.9962206664039944,kl_histogram
2017-01-04 22:16:38.277375232,0.0543717183302129,0.1016217160965447,0,0.975886151008038,0.996317702279957,kl_histogram
2017-01-10 20:56:48.223647488,0.0483034767482907,0.1016217160965447,0,0.9739478957915833,0.9955256790360728,kl_histogram
2017-01-17 04:59:38.757997568,0.0516979675792536,0.1016217160965447,0,0.9745683308794004,0.9961872896245488,kl_histogram
2017-01-24 02:28:52.148750848,0.0466709344164546,0.1016217160965447,0,0.9761999206664024,0.9960563049754436,kl_histogram
2017-01-31 17:37:25.901447424,0.0523392790323756,0.1016217160965447,0,0.9717093903572852,0.9956585327842812,kl_histogram
2017-02-08 10:39:14.659304192,0.049188948478426,0.1016217160965447,0,0.9747387911651898,0.996188022503812,kl_histogram
2017-02-16 13:19:43.407748864,0.0440862285971881,0.1016217160965447,0,0.9743486973947896,0.9962613055846748,kl_histogram
2017-02-25 01:31:15.515959808,0.0558620458959771,0.1016217160965447,0,0.968474977013004,0.9943666800059094,kl_histogram
2017-03-04 23:00:53.579133440,0.0467694244574862,0.1016217160965447,0,0.9748658201335252,0.9957494156392072,kl_histogram
2017-03-12 14:57:13.493110272,0.0490051327826222,0.1016217160965447,0,0.9720401337792642,0.9944768508040088,kl_histogram
2017-03-19 07:30:07.155601920,0.0470367158502874,0.1016217160965447,0,0.9744358940915612,0.99639635234845,kl_histogram
2017-03-26 15:48:53.983547904,0.045976792065812,0.1016217160965447,0,0.9734642430675337,0.9961268857027954,kl_histogram
2017-04-03 09:24:18.020380928,0.0394206242630664,0.1016217160965447,0,0.970960436925536,0.995292120370584,kl_histogram
2017-04-11 11:19:21.909979904,0.0472529887531874,0.1016217160965447,0,0.9703951774949764,0.995716189898255,kl_histogram
2017-04-19 13:38:16.158673664,0.0476731132710578,0.1016217160965447,0,0.9681595983617388,0.9956322506718136,kl_histogram
2017-04-27 04:32:28.451162880,0.0405223607740655,0.1016217160965447,0,0.9730232558139534,0.9964345856056284,kl_histogram
2017-05-05 05:58:39.392567040,0.0386995617995665,0.1016217160965447,0,0.9718928999600372,0.9957892869085724,kl_histogram
2017-05-14 04:22:32.892679424,0.0487586512580093,0.1016217160965447,0,0.9721961047683008,0.9960161450779934,kl_histogram
2017-05-21 19:24:48.956270336,0.0497246102814363,0.1016217160965447,0,0.970059093893631,0.9952534884661072,kl_histogram
2017-05-29 21:29:31.905385472,0.0455008699121622,0.1016217160965447,0,0.970867299211546,0.9957772404447194,kl_histogram
2017-06-06 21:26:11.897116160,0.0512100779855272,0.1016217160965447,0,0.9696969696969696,0.9947705264957052,kl_histogram
2017-06-14 20:46:07.987727104,0.0575888384288941,0.1016217160965447,0,0.9715977924350518,0.9959514671553268,kl_histogram
2017-06-22 20:00:49.528886016,0.058472896545506,0.1016217160965447,0,0.9706871050154632,0.9954542495519124,kl_histogram
2017-07-01 09:36:16.053435904,0.0551892419310317,0.1016217160965447,0,0.9682281059063136,0.9946955789197292,kl_histogram
2017-07-12 14:58:14.009790208,0.0490156121508436,0.1016217160965447,0,0.95874079035499,0.9932898510072632,kl_histogram
2017-07-19 05:59:53.470542080,0.0613899252082666,0.1016217160965447,0,0.9781700579436734,0.9969926543554688,kl_histogram
2017-07-24 10:00:41.826860544,0.053096912560113,0.1016217160965447,0,0.9705215419501134,0.995800313666868,kl_histogram
2017-07-31 22:57:28.080697088,0.0532293440150596,0.1016217160965447,0,0.9682453521509023,0.9948123526042432,kl_histogram
2017-08-07 12:03:09.532411648,0.0542884407483504,0.1016217160965447,0,0.969857433808554,0.99564967393878,kl_histogram
2017-08-14 17:50:42.746228992,0.0469827878220179,0.1016217160965447,0,0.9726694628602354,0.9961236425747798,kl_histogram
2017-08-21 07:36:09.961766656,0.0468498383806209,0.1016217160965447,0,0.973317079777868,0.9954568507284136,kl_histogram
2017-08-28 19:57:39.823730432,0.0523113960603723,0.1016217160965447,0,0.9737515143357114,0.9959691165193416,kl_histogram
2017-09-05 01:55:46.054718208,0.0545135781014051,0.1016217160965447,0,0.9687626774847872,0.9957836560567216,kl_histogram
2017-09-13 14:01:37.723277568,0.0515497778112683,0.1016217160965447,0,0.9726250169399648,0.9964311913372632,kl_histogram
2017-09-22 02:41:11.360974336,0.0509907512334797,0.1016217160965447,0,0.9749016415683084,0.996122140708257,kl_histogram
2017-09-30 17:22:12.757061120,0.0505574196578475,0.1016217160965447,0,0.9742261011864176,0.995511478159087,kl_histogram
2017-10-09 12:10:52.014179840,0.0528664449273566,0.1016217160965447,0,0.9719184555150532,0.9964949181523726,kl_histogram
2017-10-18 05:33:31.071549952,0.0534076361717472,0.1016217160965447,0,0.9697627118644068,0.9962838814190412,kl_histogram
2017-10-26 10:29:49.184672256,0.0468303425210857,0.1016217160965447,0,0.9689147182051628,0.9948879845193208,kl_histogram
2017-11-03 13:32:06.526492928,0.0505234849609155,0.1016217160965447,0,0.9691182446160096,0.9957077980938176,kl_histogram
2017-11-12 11:16:33.610533376,0.0549552757826434,0.1016217160965447,0,0.9724425325984676,0.9957261735143615,kl_histogram
2017-11-22 09:22:30.779576064,0.0495989085528966,0.1016217160965447,0,0.9677157908955828,0.995645429134305,kl_histogram
2017-12-02 00:14:20.750861312,0.0574323714305234,0.1016217160965447,0,0.9707673568818516,0.9954670455382516,kl_histogram
2017-12-10 18:38:30.163156736,0.0583373911326281,0.1016217160965447,0,0.9676593451017385,0.9966062113766786,kl_histogram
2017-12-19 10:11:00.917120000,0.0593353715654134,0.1016217160965447,0,0.9671953368578012,0.9954450084977052,kl_histogram
2017-12-29 04:55:25.730855936,0.0567573729690236,0.1016217160965447,0,0.9712776046606152,0.9961194834746752,kl_histogram
2018-01-07 05:03:58.074396160,0.061831373524508,0.1016217160965447,0,0.968060630667208,0.9959592016513176,kl_histogram
2018-01-13 01:15:01.810510336,0.0669375418587396,0.1016217160965447,0,0.9721358041390504,0.9961572174932212,kl_histogram
2018-01-20 09:23:07.746618368,0.0644503447740069,0.1016217160965447,0,0.9742830214083747,0.9965412695809917,kl_histogram
2018-01-28 08:00:23.843254272,0.0593383949465308,0.1016217160965447,0,0.9717659834396634,0.9959328974122644,kl_histogram
2018-02-05 16:11:44.747650816,0.057895807001221,0.1016217160965447,0,0.9694054776219104,0.9955197725967956,kl_histogram
2018-02-14 04:34:46.924671744,0.0581134002606757,0.1016217160965447,0,0.9728781540952638,0.9967522829056036,kl_histogram
2018-02-22 06:31:20.301297664,0.0537339601959986,0.1016217160965447,0,0.9759491960545872,0.9965246801684146,kl_histogram
2018-03-02 00:39:40.729383424,0.0579563096798698,0.1016217160965447,0,0.9679443459282498,0.995520898869246,kl_histogram
2018-03-09 23:00:57.028640000,0.0566629358143468,0.1016217160965447,0,0.970496684260387,0.9955959799397816,kl_histogram
2018-03-18 07:01:04.328294144,0.0517053373834485,0.1016217160965447,0,0.9755080069977125,0.9969361824159156,kl_histogram
2018-03-26 00:14:58.361884672,0.0557462757998089,0.1016217160965447,0,0.9726694628602354,0.9966879703312186,kl_histogram
2018-04-02 21:40:45.219374592,0.0600578364462113,0.1016217160965447,0,0.9690931272875152,0.9959719702861554,kl_histogram
2018-04-10 13:53:58.238752000,0.053763779074972,0.1016217160965447,0,0.9690498716042708,0.9953859238346554,kl_histogram
2018-04-18 05:52:30.149701888,0.0568438794055783,0.1016217160965447,0,0.9755702523957348,0.997130952215545,kl_histogram
2018-04-26 08:23:35.867226112,0.0530742321796038,0.1016217160965447,0,0.9734453326107574,0.9968284343893812,kl_histogram
2018-05-04 09:15:51.821802496,0.0586195734196022,0.1016217160965447,0,0.9745751189666894,0.9969512466018596,kl_histogram
2018-05-12 21:50:43.518119424,0.0511772972709627,0.1016217160965447,0,0.9710693524401784,0.9950647520381928,kl_histogram
2018-05-21 12:17:53.595243520,0.0562173062697125,0.1016217160965447,0,0.9689098250336474,0.9958844660502816,kl_histogram
2018-05-29 22:37:11.426733056,0.0597107861184926,0.1016217160965447,0,0.9747830802603036,0.9967097961411028,kl_histogram
2018-06-07 00:32:46.876511488,0.0545521155755757,0.1016217160965447,0,0.9691266079891672,0.9961695922638266,kl_histogram
2018-06-14 14:02:17.009661696,0.0544025593681335,0.1016217160965447,0,0.9713517148621386,0.9957839400154544,kl_histogram
2018-06-22 06:59:06.886837248,0.0575262183699933,0.1016217160965447,0,0.9738800920286912,0.9964713986687272,kl_histogram
2018-06-29 16:42:36.076887296,0.0633296381573357,0.0668897878930431,0,0.9756031075371404,0.9955342530814704,kl_histogram
2018-07-07 12:49:43.480511488,0.0569244919352474,0.0666322490856622,0,0.971390194761585,0.9961315788142198,kl_histogram
2018-07-15 21:09:54.719060224,0.0546180591591631,0.0666392330488716,0,0.9668613336955044,0.9951747856281422,kl_histogram
2018-07-25 08:17:45.434097408,0.0630662899853344,0.0667503336273838,0,0.970766536440792,0.995847780823082,kl_histogram
2018-08-01 18:41:05.208256000,0.057898865443491,0.0667657467964186,0,0.9721061851502492,0.9966802754364842,kl_histogram
2018-08-08 13:01:39.231343616,0.0626888671825973,0.0671817719398355,0,0.9759739378308674,0.9969737355978576,kl_histogram
2018-08-15 14:51:17.696300544,0.0624525737166367,0.0674924988621044,0,0.9732973701955496,0.996484146345738,kl_histogram
2018-08-23 01:01:27.213691648,0.0652338286651703,0.0683000156754414,0,0.9749220550359224,0.9964475812699356,kl_histogram
2018-08-30 21:06:44.884686336,0.0614571611042266,0.0682609627442218,0,0.9712356515867656,0.996684405061541,kl_histogram
2018-09-08 13:18:56.003451648,0.06555871907896,0.0679818876016771,0,0.9731335223437289,0.9966561127661664,kl_histogram
2018-09-17 07:39:59.075442944,0.0602554200028307,0.0674550959137174,0,0.968618963884756,0.9958626966431002,kl_histogram
2018-09-26 03:50:15.335848704,0.0622197951068739,0.067722108304059,0,0.9749494949494948,0.9971163396488072,kl_histogram
2018-10-05 07:32:21.802231808,0.0600321951939016,0.0678309120496282,0,0.9723389830508474,0.9969995220535788,kl_histogram
2018-10-13 18:44:58.700504832,0.0625664983542731,0.0681773133288168,0,0.9727090301003344,0.9969405078692458,kl_histogram
2018-10-21 16:45:27.440193024,0.0640396501754652,0.0686033739996051,0,0.9734477671986054,0.9970424265632728,kl_histogram
2018-10-29 08:42:23.578923776,0.0729335758254948,0.0709748282091173,1,0.9744629104175112,0.9964196933702334,kl_histogram
2018-11-06 04:18:43.090291968,0.064035932604768,0.0713563599865925,0,0.9737379235270104,0.9970263242930292,kl_histogram
2018-11-14 20:25:18.838155776,0.0666130379883962,0.0717190342254179,0,0.9744421906693712,0.9967541831948612,kl_histogram
2018-11-23 09:54:35.962477312,0.0766798821378395,0.0744402984756927,1,0.9738811046116176,0.997088312527828,kl_histogram
2018-12-01 08:47:21.810177536,0.0698544955637366,0.0753701096988426,0,0.9736172492299452,0.9974142202403072,kl_histogram
2018-12-09 00:42:57.972538368,0.0715070416729118,0.0763146522125412,0,0.9775326247813804,0.9977793933205324,kl_histogram
2018-12-15 23:21:59.329690368,0.0713700845819174,0.0772682426304132,0,0.973595125253893,0.9968975369044883,kl_histogram
2018-12-23 11:05:31.167271680,0.0852083542073262,0.0809987403966256,1,0.9774072081764388,0.9976090350557466,kl_histogram
2018-12-29 17:00:32.257942272,0.0820867109617464,0.0835675937331867,0,0.975869506605554,0.997331688743848,kl_histogram
2019-01-04 13:52:37.531022848,0.0812111641398718,0.0851386455240977,0,0.9787899388171312,0.9972237999905712,kl_histogram
2019-01-10 06:41:21.192833792,0.0785423864410507,0.0863665586146786,0,0.9780131384904144,0.9972199223071782,kl_histogram
2019-01-16 10:38:04.728266752,0.0773528471157861,0.0874134383760033,0,0.9745955341623213,0.9968490101667004,kl_histogram
2019-01-23 06:52:45.774218752,0.0690486343746862,0.0872239604915623,0,0.9759739378308674,0.9972091158355384,kl_histogram
2019-01-30 17:31:41.145020928,0.0736437036466253,0.08727346988019,0,0.9788474576271188,0.997886025575489,kl_histogram
2019-02-07 08:25:49.291846912,0.0773922151085174,0.0878933370263137,0,0.9762962962962964,0.9977198022717834,kl_histogram
2019-02-16 00:10:19.823346432,0.0731468342254709,0.0882288536614441,0,0.973176978029384,0.9973952665521532,kl_histogram
2019-02-24 03:28:32.059029760,0.0740757251958788,0.0882348427725932,0,0.9751898047722344,0.9972085035308752,kl_histogram
2019-03-03 23:26:39.587647232,0.0677242481278226,0.0875162841901522,0,0.97664686825054,0.9967304682601446,kl_histogram
2019-03-11 23:36:41.152388864,0.0647103134075965,0.0874677939957229,0,0.9731888964116452,0.9968942057790986,kl_histogram
2019-03-20 03:09:37.201606144,0.0686966600473977,0.0870305468684056,0,0.9746027434469644,0.9975200321623346,kl_histogram
2019-03-28 13:04:36.918506240,0.0716836792798687,0.0870342426007283,0,0.9742274996626636,0.9965933070552636,kl_histogram
2019-04-06 03:31:12.239665920,0.0696053246423773,0.0869060615338989,0,0.979311283517082,0.9977851458885942,kl_histogram
2019-04-14 13:17:12.127801088,0.0683210634833949,0.0868707744501116,0,0.9717223650385604,0.9968437129048984,kl_histogram
2019-04-22 20:24:59.649585152,0.0663891936091499,0.0866220629668158,0,0.9778647590767984,0.9974835671350402,kl_histogram
2019-04-30 21:09:58.900908032,0.0677485939629662,0.086583023749516,0,0.979694057127386,0.997199819880671,kl_histogram
2019-05-08 12:33:29.212087808,0.0734293660705922,0.0863187243330464,0,0.977509822517274,0.9973049492909704,kl_histogram
2019-05-15 23:08:27.200681472,0.0694150023269494,0.0860220147169727,0,0.9787694388100068,0.9975537046252196,kl_histogram
2019-05-23 08:52:22.653012224,0.0666901747237573,0.0854645668145971,0,0.9774598461330812,0.9981649238426784,kl_histogram
2019-05-30 22:52:33.977469440,0.0693613910374243,0.0851025298393362,0,0.9748206308379586,0.9970015375734812,kl_histogram
2019-06-07 01:21:35.321539072,0.0689977197700418,0.0848501247345352,0,0.9780234596197924,0.997788728848026,kl_histogram
2019-06-13 23:08:36.748116224,0.0793124791352152,0.0854774522445991,0,0.97457857531267,0.9970495620931236,kl_histogram
2019-06-19 21:51:20.566598400,0.0621687082903156,0.0856748131596742,0,0.9801028695181376,0.9978177458033574,kl_histogram
2019-06-25 13:38:20.489797632,0.0637014749920564,0.0858801916738404,0,0.9761036857027136,0.996620508220997,kl_histogram
2019-07-01 04:13:41.139450112,0.0696308659166903,0.0855069116402209,0,0.9776008635811632,0.9977094708283308,kl_histogram
2019-07-06 15:14:53.627373824,0.0717633011288506,0.0855428748785243,0,0.9786663088689118,0.9972674219848372,kl_histogram
2019-07-12 01:09:43.613655808,0.0666742249433877,0.0855728583437327,0,0.9760260056887444,0.9974870453426832,kl_histogram
2019-07-17 12:14:25.262008832,0.067865275257653,0.0855583820726825,0,0.9789103690685412,0.9974053153362448,kl_histogram
2019-07-23 01:38:22.589190400,0.0700714281385347,0.0835408611819614,0,0.977675551346232,0.9974583604182452,kl_histogram
2019-07-29 00:02:24.235024128,0.0716092538345398,0.0820968985543522,0,0.9756953821226032,0.9970230760243518,kl_histogram
2019-08-04 14:57:42.356743168,0.0669090170460177,0.0806304885961473,0,0.9786371011357492,0.9972539251207728,kl_histogram
2019-08-11 22:40:47.209317632,0.0672573388810673,0.0795798568093875,0,0.9768723947828424,0.997945779605962,kl_histogram
2019-08-19 12:11:12.264657664,0.0637344689727317,0.078843705604825,0,0.9727457627118644,0.9971253660746942,kl_histogram
2019-08-26 12:18:00.631070464,0.0732558368706872,0.0791418484395559,0,0.9799481653253308,0.9981271990925036,kl_histogram
2019-09-02 23:59:24.102610944,0.0753114461312526,0.0793741951250997,0,0.9741252178576216,0.997159343456792,kl_histogram
2019-09-11 14:18:50.241135616,0.0680509026731322,0.0783806857790188,0,0.9762840493291776,0.9974481492833196,kl_histogram
2019-09-20 07:11:53.724405760,0.0681931258165126,0.0780435197399559,0,0.980169971671388,0.9977836137503694,kl_histogram
2019-09-28 17:43:57.425362688,0.0716647092903458,0.0777458261726801,0,0.9767975178740052,0.9977183395241316,kl_histogram
2019-10-07 05:47:27.246907904,0.0728983412244149,0.078068190779299,0,0.979382832502358,0.9982533910097956,kl_histogram
2019-10-15 03:07:43.260482560,0.0682593944595501,0.0779553805598313,0,0.9765908785147316,0.997192047429757,kl_histogram
2019-10-23 04:54:55.352891904,0.0796742158487387,0.0794867817532613,1,0.976855003403676,0.9975726748044748,kl_histogram
2019-10-30 22:03:19.516393216,0.0713087950778495,0.079459598169039,0,0.9801711258997692,0.9983134204416424,kl_histogram
2019-11-07 00:53:40.218806016,0.0797856441211366,0.0808026406744927,0,0.97671617824167,0.9977226633863264,kl_histogram
2019-11-14 13:41:12.079603712,0.0755643738748381,0.081297741228858,0,0.9788857103936792,0.9976172588855884,kl_histogram
2019-11-21 23:22:56.785410048,0.0824033937539408,0.0829516708691096,0,0.9807196198234894,0.9972779609645056,kl_histogram
2019-11-30 20:34:38.279047936,0.0792272701253707,0.0838225408156585,0,0.979852249832102,0.9982134065311636,kl_histogram
2019-12-08 09:25:22.834821632,0.0783559552922845,0.0843592867014506,0,0.982130861211877,0.9983076824902204,kl_histogram
2019-12-12 18:50:53.435386880,0.0875595336215304,0.0868239744773262,1,0.9800404585300068,0.9980180939102798,kl_histogram
2019-12-16 13:35:06.442365184,0.0935821135505535,0.0904014566596959,1,0.9787321063394684,0.9977508763557238,kl_histogram
2019-12-21 06:00:31.676440064,0.0772937185348412,0.0907024829521099,0,0.9770971676378912,0.9977103371302892,kl_histogram
2019-12-26 05:37:55.490231296,0.0915150348364481,0.0931806042288665,0,0.9793149764942914,0.9981033388219184,kl_histogram
2019-12-30 07:47:43.296733696,0.0917753427472792,0.0950833272246398,0,0.983533540288838,0.9986466202721646,kl_histogram
2020-01-03 16:51:19.239594752,0.0970535476566648,0.0978553461155418,0,0.98168001085629,0.997904064422759,kl_histogram
2020-01-08 01:33:12.531953920,0.0926975155928071,0.0994369665264584,0,0.9805062948422903,0.9980880950380392,kl_histogram
2020-01-12 15:12:23.531623168,0.0927307913558024,0.1011133928119851,0,0.9818845477896444,0.9983810152898812,kl_histogram
2020-01-17 15:46:46.688024064,0.0832896576061448,0.1015175782187049,0,0.9809742274996628,0.997574729830632,kl_histogram
2020-01-23 21:51:56.381055744,0.084625008782503,0.1017755832255787,0,0.9790455590104096,0.997821978792643,kl_histogram
2020-01-30 19:11:52.586894080,0.0852086600069848,0.1020664311481368,0,0.982368099823681,0.9984064247903502,kl_histogram
2020-02-06 07:08:13.361990656,0.0887000680343841,0.1027503609802474,0,0.980466118819884,0.9984713729849916,kl_histogram
2020-02-13 01:08:20.600041216,0.0835553432821972,0.1029423340974596,0,0.980594381869996,0.9985777946335452,kl_histogram
2020-02-20 04:43:36.799451136,0.0817768088683817,0.1026760506682541,0,0.982296064278905,0.997757319264885,kl_histogram
2020-02-27 11:09:41.174667776,0.0874133110945984,0.1027395196901681,0,0.980522115514676,0.9980716062436624,kl_histogram
2020-03-06 10:01:34.221097216,0.0920794529084298,0.1027321748326213,0,0.9771951386043972,0.9981527258877304,kl_histogram
2020-03-15 17:50:55.387179520,0.0951811240190966,0.1039011242694707,0,0.976470588235294,0.9979705325287408,kl_histogram
2020-03-31 12:24:21.388140032,0.0751788196778133,0.10390616525174,0,0.97648330855521,0.9979869100302784,kl_histogram
2020-04-19 19:09:54.220436480,0.0808210297163393,0.103267396981365,0,0.9787688609961276,0.9987764275734796,kl_histogram
2020-05-06 13:02:34.439251200,0.0764095598989665,0.1026073315983969,0,0.9803602871461464,0.9982450183591168,kl_histogram
2020-05-20 22:14:33.564038144,0.0752373885445455,0.1023433907368677,0,0.9797966101694916,0.9979939286721116,kl_histogram
2020-06-02 19:01:00.673675008,0.0862861659371344,0.1021917282003562,0,0.980089394555059,0.9982406728621536,kl_histogram
2020-06-14 12:55:11.777557504,0.0855182427454617,0.1012957583832221,0,0.980803028254698,0.998587369584675,kl_histogram
2020-06-25 18:31:03.157110528,0.086745796381795,0.1014176560047576,0,0.9820585457979226,0.9985096238742716,kl_histogram
2020-07-06 01:42:44.718910208,0.0856796223033201,0.1007185364797501,0,0.9817838348401026,0.9987254640535896,kl_histogram
2020-07-14 20:10:16.472787968,0.0908927091294218,0.101095547163391,0,0.9784582034954612,0.9984417456364816,kl_histogram
2020-07-23 10:45:36.111246080,0.0857202720130458,0.1007405204945268,0,0.9826356171759322,0.9985062115287798,kl_histogram
2020-08-01 00:21:53.413779712,0.0882464098352378,0.1008871173686072,0,0.980169971671388,0.998430781905718,kl_histogram
2020-08-09 22:33:36.310064640,0.0869285994953952,0.100809778189001,0,0.985581458024525,0.9986509526896749,kl_histogram
2020-08-19 11:40:47.998887680,0.0830537745008567,0.1005815369465219,0,0.9791525653174497,0.9983216062683318,kl_histogram
2020-08-29 07:17:24.744298240,0.0881549283483155,0.100613838893279,0,0.9801333514763914,0.9986544613580158,kl_histogram
2020-09-08 13:07:14.854673152,0.0885091121766128,0.1000908472272972,0,0.983358138276282,0.9986346322368932,kl_histogram
2020-09-18 15:46:03.256505856,0.0818708572192519,0.0997679442456803,0,0.982255679526818,0.9981268025393812,kl_histogram
2020-09-28 20:35:51.413286912,0.0823752418344114,0.0993674489203181,0,0.9847028563692974,0.9985904821521646,kl_histogram
2020-10-08 21:31:41.572937984,0.0797485771089741,0.0989970632635174,0,0.9835068270920644,0.9983260266776848,kl_histogram
2020-10-18 16:03:22.807606528,0.083187465490225,0.0974861241654312,0,0.9822832023444784,0.9985796984753094,kl_histogram
2020-10-26 21:41:59.190437632,0.0804996825289896,0.0967548688718154,0,0.9807407407407408,0.9984083038512688,kl_histogram
2020-11-04 17:58:27.908431360,0.0871189367480021,0.096049166001889,0,0.982989064398542,0.9984378479677632,kl_histogram
2020-11-13 22:28:31.770108160,0.0884000324284082,0.0963212557005403,0,0.9806521445000675,0.9983999238269854,kl_histogram
2020-11-23 10:16:15.536645632,0.0806803184870601,0.0963404204348181,0,0.9801001759848382,0.9983419121326316,kl_histogram
2020-12-03 15:59:54.972755200,0.0889292742393838,0.09661674525492,0,0.9831149533972714,0.998675437306011,kl_histogram
2020-12-12 11:15:47.909172736,0.1030941483811552,0.0995878955388152,1,0.9847069968872648,0.9990173950610582,kl_histogram
2020-12-20 03:07:40.230582528,0.0977043869260807,0.1010731970020666,0,0.9819349658771578,0.9985848715980462,kl_histogram
2020-12-27 19:23:19.554768128,0.1081813401188464,0.1048326591593024,1,0.987362413371382,0.9992794062063745,kl_histogram
2021-01-03 06:23:17.718913792,0.1149061829032338,0.1097370020086704,1,0.9834521727431724,0.99872027790213,kl_histogram
2021-01-10 11:48:21.955332096,0.1002412303817626,0.1106479785647255,0,0.986776413439482,0.99910815438574,kl_histogram
2021-01-18 01:57:13.053986560,0.0989008990137272,0.1110802017557521,0,0.9848263010781312,0.998797277724573,kl_histogram
2021-01-25 23:09:30.944615936,0.0957446312972184,0.1112301088825519,0,0.9817592217267936,0.998323050846558,kl_histogram
2021-02-03 12:33:21.853117696,0.0959107004579685,0.1116570343418109,0,0.9845865165527408,0.9986461544188432,kl_histogram
2021-02-12 09:54:04.417721344,0.0989475940095868,0.1120167258683495,0,0.9825779229617532,0.998757891999708,kl_histogram
2021-02-20 16:35:42.963620352,0.0998141706756832,0.1121780826870933,0,0.982966067324591,0.9985863802728536,kl_histogram
2021-02-28 05:00:00.566801408,0.1070648540136188,0.1139720635433485,0,0.9820585457979226,0.99865716930198,kl_histogram
2021-03-07 21:11:20.962432768,0.0928940788264151,0.1140577085392117,0,0.983461073013312,0.999011677835454,kl_histogram
2021-03-15 20:44:33.816502528,0.1080398843346077,0.1158068460663556,0,0.9851210604625996,0.9990411326854578,kl_histogram
2021-03-23 10:38:54.493573120,0.105565976576369,0.1169788539524662,0,0.9797761898341648,0.998720500733767,kl_histogram
2021-03-31 06:58:45.219431936,0.0962813036886305,0.117179711148334,0,0.9842466675642924,0.9990547629519408,kl_histogram
2021-04-08 13:38:17.877173504,0.096844223902635,0.1173438543253833,0,0.9812881355932204,0.9983652303142312,kl_histogram
2021-04-16 05:42:19.725994240,0.1010393044959959,0.1178638070852181,0,0.9821597513177456,0.9988658938950524,kl_histogram
2021-04-23 19:16:04.996834304,0.0933540631752854,0.117853090860271,0,0.9844489519945908,0.9991844221743872,kl_histogram
2021-05-01 18:30:03.026884352,0.1043457725785618,0.1183950084381337,0,0.9856817877693028,0.9992198973780494,kl_histogram
2021-05-10 01:02:27.782891008,0.1038769607234123,0.1190317950943176,0,0.9814291481631006,0.9987078284062388,kl_histogram
2021-05-19 04:00:54.178891776,0.1065219406060966,0.1199087168696254,0,0.9838512688288776,0.9988911648996066,kl_histogram
2021-05-28 06:59:56.814934272,0.1046682531738953,0.1200264603252958,0,0.9836375929682216,0.9986718477503638,kl_histogram
2021-06-06 08:10:03.114930688,0.115086077212898,0.1215118477737385,0,0.9856698661619576,0.9988180313288908,kl_histogram
2021-06-15 02:51:55.451059200,0.1160606457112316,0.122522489522979,0,0.9836198727494246,0.9989317270543058,kl_histogram
2021-06-24 11:51:15.571951104,0.1135346233606501,0.1231869180964568,0,0.9836905243294244,0.998774483764801,kl_histogram
2021-07-03 00:41:20.139074560,0.1249292347186387,0.1253924406863948,0,0.9860904794058069,0.9990300582352372,kl_histogram
2021-07-11 03:42:50.439658240,0.1288455809570816,0.1287716437531645,1,0.9858280469699016,0.9991130667709556,kl_histogram
2021-07-19 19:34:35.039692288,0.1319089682914811,0.1323885526319262,0,0.9818845477896444,0.9987777719953944,kl_histogram
2021-07-29 01:51:02.608172544,0.1284859704099059,0.1337393836681035,0,0.9821549276733812,0.9990594832895136,kl_histogram
2021-08-07 10:51:27.352369408,0.1270850557517452,0.1353859832276276,0,0.9834216605517054,0.9991277648510354,kl_histogram
2021-08-17 12:38:25.298760960,0.1387968725464564,0.1398384320830033,0,0.9831955549532456,0.9989466507167266,kl_histogram
2021-08-28 02:15:10.444094976,0.1455007794716111,0.1451207759017173,1,0.9830531271015468,0.9989072023665696,kl_histogram
2021-09-08 08:23:55.827413248,0.137415225495887,0.1481567178569091,0,0.9854073773814348,0.9992764860304276,kl_histogram
2021-09-20 02:09:24.517992448,0.1516892071069151,0.1536068637454199,0,0.9833674164962508,0.998948198652258,kl_histogram
2021-10-02 09:07:14.140529664,0.1452573946558391,0.1572515378293724,0,0.9829094334544476,0.999314443202496,kl_histogram
2021-10-14 09:53:58.433844224,0.1310380824985491,0.1584182655620408,0,0.9858829917198316,0.9993252146922252,kl_histogram
2021-10-26 06:50:48.638631424,0.1426517253883645,0.1607674879037528,0,0.9847654683950288,0.999173959024674,kl_histogram
2021-11-07 02:07:38.964423168,0.1492736288417366,0.1638452390852943,0,0.9858509634820104,0.9991854951229406,kl_histogram
2021-11-20 03:43:54.708039424,0.973596991394619,0.5335423073178869,1,0.7079028579095666,0.6543381694877807,kl_histogram
2021-12-04 16:27:34.629209856,1.0432778845283204,0.7353210654483855,1,0.692888948859803,0.6129756944534697,kl_histogram
2021-12-16 15:25:29.038531328,1.0831553851973148,0.8986572436012767,1,0.7032074705643524,0.6299999447588833,kl_histogram
2021-12-28 07:33:53.691827456,1.0933322824825067,1.0349983568141976,1,0.7241004752206381,0.6089595442639874,kl_histogram
2022-01-07 23:29:55.343080448,1.0816730316900378,1.1489550752565083,0,0.7182964871829649,0.6022975152928747,kl_histogram
2022-01-19 00:01:43.121507840,1.1084223022197777,1.2544440687827147,0,0.7134336451131896,0.614395176029269,kl_histogram
2022-02-01 02:08:39.386309376,1.157261545844481,1.3573000029918325,0,0.6860140788949396,0.6020920195011361,kl_histogram
2022-02-15 21:24:12.288849152,1.1707771883637184,1.4511515551779972,0,0.6871864406779661,0.5928130371760321,kl_histogram
2022-03-03 18:56:24.278607872,1.1564559918914863,1.5325017016082625,0,0.6862612916273426,0.6044672765502397,kl_histogram
2022-03-20 01:26:42.440673792,1.1573618795762053,1.6052357794244076,0,0.7012599918710202,0.6070035843832118,kl_histogram
2022-04-05 13:17:19.308122880,1.1824191688349817,1.6743983216329867,0,0.700282752120641,0.5969200415761987,kl_histogram
2022-04-22 15:56:24.990583552,1.222471938998667,1.741985808781094,0,0.6924438393464942,0.5952509771742679,kl_histogram
2022-05-10 01:49:57.067557120,1.2309081572226788,1.8031803984187604,0,0.6865852020948032,0.5867689699991769,kl_histogram
2022-05-26 23:41:19.694324992,1.2607374257595412,1.861050298424288,0,0.692601171821774,0.5862204836690921,kl_histogram
2022-06-13 19:31:30.953625856,1.2993579025274224,1.9172311483796245,0,0.7063870352716873,0.5999926459072181,kl_histogram
2022-07-01 05:13:34.188655360,1.2974085568381526,1.9654356864143816,0,0.7135282121006118,0.6122314093367258,kl_histogram
2022-07-19 07:43:38.707995136,1.342302174190683,2.0117501994589366,0,0.7150632739148184,0.5904891588394284,kl_histogram
2022-08-03 21:19:20.825760512,1.3265551366261563,2.0487460008751905,0,0.7179001488296577,0.5890484316325203,kl_histogram
2022-08-20 21:57:39.515699200,1.369068070269428,2.083399757034104,0,0.7087875117749967,0.5876377806366361,kl_histogram
2022-09-08 12:21:15.658391552,1.312663032952088,2.1033537205653787,0,0.7056106507268034,0.5979556096174928,kl_histogram
2022-09-29 05:47:21.496285952,1.3473104278444286,2.1186333177964176,0,0.7102526002971769,0.5868182809386289,kl_histogram
2022-10-17 10:02:33.443390208,1.4261251825865433,2.133603322530433,0,0.7228915662650602,0.5734394626800947,kl_histogram
2022-11-03 19:29:27.377822464,1.42988352909532,2.13969278971235,0,0.7336480107889414,0.5803756586775455,kl_histogram
2022-11-22 04:43:40.296791552,1.4570538222727247,2.1382428493902665,0,0.7608194274860941,0.5684594943910825,kl_histogram
2022-12-12 18:26:22.581661952,1.4341699004533075,2.1200855060965544,0,0.7535525781567195,0.5736545178875823,kl_histogram
2023-01-01 16:50:34.107695360,1.5080300307788732,2.0970103016031834,0,0.7775238607339696,0.5725183312382702,kl_histogram
2023-01-21 22:36:39.085148160,1.4399576727228662,2.046258977927722,0,0.763359806165029,0.5718948551000891,kl_histogram
2023-02-19 18:52:46.886860032,1.4201086701281715,1.964310269087538,0,0.7478603450618122,0.5715764019509713,kl_histogram
2023-03-20 16:48:23.729529344,1.453233564517874,1.8466647474636548,0,0.7495614626905951,0.5793050523471636,kl_histogram
2023-05-24 23:45:22.533269760,1.868639303852176,1.7347292895921451,1,0.7254461335095836,0.5739864479921157,kl_histogram
2015-01-11 08:09:48.506820096,0.0,0.0018603819693248,0,0.9820807702594276,0.9973916716569126,cosine
2015-02-05 05:45:21.200667648,0.0004531145095825,0.0018603819693248,0,0.9755674232309748,0.9963946645121632,cosine
2015-02-28 16:39:17.016885504,0.0007010102272033,0.0018603819693248,0,0.9777539533637096,0.9957381803589668,cosine
2015-03-24 08:51:32.283909632,0.0005167722702026,0.0018603819693248,0,0.9722074468085108,0.99592193589534,cosine
2015-04-19 23:55:22.089075712,0.0007681250572204,0.0018603819693248,0,0.9747596153846154,0.995621762789683,cosine
2015-05-16 05:23:02.882852864,0.0004687309265136,0.0018603819693248,0,0.9747910488002156,0.9951544258628652,cosine
2015-06-11 17:01:20.739780864,0.0007237195968627,0.0018603819693248,0,0.9754207854662036,0.9959718922349832,cosine
2015-07-07 02:48:50.688933888,0.0005687475204467,0.0018603819693248,0,0.9734143049932524,0.9954411281334216,cosine
2015-07-30 15:34:58.859391744,0.0009836554527282,0.0018603819693248,0,0.9753201707577376,0.995919278433188,cosine
2015-08-21 15:05:12.752964864,0.001246154308319,0.0018603819693248,0,0.9747978436657682,0.9951549073703082,cosine
2015-09-12 21:37:22.907615744,0.000414490699768,0.0018603819693248,0,0.9737194958433896,0.9967122383874012,cosine
2015-10-05 21:53:33.587716864,0.0007111430168151,0.0018603819693248,0,0.9758022093634928,0.9972455237358976,cosine
2015-10-26 04:25:22.448119552,0.000411570072174,0.0018603819693248,0,0.9733262203254202,0.9956075193809828,cosine
2015-11-13 17:02:05.369004800,0.0003230571746826,0.0018603819693248,0,0.9748830995323982,0.996506195164423,cosine
2015-12-02 07:12:01.405064960,0.0004544258117675,0.0018603819693248,0,0.9764169904863996,0.9966623651246994,cosine
2015-12-22 18:55:59.606276864,0.0009737610816955,0.0018603819693248,0,0.9703663793103448,0.9960126635069232,cosine
2016-01-10 08:06:09.746892288,0.0006760358810424,0.0018603819693248,0,0.9744776514149696,0.9959212977336231,cosine
2016-01-21 04:39:16.918586112,0.0005932450294494,0.0018603819693248,0,0.9752276379217996,0.99565376818614,cosine
2016-02-02 02:58:14.565866496,0.0005531907081604,0.0018603819693248,0,0.9752,0.9957445729855394,cosine
2016-02-14 18:06:33.121078016,0.0005967020988464,0.0018603819693248,0,0.976401179941003,0.995136070591376,cosine
2016-02-26 21:17:57.877155840,0.0004122853279113,0.0018603819693248,0,0.9751923587158398,0.9963266425151,cosine
2016-03-09 07:50:47.186913280,0.0008406043052673,0.0018603819693248,0,0.9746580852775544,0.9954687573729653,cosine
2016-03-21 19:27:45.574640896,0.0011433959007263,0.0018603819693248,0,0.9757849920170304,0.9966273167605524,cosine
2016-04-04 14:40:47.423562496,0.0016387701034545,0.0018603819693248,0,0.973267060720043,0.9954549086588884,cosine
2016-04-19 00:35:56.588087808,0.0014981031417846,0.0018603819693248,0,0.9734548335974644,0.9953450653822644,cosine
2016-04-29 09:06:52.916020480,0.0010204315185546,0.0018603819693248,0,0.9729874297940626,0.9952464292989204,cosine
2016-05-10 06:38:48.651970048,0.0010852813720703,0.0018603819693248,0,0.9717233985526668,0.9952706076965744,cosine
2016-05-21 10:47:31.657382656,0.0008933544158935,0.0018603819693248,0,0.9773454157782516,0.9959949892631766,cosine
2016-06-01 08:05:10.293080576,0.0010583400726318,0.0018603819693248,0,0.9722148009617954,0.9954980218562054,cosine
2016-06-11 14:38:48.016489472,0.0027992129325866,0.0018603819693248,0,0.9751329787234042,0.9958026190877796,cosine
2016-06-22 00:57:55.235603712,0.0015928745269775,0.0018603819693248,0,0.9765974230870366,0.9960748749469592,cosine
2016-07-02 07:25:22.794145280,0.0012353658676147,0.0018603819693248,0,0.972730918326427,0.9956982330518912,cosine
2016-07-13 09:27:46.314788096,0.0011878609657287,0.0018603819693248,0,0.971322849213691,0.9948799666264048,cosine
2016-07-22 03:46:52.547762176,0.0011942386627197,0.0018603819693248,0,0.970741482965932,0.9943637526262904,cosine
2016-07-31 10:31:14.596140800,0.0018646717071533,0.0018603819693248,0,0.9704590818363272,0.995318887980376,cosine
2016-08-09 22:13:06.052518912,0.0010067820549011,0.0018603819693248,0,0.9748763864760124,0.9958252967429676,cosine
2016-08-19 15:46:13.900492800,0.0005440711975097,0.0018603819693248,0,0.9682962568269616,0.995206116487054,cosine
2016-08-29 05:53:12.757607936,0.0015448927879333,0.0018603819693248,0,0.9685049833887044,0.9953991244094098,cosine
2016-09-08 09:39:44.793902336,0.0004892349243164,0.0018603819693248,0,0.974703767807216,0.9964862001306454,cosine
2016-09-18 06:03:33.502058752,0.00059574842453,0.0018603819693248,0,0.9721078496480277,0.9957278517704528,cosine
2016-09-27 18:24:40.967160576,0.0006051659584045,0.0018603819693248,0,0.9707649179014818,0.9951950672651252,cosine
2016-10-07 13:41:23.872992768,0.0010465383529663,0.0018603819693248,0,0.9700066357000664,0.9951628968859444,cosine
2016-10-17 11:55:33.511858432,0.0005430579185485,0.0018603819693248,0,0.9749430523917996,0.9965663720648624,cosine
2016-10-27 01:29:41.976607488,0.0003526210784912,0.0018603819693248,0,0.9677850554738672,0.9948193011232784,cosine
2016-11-05 01:35:03.399676928,0.0004047751426696,0.0018603819693248,0,0.9741622930964876,0.9961169449653317,cosine
2016-11-14 19:01:10.739316736,0.0005106329917907,0.0018603819693248,0,0.9724045545880776,0.9951873849013252,cosine
2016-11-25 12:35:37.448248320,0.0008597373962402,0.0018603819693248,0,0.968562674836819,0.9943729423206012,cosine
2016-12-03 15:52:34.117192704,0.0003197789192199,0.0018603819693248,0,0.9703023039019842,0.996177784409808,cosine
2016-12-10 08:59:30.693692160,0.0004205107688903,0.0018603819693248,0,0.975596746232831,0.9957150348138878,cosine
2016-12-17 08:49:39.525993984,0.0007202625274658,0.0018603819693248,0,0.9724770642201837,0.9958783696859832,cosine
2016-12-24 06:30:44.857579520,0.001202642917633,0.0018603819693248,0,0.9751561046897834,0.9964480545386588,cosine
2016-12-30 03:47:24.421860352,0.0005475878715515,0.0018603819693248,0,0.9743284372105332,0.9962206664039944,cosine
2017-01-04 22:16:38.277375232,0.0005338788032531,0.0018603819693248,0,0.975886151008038,0.996317702279957,cosine
2017-01-10 20:56:48.223647488,0.000330626964569,0.0018603819693248,0,0.9739478957915833,0.9955256790360728,cosine
2017-01-17 04:59:38.757997568,0.0004350543022155,0.0018603819693248,0,0.9745683308794004,0.9961872896245488,cosine
2017-01-24 02:28:52.148750848,0.0005310177803039,0.0018603819693248,0,0.9761999206664024,0.9960563049754436,cosine
2017-01-31 17:37:25.901447424,0.0001938939094543,0.0018603819693248,0,0.9717093903572852,0.9956585327842812,cosine
2017-02-08 10:39:14.659304192,0.0003032088279724,0.0018603819693248,0,0.9747387911651898,0.996188022503812,cosine
2017-02-16 13:19:43.407748864,0.0001975297927856,0.0018603819693248,0,0.9743486973947896,0.9962613055846748,cosine
2017-02-25 01:31:15.515959808,0.0002478957176208,0.0018603819693248,0,0.968474977013004,0.9943666800059094,cosine
2017-03-04 23:00:53.579133440,0.00030118227005,0.0018603819693248,0,0.9748658201335252,0.9957494156392072,cosine
2017-03-12 14:57:13.493110272,0.0001864433288574,0.0018603819693248,0,0.9720401337792642,0.9944768508040088,cosine
2017-03-19 07:30:07.155601920,0.0005514621734619,0.0018603819693248,0,0.9744358940915612,0.99639635234845,cosine
2017-03-26 15:48:53.983547904,0.0002481341361999,0.0018603819693248,0,0.9734642430675337,0.9961268857027954,cosine
2017-04-03 09:24:18.020380928,0.000366985797882,0.0018603819693248,0,0.970960436925536,0.995292120370584,cosine
2017-04-11 11:19:21.909979904,0.0003795623779296,0.0018603819693248,0,0.9703951774949764,0.995716189898255,cosine
2017-04-19 13:38:16.158673664,0.000398576259613,0.0018603819693248,0,0.9681595983617388,0.9956322506718136,cosine
2017-04-27 04:32:28.451162880,0.0002377033233642,0.0018603819693248,0,0.9730232558139534,0.9964345856056284,cosine
2017-05-05 05:58:39.392567040,0.0003066658973693,0.0018603819693248,0,0.9718928999600372,0.9957892869085724,cosine
2017-05-14 04:22:32.892679424,0.0003889799118041,0.0018603819693248,0,0.9721961047683008,0.9960161450779934,cosine
2017-05-21 19:24:48.956270336,0.0005525350570678,0.0018603819693248,0,0.970059093893631,0.9952534884661072,cosine
2017-05-29 21:29:31.905385472,0.0006392002105712,0.0018603819693248,0,0.970867299211546,0.9957772404447194,cosine
2017-06-06 21:26:11.897116160,0.0003203153610229,0.0018603819693248,0,0.9696969696969696,0.9947705264957052,cosine
2017-06-14 20:46:07.987727104,0.001545250415802,0.0018603819693248,0,0.9715977924350518,0.9959514671553268,cosine
2017-06-22 20:00:49.528886016,0.000457763671875,0.0018603819693248,0,0.9706871050154632,0.9954542495519124,cosine
2017-07-01 09:36:16.053435904,0.001913845539093,0.0018603819693248,0,0.9682281059063136,0.9946955789197292,cosine
2017-07-12 14:58:14.009790208,0.0011543035507202,0.0018603819693248,0,0.95874079035499,0.9932898510072632,cosine
2017-07-19 05:59:53.470542080,0.0012021660804748,0.0018603819693248,0,0.9781700579436734,0.9969926543554688,cosine
2017-07-24 10:00:41.826860544,0.0004013776779174,0.0018603819693248,0,0.9705215419501134,0.995800313666868,cosine
2017-07-31 22:57:28.080697088,0.0005135536193847,0.0018603819693248,0,0.9682453521509023,0.9948123526042432,cosine
2017-08-07 12:03:09.532411648,0.00052011013031,0.0018603819693248,0,0.969857433808554,0.99564967393878,cosine
2017-08-14 17:50:42.746228992,0.000675082206726,0.0018603819693248,0,0.9726694628602354,0.9961236425747798,cosine
2017-08-21 07:36:09.961766656,0.0007246136665344,0.0018603819693248,0,0.973317079777868,0.9954568507284136,cosine
2017-08-28 19:57:39.823730432,0.0008094310760498,0.0018603819693248,0,0.9737515143357114,0.9959691165193416,cosine
2017-09-05 01:55:46.054718208,0.0004990100860595,0.0018603819693248,0,0.9687626774847872,0.9957836560567216,cosine
2017-09-13 14:01:37.723277568,0.0002446770668029,0.0018603819693248,0,0.9726250169399648,0.9964311913372632,cosine
2017-09-22 02:41:11.360974336,0.0002378225326538,0.0018603819693248,0,0.9749016415683084,0.996122140708257,cosine
2017-09-30 17:22:12.757061120,0.0002787709236145,0.0018603819693248,0,0.9742261011864176,0.995511478159087,cosine
2017-10-09 12:10:52.014179840,0.0008995532989501,0.0018603819693248,0,0.9719184555150532,0.9964949181523726,cosine
2017-10-18 05:33:31.071549952,0.0004320740699768,0.0018603819693248,0,0.9697627118644068,0.9962838814190412,cosine
2017-10-26 10:29:49.184672256,0.0001569986343383,0.0018603819693248,0,0.9689147182051628,0.9948879845193208,cosine
2017-11-03 13:32:06.526492928,0.0004962086677551,0.0018603819693248,0,0.9691182446160096,0.9957077980938176,cosine
2017-11-12 11:16:33.610533376,0.000292956829071,0.0018603819693248,0,0.9724425325984676,0.9957261735143615,cosine
2017-11-22 09:22:30.779576064,0.0009858012199401,0.0018603819693248,0,0.9677157908955828,0.995645429134305,cosine
2017-12-02 00:14:20.750861312,0.0002652406692504,0.0018603819693248,0,0.9707673568818516,0.9954670455382516,cosine
2017-12-10 18:38:30.163156736,0.0018384456634521,0.0018603819693248,0,0.9676593451017385,0.9966062113766786,cosine
2017-12-19 10:11:00.917120000,0.000696837902069,0.0018603819693248,0,0.9671953368578012,0.9954450084977052,cosine
2017-12-29 04:55:25.730855936,0.0010052919387817,0.0018603819693248,0,0.9712776046606152,0.9961194834746752,cosine
2018-01-07 05:03:58.074396160,0.000788390636444,0.0018603819693248,0,0.968060630667208,0.9959592016513176,cosine
2018-01-13 01:15:01.810510336,0.0004146099090576,0.0018603819693248,0,0.9721358041390504,0.9961572174932212,cosine
2018-01-20 09:23:07.746618368,0.0003873705863952,0.0018603819693248,0,0.9742830214083747,0.9965412695809917,cosine
2018-01-28 08:00:23.843254272,0.0003185868263244,0.0018603819693248,0,0.9717659834396634,0.9959328974122644,cosine
2018-02-05 16:11:44.747650816,0.0007696151733398,0.0018603819693248,0,0.9694054776219104,0.9955197725967956,cosine
2018-02-14 04:34:46.924671744,0.0003672242164611,0.0018603819693248,0,0.9728781540952638,0.9967522829056036,cosine
2018-02-22 06:31:20.301297664,0.0004048347473144,0.0018603819693248,0,0.9759491960545872,0.9965246801684146,cosine
2018-03-02 00:39:40.729383424,0.0006170272827148,0.0018603819693248,0,0.9679443459282498,0.995520898869246,cosine
2018-03-09 23:00:57.028640000,0.0004791021347045,0.0018603819693248,0,0.970496684260387,0.9955959799397816,cosine
2018-03-18 07:01:04.328294144,0.0010595321655273,0.0018603819693248,0,0.9755080069977125,0.9969361824159156,cosine
2018-03-26 00:14:58.361884672,0.000416874885559,0.0018603819693248,0,0.9726694628602354,0.9966879703312186,cosine
2018-04-02 21:40:45.219374592,0.0003994107246398,0.0018603819693248,0,0.9690931272875152,0.9959719702861554,cosine
2018-04-10 13:53:58.238752000,0.0003183484077453,0.0018603819693248,0,0.9690498716042708,0.9953859238346554,cosine
2018-04-18 05:52:30.149701888,0.0006747841835021,0.0018603819693248,0,0.9755702523957348,0.997130952215545,cosine
2018-04-26 08:23:35.867226112,0.0003960728645324,0.0018603819693248,0,0.9734453326107574,0.9968284343893812,cosine
2018-05-04 09:15:51.821802496,0.0016337633132934,0.0018603819693248,0,0.9745751189666894,0.9969512466018596,cosine
2018-05-12 21:50:43.518119424,0.0008390545845031,0.0018603819693248,0,0.9710693524401784,0.9950647520381928,cosine
2018-05-21 12:17:53.595243520,0.0006106495857238,0.0018603819693248,0,0.9689098250336474,0.9958844660502816,cosine
2018-05-29 22:37:11.426733056,0.0006111860275268,0.0018603819693248,0,0.9747830802603036,0.9967097961411028,cosine
2018-06-07 00:32:46.876511488,0.0007792711257934,0.0018603819693248,0,0.9691266079891672,0.9961695922638266,cosine
2018-06-14 14:02:17.009661696,0.0002330541610717,0.0018603819693248,0,0.9713517148621386,0.9957839400154544,cosine
2018-06-22 06:59:06.886837248,0.0002421736717224,0.0018603819693248,0,0.9738800920286912,0.9964713986687272,cosine
2018-06-29 16:42:36.076887296,0.0002336502075195,0.0015721414680786,0,0.9756031075371404,0.9955342530814704,cosine
2018-07-07 12:49:43.480511488,0.0005862712860107,0.0015735781599923,0,0.971390194761585,0.9961315788142198,cosine
2018-07-15 21:09:54.719060224,0.0007970333099365,0.0015808861415535,0,0.9668613336955044,0.9951747856281422,cosine
2018-07-25 08:17:45.434097408,0.0020437836647033,0.0017991881758912,1,0.970766536440792,0.995847780823082,cosine
2018-08-01 18:41:05.208256000,0.0009307861328125,0.001810557246016,0,0.9721061851502492,0.9966802754364842,cosine
2018-08-08 13:01:39.231343616,0.0004823803901672,0.0016342576548704,0,0.9759739378308674,0.9969737355978576,cosine
2018-08-15 14:51:17.696300544,0.0003365874290466,0.0016320127486206,0,0.9732973701955496,0.996484146345738,cosine
2018-08-23 01:01:27.213691648,0.0008809566497802,0.0016198526490419,0,0.9749220550359224,0.9964475812699356,cosine
2018-08-30 21:06:44.884686336,0.00104820728302,0.0016437249748329,0,0.9712356515867656,0.996684405061541,cosine
2018-09-08 13:18:56.003451648,0.0011250972747802,0.0016841818001447,0,0.9731335223437289,0.9966561127661664,cosine
2018-09-17 07:39:59.075442944,0.0006825923919677,0.001685679165914,0,0.968618963884756,0.9958626966431002,cosine
2018-09-26 03:50:15.335848704,0.0012418031692504,0.0017330145201715,0,0.9749494949494948,0.9971163396488072,cosine
2018-10-05 07:32:21.802231808,0.001725435256958,0.0018619895099538,0,0.9723389830508474,0.9969995220535788,cosine
2018-10-13 18:44:58.700504832,0.0010827183723449,0.0018822665576638,0,0.9727090301003344,0.9969405078692458,cosine
2018-10-21 16:45:27.440193024,0.0006608963012695,0.0018795299866845,0,0.9734477671986054,0.9970424265632728,cosine
2018-10-29 08:42:23.578923776,0.0010148286819458,0.0018955570395791,0,0.9744629104175112,0.9964196933702334,cosine
2018-11-06 04:18:43.090291968,0.0009508728981018,0.0019043173206821,0,0.9737379235270104,0.9970263242930292,cosine
2018-11-14 20:25:18.838155776,0.0025320053100585,0.0021963880955624,1,0.9744421906693712,0.9967541831948612,cosine
2018-11-23 09:54:35.962477312,0.0014539957046508,0.0022417981820118,0,0.9738811046116176,0.997088312527828,cosine
2018-12-01 08:47:21.810177536,0.0020598173141479,0.0023756913597751,0,0.9736172492299452,0.9974142202403072,cosine
2018-12-09 00:42:57.972538368,0.001177966594696,0.0023783541416263,0,0.9775326247813804,0.9977793933205324,cosine
2018-12-15 23:21:59.329690368,0.0017148852348327,0.0024447342823548,0,0.973595125253893,0.9968975369044883,cosine
2018-12-23 11:05:31.167271680,0.0022996664047241,0.0025917728236468,0,0.9774072081764388,0.9976090350557466,cosine
2018-12-29 17:00:32.257942272,0.0029467940330505,0.0028376735977698,1,0.975869506605554,0.997331688743848,cosine
2019-01-04 13:52:37.531022848,0.0022822618484497,0.0029583895888578,0,0.9787899388171312,0.9972237999905712,cosine
2019-01-10 06:41:21.192833792,0.0023768544197082,0.0030786632664623,0,0.9780131384904144,0.9972199223071782,cosine
2019-01-16 10:38:04.728266752,0.0016614198684692,0.003101994672211,0,0.9745955341623213,0.9968490101667004,cosine
2019-01-23 06:52:45.774218752,0.002000868320465,0.0031587348582911,0,0.9759739378308674,0.9972091158355384,cosine
2019-01-30 17:31:41.145020928,0.0015283226966857,0.0031379648893289,0,0.9788474576271188,0.997886025575489,cosine
2019-02-07 08:25:49.291846912,0.0028527379035949,0.0032747934141936,0,0.9762962962962964,0.9977198022717834,cosine
2019-02-16 00:10:19.823346432,0.0017589926719665,0.0032461970317485,0,0.973176978029384,0.9973952665521532,cosine
2019-02-24 03:28:32.059029760,0.0026576519012451,0.0033425277637759,0,0.9751898047722344,0.9972085035308752,cosine
2019-03-03 23:26:39.587647232,0.0012836456298828,0.0033296950247547,0,0.97664686825054,0.9967304682601446,cosine
2019-03-11 23:36:41.152388864,0.0013075470924377,0.0032940164729428,0,0.9731888964116452,0.9968942057790986,cosine
2019-03-20 03:09:37.201606144,0.0024659037590026,0.0033700106720305,0,0.9746027434469644,0.9975200321623346,cosine
2019-03-28 13:04:36.918506240,0.001327633857727,0.0033281381879559,0,0.9742274996626636,0.9965933070552636,cosine
2019-04-06 03:31:12.239665920,0.0026846528053283,0.0033650415494243,0,0.979311283517082,0.9977851458885942,cosine
2019-04-14 13:17:12.127801088,0.0023493766784667,0.0033951840125958,0,0.9717223650385604,0.9968437129048984,cosine
2019-04-22 20:24:59.649585152,0.0016019940376281,0.0033836460900629,0,0.9778647590767984,0.9974835671350402,cosine
2019-04-30 21:09:58.900908032,0.0010514259338378,0.0033875204331636,0,0.979694057127386,0.997199819880671,cosine
2019-05-08 12:33:29.212087808,0.0022194981575012,0.0033720740657034,0,0.977509822517274,0.9973049492909704,cosine
2019-05-15 23:08:27.200681472,0.0012144446372985,0.0033732775766298,0,0.9787694388100068,0.9975537046252196,cosine
2019-05-23 08:52:22.653012224,0.0023267269134521,0.0034098722777139,0,0.9774598461330812,0.9981649238426784,cosine
2019-05-30 22:52:33.977469440,0.0017613172531127,0.0033947230132369,0,0.9748206308379586,0.9970015375734812,cosine
2019-06-07 01:21:35.321539072,0.0017914772033691,0.0033309004264707,0,0.9780234596197924,0.997788728848026,cosine
2019-06-13 23:08:36.748116224,0.0012236833572387,0.003314359882279,0,0.97457857531267,0.9970495620931236,cosine
2019-06-19 21:51:20.566598400,0.0009477138519287,0.0033146933696336,0,0.9801028695181376,0.9978177458033574,cosine
2019-06-25 13:38:20.489797632,0.0014652609825134,0.0032600549868133,0,0.9761036857027136,0.996620508220997,cosine
2019-07-01 04:13:41.139450112,0.0013294219970703,0.0032645137899863,0,0.9776008635811632,0.9977094708283308,cosine
2019-07-06 15:14:53.627373824,0.0019800662994384,0.0032599010521335,0,0.9786663088689118,0.9972674219848372,cosine
2019-07-12 01:09:43.613655808,0.0015162825584411,0.0032453143597981,0,0.9760260056887444,0.9974870453426832,cosine
2019-07-17 12:14:25.262008832,0.0014523267745971,0.0032474631397227,0,0.9789103690685412,0.9974053153362448,cosine
2019-07-23 01:38:22.589190400,0.0013157129287719,0.0032192877031276,0,0.977675551346232,0.9974583604182452,cosine
2019-07-29 00:02:24.235024128,0.0011534690856933,0.0030888950464344,0,0.9756953821226032,0.9970230760243518,cosine
2019-08-04 14:57:42.356743168,0.0013638734817504,0.00304735440436,0,0.9786371011357492,0.9972539251207728,cosine
2019-08-11 22:40:47.209317632,0.001544713973999,0.002987274102954,0,0.9768723947828424,0.997945779605962,cosine
2019-08-19 12:11:12.264657664,0.002450942993164,0.003056278432136,0,0.9727457627118644,0.9971253660746942,cosine
2019-08-26 12:18:00.631070464,0.0017014145851135,0.0030403897056678,0,0.9799481653253308,0.9981271990925036,cosine
2019-09-02 23:59:24.102610944,0.0027271509170532,0.0031516440706319,0,0.9741252178576216,0.997159343456792,cosine
2019-09-11 14:18:50.241135616,0.001274824142456,0.0030189310899937,0,0.9762840493291776,0.9974481492833196,cosine
2019-09-20 07:11:53.724405760,0.0020133256912231,0.0030344090932578,0,0.980169971671388,0.9977836137503694,cosine
2019-09-28 17:43:57.425362688,0.0020467042922973,0.0029501322750156,0,0.9767975178740052,0.9977183395241316,cosine
2019-10-07 05:47:27.246907904,0.0027868151664733,0.0030763032225131,0,0.979382832502358,0.9982533910097956,cosine
2019-10-15 03:07:43.260482560,0.0035472512245178,0.0033602965906052,1,0.9765908785147316,0.997192047429757,cosine
2019-10-23 04:54:55.352891904,0.0040684938430786,0.0036957579708027,1,0.976855003403676,0.9975726748044748,cosine
2019-10-30 22:03:19.516393216,0.0035493969917297,0.0038991389964262,0,0.9801711258997692,0.9983134204416424,cosine
2019-11-07 00:53:40.218806016,0.0044403076171875,0.0042350754226564,1,0.97671617824167,0.9977226633863264,cosine
2019-11-14 13:41:12.079603712,0.0025978088378906,0.0042540698690901,0,0.9788857103936792,0.9976172588855884,cosine
2019-11-21 23:22:56.785410048,0.0029226541519165,0.0043255588862897,0,0.9807196198234894,0.9972779609645056,cosine
2019-11-30 20:34:38.279047936,0.003282606601715,0.004414315745516,0,0.979852249832102,0.9982134065311636,cosine
2019-12-08 09:25:22.834821632,0.0037601590156555,0.0045796836949352,0,0.982130861211877,0.9983076824902204,cosine
2019-12-12 18:50:53.435386880,0.0034374594688415,0.0046737561972812,0,0.9800404585300068,0.9980180939102798,cosine
2019-12-16 13:35:06.442365184,0.0043352842330932,0.0049143952656711,0,0.9787321063394684,0.9977508763557238,cosine
2019-12-21 06:00:31.676440064,0.0036684870719909,0.0050321832689702,0,0.9770971676378912,0.9977103371302892,cosine
2019-12-26 05:37:55.490231296,0.0041235089302062,0.0052054186936272,0,0.9793149764942914,0.9981033388219184,cosine
2019-12-30 07:47:43.296733696,0.0037172436714172,0.0052811907513464,0,0.983533540288838,0.9986466202721646,cosine
2020-01-03 16:51:19.239594752,0.0055954456329345,0.0056554733817861,0,0.98168001085629,0.997904064422759,cosine
2020-01-08 01:33:12.531953920,0.0039511322975158,0.0057315074801211,0,0.9805062948422903,0.9980880950380392,cosine
2020-01-12 15:12:23.531623168,0.0048490762710571,0.0059085460755824,0,0.9818845477896444,0.9983810152898812,cosine
2020-01-17 15:46:46.688024064,0.0040112137794494,0.0059841308677478,0,0.9809742274996628,0.997574729830632,cosine
2020-01-23 21:51:56.381055744,0.0028762221336364,0.0059532191741103,0,0.9790455590104096,0.997821978792643,cosine
2020-01-30 19:11:52.586894080,0.0037940740585327,0.0059580989018838,0,0.982368099823681,0.9984064247903502,cosine
2020-02-06 07:08:13.361990656,0.0036880373954772,0.0059253814534542,0,0.980466118819884,0.9984713729849916,cosine
2020-02-13 01:08:20.600041216,0.0022526979446411,0.0058348757611291,0,0.980594381869996,0.9985777946335452,cosine
2020-02-20 04:43:36.799451136,0.0031355023384094,0.0057503074604931,0,0.982296064278905,0.997757319264885,cosine
2020-02-27 11:09:41.174667776,0.0031032562255859,0.0056712500121725,0,0.980522115514676,0.9980716062436624,cosine
2020-03-06 10:01:34.221097216,0.0026612877845764,0.0056638252055434,0,0.9771951386043972,0.9981527258877304,cosine
2020-03-15 17:50:55.387179520,0.0029001235961914,0.0055885694501576,0,0.976470588235294,0.9979705325287408,cosine
2020-03-31 12:24:21.388140032,0.0021657347679138,0.0056175817676311,0,0.97648330855521,0.9979869100302784,cosine
2020-04-19 19:09:54.220436480,0.0041501522064208,0.0055237733107889,0,0.9787688609961276,0.9987764275734796,cosine
2020-05-06 13:02:34.439251200,0.0050683617591857,0.005638508573338,0,0.9803602871461464,0.9982450183591168,cosine
2020-05-20 22:14:33.564038144,0.0027030706405639,0.0055812802199192,0,0.9797966101694916,0.9979939286721116,cosine
2020-06-02 19:01:00.673675008,0.0025696754455566,0.0055939656692131,0,0.980089394555059,0.9982406728621536,cosine
2020-06-14 12:55:11.777557504,0.0027048587799072,0.0056022287593302,0,0.980803028254698,0.998587369584675,cosine
2020-06-25 18:31:03.157110528,0.0028826594352722,0.0055675702072271,0,0.9820585457979226,0.9985096238742716,cosine
2020-07-06 01:42:44.718910208,0.001609981060028,0.0056688535046215,0,0.9817838348401026,0.9987254640535896,cosine
2020-07-14 20:10:16.472787968,0.0016822218894958,0.0056588248772401,0,0.9784582034954612,0.9984417456364816,cosine
2020-07-23 10:45:36.111246080,0.0018719434738159,0.0057048477792323,0,0.9826356171759322,0.9985062115287798,cosine
2020-08-01 00:21:53.413779712,0.0018795728683471,0.0057503492969883,0,0.980169971671388,0.998430781905718,cosine
2020-08-09 22:33:36.310064640,0.0023082494735717,0.0057561584712905,0,0.985581458024525,0.9986509526896749,cosine
2020-08-19 11:40:47.998887680,0.0016313791275024,0.0057750796534377,0,0.9791525653174497,0.9983216062683318,cosine
2020-08-29 07:17:24.744298240,0.0021408200263977,0.0057697335573404,0,0.9801333514763914,0.9986544613580158,cosine
2020-09-08 13:07:14.854673152,0.0022876858711242,0.0056670629743091,0,0.983358138276282,0.9986346322368932,cosine
2020-09-18 15:46:03.256505856,0.0018624067306518,0.0056457129133533,0,0.982255679526818,0.9981268025393812,cosine
2020-09-28 20:35:51.413286912,0.0024101138114929,0.0055491655356394,0,0.9847028563692974,0.9985904821521646,cosine
2020-10-08 21:31:41.572937984,0.0019081830978393,0.005504173380814,0,0.9835068270920644,0.9983260266776848,cosine
2020-10-18 16:03:22.807606528,0.002703309059143,0.0050864873974133,0,0.9822832023444784,0.9985796984753094,cosine
2020-10-26 21:41:59.190437632,0.0032923817634582,0.0050136826527981,0,0.9807407407407408,0.9984083038512688,cosine
2020-11-04 17:58:27.908431360,0.0026428699493408,0.0047220988172666,0,0.982989064398542,0.9984378479677632,cosine
2020-11-13 22:28:31.770108160,0.0033998489379882,0.0046365883733439,0,0.9806521445000675,0.9983999238269854,cosine
2020-11-23 10:16:15.536645632,0.0026590824127197,0.0046271558118655,0,0.9801001759848382,0.9983419121326316,cosine
2020-12-03 15:59:54.972755200,0.0034792423248291,0.0045837971617121,0,0.9831149533972714,0.998675437306011,cosine
2020-12-12 11:15:47.909172736,0.00415700674057,0.0046621557930772,0,0.9847069968872648,0.9990173950610582,cosine
2020-12-20 03:07:40.230582528,0.0034600496292114,0.0047228090705955,0,0.9819349658771578,0.9985848715980462,cosine
2020-12-27 19:23:19.554768128,0.0042424798011779,0.0048666541233342,0,0.987362413371382,0.9992794062063745,cosine
2021-01-03 06:23:17.718913792,0.0043671131134033,0.0050254143943265,0,0.9834521727431724,0.99872027790213,cosine
2021-01-10 11:48:21.955332096,0.0034523010253906,0.0050701795758035,0,0.986776413439482,0.99910815438574,cosine
2021-01-18 01:57:13.053986560,0.0039389729499816,0.0051601449365194,0,0.9848263010781312,0.998797277724573,cosine
2021-01-25 23:09:30.944615936,0.0024182200431823,0.0051555983519695,0,0.9817592217267936,0.998323050846558,cosine
2021-02-03 12:33:21.853117696,0.003251314163208,0.0050548864801833,0,0.9845865165527408,0.9986461544188432,cosine
2021-02-12 09:54:04.417721344,0.0026444792747497,0.0047174770037866,0,0.9825779229617532,0.998757891999708,cosine
2021-02-20 16:35:42.963620352,0.0019718408584594,0.004724049446607,0,0.982966067324591,0.9985863802728536,cosine
2021-02-28 05:00:00.566801408,0.0026448965072631,0.0047256017175037,0,0.9820585457979226,0.99865716930198,cosine
2021-03-07 21:11:20.962432768,0.0029356479644775,0.0047353712421688,0,0.983461073013312,0.999011677835454,cosine
2021-03-15 20:44:33.816502528,0.0035896301269531,0.0047944916152334,0,0.9851210604625996,0.9990411326854578,cosine
2021-03-23 10:38:54.493573120,0.0026736259460449,0.004759247410193,0,0.9797761898341648,0.998720500733767,cosine
2021-03-31 06:58:45.219431936,0.0029820203781127,0.0047342596679043,0,0.9842466675642924,0.9990547629519408,cosine
2021-04-08 13:38:17.877173504,0.0031274557113647,0.004725518634819,0,0.9812881355932204,0.9983652303142312,cosine
2021-04-16 05:42:19.725994240,0.0033008456230163,0.0047214930825265,0,0.9821597513177456,0.9988658938950524,cosine
2021-04-23 19:16:04.996834304,0.002800166606903,0.0047158264916591,0,0.9844489519945908,0.9991844221743872,cosine
2021-05-01 18:30:03.026884352,0.0037642121315002,0.0047142332745301,0,0.9856817877693028,0.9992198973780494,cosine
2021-05-10 01:02:27.782891008,0.0034881234169006,0.0047215299995485,0,0.9814291481631006,0.9987078284062388,cosine
2021-05-19 04:00:54.178891776,0.0035338997840881,0.0047359696589973,0,0.9838512688288776,0.9988911648996066,cosine
2021-05-28 06:59:56.814934272,0.0033712983131408,0.0046845737058716,0,0.9836375929682216,0.9986718477503638,cosine
2021-06-06 08:10:03.114930688,0.0040238499641418,0.0047463375730125,0,0.9856698661619576,0.9988180313288908,cosine
2021-06-15 02:51:55.451059200,0.0039023756980895,0.0047194164891956,0,0.9836198727494246,0.9989317270543058,cosine
2021-06-24 11:51:15.571951104,0.0036169290542602,0.004732774892273,0,0.9836905243294244,0.998774483764801,cosine
2021-07-03 00:41:20.139074560,0.0043339133262634,0.0048402845242148,0,0.9860904794058069,0.9990300582352372,cosine
2021-07-11 03:42:50.439658240,0.0045699477195739,0.0049661491395007,0,0.9858280469699016,0.9991130667709556,cosine
2021-07-19 19:34:35.039692288,0.004335343837738,0.0050523154110084,0,0.9818845477896444,0.9987777719953944,cosine
2021-07-29 01:51:02.608172544,0.0052953362464904,0.0053014658766454,0,0.9821549276733812,0.9990594832895136,cosine
2021-08-07 10:51:27.352369408,0.0050194263458251,0.0054750811399496,0,0.9834216605517054,0.9991277648510354,cosine
2021-08-17 12:38:25.298760960,0.0057547688484191,0.0057524420633728,1,0.9831955549532456,0.9989466507167266,cosine
2021-08-28 02:15:10.444094976,0.0051965117454528,0.0059218333491071,0,0.9830531271015468,0.9989072023665696,cosine
2021-09-08 08:23:55.827413248,0.0046582221984863,0.0059648707728863,0,0.9854073773814348,0.9992764860304276,cosine
2021-09-20 02:09:24.517992448,0.0080547928810119,0.006805118442286,1,0.9833674164962508,0.998948198652258,cosine
2021-10-02 09:07:14.140529664,0.0059150457382202,0.0070251999951277,0,0.9829094334544476,0.999314443202496,cosine
2021-10-14 09:53:58.433844224,0.0069851279258728,0.0074195002342672,0,0.9858829917198316,0.9993252146922252,cosine
2021-10-26 06:50:48.638631424,0.0100712180137634,0.0085488694777972,1,0.9847654683950288,0.999173959024674,cosine
2021-11-07 02:07:38.964423168,0.0066103339195251,0.0087599549730377,0,0.9858509634820104,0.9991854951229406,cosine
2021-11-20 03:43:54.708039424,0.0781829953193664,0.040267039201892,1,0.7079028579095666,0.6543381694877807,cosine
2021-12-04 16:27:34.629209856,0.0844858288764953,0.0577663713473672,1,0.692888948859803,0.6129756944534697,cosine
2021-12-16 15:25:29.038531328,0.0924155116081237,0.0732742155424971,1,0.7032074705643524,0.6299999447588833,cosine
2021-12-28 07:33:53.691827456,0.0801804065704345,0.0827865179071557,0,0.7241004752206381,0.6089595442639874,cosine
2022-01-07 23:29:55.343080448,0.0835214853286743,0.0918088651726647,0,0.7182964871829649,0.6022975152928747,cosine
2022-01-19 00:01:43.121507840,0.078231930732727,0.0987354102142301,0,0.7134336451131896,0.614395176029269,cosine
2022-02-01 02:08:39.386309376,0.0875731706619262,0.1066691725202393,0,0.6860140788949396,0.6020920195011361,cosine
2022-02-15 21:24:12.288849152,0.0842148065567016,0.1131543160980856,0,0.6871864406779661,0.5928130371760321,cosine
2022-03-03 18:56:24.278607872,0.0815016031265258,0.1185519635687651,0,0.6862612916273426,0.6044672765502397,cosine
2022-03-20 01:26:42.440673792,0.0658429861068725,0.1213437633338923,0,0.7012599918710202,0.6070035843832118,cosine
2022-04-05 13:17:19.308122880,0.0712752342224121,0.124484730527317,0,0.700282752120641,0.5969200415761987,cosine
2022-04-22 15:56:24.990583552,0.0765270590782165,0.1278971292148357,0,0.6924438393464942,0.5952509771742679,cosine
2022-05-10 01:49:57.067557120,0.07620769739151,0.1308662342007793,0,0.6865852020948032,0.5867689699991769,cosine
2022-05-26 23:41:19.694324992,0.0800081491470336,0.133879645041007,0,0.692601171821774,0.5862204836690921,cosine
2022-06-13 19:31:30.953625856,0.0813285708427429,0.1366462542825712,0,0.7063870352716873,0.5999926459072181,cosine
2022-07-01 05:13:34.188655360,0.0799662470817565,0.1388102724337649,0,0.7135282121006118,0.6122314093367258,cosine
2022-07-19 07:43:38.707995136,0.0755163431167602,0.1400731410705955,0,0.7150632739148184,0.5904891588394284,cosine
2022-08-03 21:19:20.825760512,0.0830423235893249,0.1417292347887195,0,0.7179001488296577,0.5890484316325203,cosine
2022-08-20 21:57:39.515699200,0.0728921890258789,0.141985286625295,0,0.7087875117749967,0.5876377806366361,cosine
2022-09-08 12:21:15.658391552,0.0838199257850647,0.1427717994673089,0,0.7056106507268034,0.5979556096174928,cosine
2022-09-29 05:47:21.496285952,0.0797963142395019,0.142726268162476,0,0.7102526002971769,0.5868182809386289,cosine
2022-10-17 10:02:33.443390208,0.0862278938293457,0.1426873648035312,0,0.7228915662650602,0.5734394626800947,cosine
2022-11-03 19:29:27.377822464,0.0798869729042053,0.1415155855499444,0,0.7336480107889414,0.5803756586775455,cosine
2022-11-22 04:43:40.296791552,0.0903814435005188,0.1405001437278979,0,0.7608194274860941,0.5684594943910825,cosine
2022-12-12 18:26:22.581661952,0.1015691757202148,0.1397445319159255,0,0.7535525781567195,0.5736545178875823,cosine
2023-01-01 16:50:34.107695360,0.1032079458236694,0.1385667011626782,0,0.7775238607339696,0.5725183312382702,cosine
2023-01-21 22:36:39.085148160,0.1096143722534179,0.1365141468760712,0,0.763359806165029,0.5718948551000891,cosine
2023-02-19 18:52:46.886860032,0.1224370002746582,0.1350191786539073,0,0.7478603450618122,0.5715764019509713,cosine
2023-03-20 16:48:23.729529344,0.1275421380996704,0.1330144641009616,0,0.7495614626905951,0.5793050523471636,cosine
2023-05-24 23:45:22.533269760,0.1747170686721801,0.1416328577280962,1,0.7254461335095836,0.5739864479921157,cosine
2015-01-11 08:09:48.506820096,0.0,0.0058423214741317,0,0.9820807702594276,0.9973916716569126,wasserstein_histogram
2015-02-05 05:45:21.200667648,0.0011687351846856,0.0058423214741317,0,0.9755674232309748,0.9963946645121632,wasserstein_histogram
2015-02-28 16:39:17.016885504,0.0029415084995194,0.0058423214741317,0,0.9777539533637096,0.9957381803589668,wasserstein_histogram
2015-03-24 08:51:32.283909632,0.0038621202164816,0.0058423214741317,0,0.9722074468085108,0.99592193589534,wasserstein_histogram
2015-04-19 23:55:22.089075712,0.0038482582466769,0.0058423214741317,0,0.9747596153846154,0.995621762789683,wasserstein_histogram
2015-05-16 05:23:02.882852864,0.0056171941723957,0.0058423214741317,0,0.9747910488002156,0.9951544258628652,wasserstein_histogram
2015-06-11 17:01:20.739780864,0.0046262396436089,0.0058423214741317,0,0.9754207854662036,0.9959718922349832,wasserstein_histogram
2015-07-07 02:48:50.688933888,0.0038699071080002,0.0058423214741317,0,0.9734143049932524,0.9954411281334216,wasserstein_histogram
2015-07-30 15:34:58.859391744,0.0036512472523211,0.0058423214741317,0,0.9753201707577376,0.995919278433188,wasserstein_histogram
2015-08-21 15:05:12.752964864,0.0039115758125672,0.0058423214741317,0,0.9747978436657682,0.9951549073703082,wasserstein_histogram
2015-09-12 21:37:22.907615744,0.0040728160066109,0.0058423214741317,0,0.9737194958433896,0.9967122383874012,wasserstein_histogram
2015-10-05 21:53:33.587716864,0.005764892048212,0.0058423214741317,0,0.9758022093634928,0.9972455237358976,wasserstein_histogram
2015-10-26 04:25:22.448119552,0.0052025715577281,0.0058423214741317,0,0.9733262203254202,0.9956075193809828,wasserstein_histogram
2015-11-13 17:02:05.369004800,0.0050574147650025,0.0058423214741317,0,0.9748830995323982,0.996506195164423,wasserstein_histogram
2015-12-02 07:12:01.405064960,0.0048125921512566,0.0058423214741317,0,0.9764169904863996,0.9966623651246994,wasserstein_histogram
2015-12-22 18:55:59.606276864,0.0049941705106061,0.0058423214741317,0,0.9703663793103448,0.9960126635069232,wasserstein_histogram
2016-01-10 08:06:09.746892288,0.0050060058531552,0.0058423214741317,0,0.9744776514149696,0.9959212977336231,wasserstein_histogram
2016-01-21 04:39:16.918586112,0.0045243249661775,0.0058423214741317,0,0.9752276379217996,0.99565376818614,wasserstein_histogram
2016-02-02 02:58:14.565866496,0.0039663943428916,0.0058423214741317,0,0.9752,0.9957445729855394,wasserstein_histogram
2016-02-14 18:06:33.121078016,0.0039813589571163,0.0058423214741317,0,0.976401179941003,0.995136070591376,wasserstein_histogram
2016-02-26 21:17:57.877155840,0.0037220892858156,0.0058423214741317,0,0.9751923587158398,0.9963266425151,wasserstein_histogram
2016-03-09 07:50:47.186913280,0.0034605255239377,0.0058423214741317,0,0.9746580852775544,0.9954687573729653,wasserstein_histogram
2016-03-21 19:27:45.574640896,0.0046709208759829,0.0058423214741317,0,0.9757849920170304,0.9966273167605524,wasserstein_histogram
2016-04-04 14:40:47.423562496,0.0044110048938741,0.0058423214741317,0,0.973267060720043,0.9954549086588884,wasserstein_histogram
2016-04-19 00:35:56.588087808,0.0042897388074309,0.0058423214741317,0,0.9734548335974644,0.9953450653822644,wasserstein_histogram
2016-04-29 09:06:52.916020480,0.0041834929470651,0.0058423214741317,0,0.9729874297940626,0.9952464292989204,wasserstein_histogram
2016-05-10 06:38:48.651970048,0.0053026729993815,0.0058423214741317,0,0.9717233985526668,0.9952706076965744,wasserstein_histogram
2016-05-21 10:47:31.657382656,0.0052308773564169,0.0058423214741317,0,0.9773454157782516,0.9959949892631766,wasserstein_histogram
2016-06-01 08:05:10.293080576,0.0049162832783631,0.0058423214741317,0,0.9722148009617954,0.9954980218562054,wasserstein_histogram
2016-06-11 14:38:48.016489472,0.004700747597274,0.0058423214741317,0,0.9751329787234042,0.9958026190877796,wasserstein_histogram
2016-06-22 00:57:55.235603712,0.0048973424037012,0.0058423214741317,0,0.9765974230870366,0.9960748749469592,wasserstein_histogram
2016-07-02 07:25:22.794145280,0.0047645976294107,0.0058423214741317,0,0.972730918326427,0.9956982330518912,wasserstein_histogram
2016-07-13 09:27:46.314788096,0.004802131204399,0.0058423214741317,0,0.971322849213691,0.9948799666264048,wasserstein_histogram
2016-07-22 03:46:52.547762176,0.0047627109300457,0.0058423214741317,0,0.970741482965932,0.9943637526262904,wasserstein_histogram
2016-07-31 10:31:14.596140800,0.0045336604685183,0.0058423214741317,0,0.9704590818363272,0.995318887980376,wasserstein_histogram
2016-08-09 22:13:06.052518912,0.0046702346384997,0.0058423214741317,0,0.9748763864760124,0.9958252967429676,wasserstein_histogram
2016-08-19 15:46:13.900492800,0.0047043290339412,0.0058423214741317,0,0.9682962568269616,0.995206116487054,wasserstein_histogram
2016-08-29 05:53:12.757607936,0.0042260347906004,0.0058423214741317,0,0.9685049833887044,0.9953991244094098,wasserstein_histogram
2016-09-08 09:39:44.793902336,0.0046864593860957,0.0058423214741317,0,0.974703767807216,0.9964862001306454,wasserstein_histogram
2016-09-18 06:03:33.502058752,0.004590497885582,0.0058423214741317,0,0.9721078496480277,0.9957278517704528,wasserstein_histogram
2016-09-27 18:24:40.967160576,0.0044587971677497,0.0058423214741317,0,0.9707649179014818,0.9951950672651252,wasserstein_histogram
2016-10-07 13:41:23.872992768,0.0043948120026346,0.0058423214741317,0,0.9700066357000664,0.9951628968859444,wasserstein_histogram
2016-10-17 11:55:33.511858432,0.0042937100681513,0.0058423214741317,0,0.9749430523917996,0.9965663720648624,wasserstein_histogram
2016-10-27 01:29:41.976607488,0.0042768767917761,0.0058423214741317,0,0.9677850554738672,0.9948193011232784,wasserstein_histogram
2016-11-05 01:35:03.399676928,0.0042332340590403,0.0058423214741317,0,0.9741622930964876,0.9961169449653317,wasserstein_histogram
2016-11-14 19:01:10.739316736,0.0041848419781196,0.0058423214741317,0,0.9724045545880776,0.9951873849013252,wasserstein_histogram
2016-11-25 12:35:37.448248320,0.0041474209553236,0.0058423214741317,0,0.968562674836819,0.9943729423206012,wasserstein_histogram
2016-12-03 15:52:34.117192704,0.004505813192733,0.0058423214741317,0,0.9703023039019842,0.996177784409808,wasserstein_histogram
2016-12-10 08:59:30.693692160,0.0045791599417788,0.0058423214741317,0,0.975596746232831,0.9957150348138878,wasserstein_histogram
2016-12-17 08:49:39.525993984,0.004513720628687,0.0058423214741317,0,0.9724770642201837,0.9958783696859832,wasserstein_histogram
2016-12-24 06:30:44.857579520,0.0048584530838403,0.0058423214741317,0,0.9751561046897834,0.9964480545386588,wasserstein_histogram
2016-12-30 03:47:24.421860352,0.004904727194314,0.0058423214741317,0,0.9743284372105332,0.9962206664039944,wasserstein_histogram
2017-01-04 22:16:38.277375232,0.0048207162793671,0.0058423214741317,0,0.975886151008038,0.996317702279957,wasserstein_histogram
2017-01-10 20:56:48.223647488,0.0043840423948372,0.0058423214741317,0,0.9739478957915833,0.9955256790360728,wasserstein_histogram
2017-01-17 04:59:38.757997568,0.004095724018769,0.0058423214741317,0,0.9745683308794004,0.9961872896245488,wasserstein_histogram
2017-01-24 02:28:52.148750848,0.004104935968594,0.0058423214741317,0,0.9761999206664024,0.9960563049754436,wasserstein_histogram
2017-01-31 17:37:25.901447424,0.0036767138143865,0.0058423214741317,0,0.9717093903572852,0.9956585327842812,wasserstein_histogram
2017-02-08 10:39:14.659304192,0.0038279978764891,0.0058423214741317,0,0.9747387911651898,0.996188022503812,wasserstein_histogram
2017-02-16 13:19:43.407748864,0.0035726332039111,0.0058423214741317,0,0.9743486973947896,0.9962613055846748,wasserstein_histogram
2017-02-25 01:31:15.515959808,0.00377859932961,0.0058423214741317,0,0.968474977013004,0.9943666800059094,wasserstein_histogram
2017-03-04 23:00:53.579133440,0.0034594490439036,0.0058423214741317,0,0.9748658201335252,0.9957494156392072,wasserstein_histogram
2017-03-12 14:57:13.493110272,0.0035467845833126,0.0058423214741317,0,0.9720401337792642,0.9944768508040088,wasserstein_histogram
2017-03-19 07:30:07.155601920,0.0033814328882204,0.0058423214741317,0,0.9744358940915612,0.99639635234845,wasserstein_histogram
2017-03-26 15:48:53.983547904,0.0035401142855422,0.0058423214741317,0,0.9734642430675337,0.9961268857027954,wasserstein_histogram
2017-04-03 09:24:18.020380928,0.0031029568420482,0.0058423214741317,0,0.970960436925536,0.995292120370584,wasserstein_histogram
2017-04-11 11:19:21.909979904,0.0035235214249318,0.0058423214741317,0,0.9703951774949764,0.995716189898255,wasserstein_histogram
2017-04-19 13:38:16.158673664,0.0034724355849193,0.0058423214741317,0,0.9681595983617388,0.9956322506718136,wasserstein_histogram
2017-04-27 04:32:28.451162880,0.0034531225629909,0.0058423214741317,0,0.9730232558139534,0.9964345856056284,wasserstein_histogram
2017-05-05 05:58:39.392567040,0.0033494393809097,0.0058423214741317,0,0.9718928999600372,0.9957892869085724,wasserstein_histogram
2017-05-14 04:22:32.892679424,0.0040572218749794,0.0058423214741317,0,0.9721961047683008,0.9960161450779934,wasserstein_histogram
2017-05-21 19:24:48.956270336,0.0040012815818843,0.0058423214741317,0,0.970059093893631,0.9952534884661072,wasserstein_histogram
2017-05-29 21:29:31.905385472,0.0038086781811038,0.0058423214741317,0,0.970867299211546,0.9957772404447194,wasserstein_histogram
2017-06-06 21:26:11.897116160,0.0046897481197369,0.0058423214741317,0,0.9696969696969696,0.9947705264957052,wasserstein_histogram
2017-06-14 20:46:07.987727104,0.0045263691932351,0.0058423214741317,0,0.9715977924350518,0.9959514671553268,wasserstein_histogram
2017-06-22 20:00:49.528886016,0.0045826750934591,0.0058423214741317,0,0.9706871050154632,0.9954542495519124,wasserstein_histogram
2017-07-01 09:36:16.053435904,0.0043885116137746,0.0058423214741317,0,0.9682281059063136,0.9946955789197292,wasserstein_histogram
2017-07-12 14:58:14.009790208,0.0047760941882254,0.0058423214741317,0,0.95874079035499,0.9932898510072632,wasserstein_histogram
2017-07-19 05:59:53.470542080,0.0043189354109886,0.0058423214741317,0,0.9781700579436734,0.9969926543554688,wasserstein_histogram
2017-07-24 10:00:41.826860544,0.0044260285578967,0.0058423214741317,0,0.9705215419501134,0.995800313666868,wasserstein_histogram
2017-07-31 22:57:28.080697088,0.0044251785235793,0.0058423214741317,0,0.9682453521509023,0.9948123526042432,wasserstein_histogram
2017-08-07 12:03:09.532411648,0.0042662213268809,0.0058423214741317,0,0.969857433808554,0.99564967393878,wasserstein_histogram
2017-08-14 17:50:42.746228992,0.0041172090111187,0.0058423214741317,0,0.9726694628602354,0.9961236425747798,wasserstein_histogram
2017-08-21 07:36:09.961766656,0.0040586776983938,0.0058423214741317,0,0.973317079777868,0.9954568507284136,wasserstein_histogram
2017-08-28 19:57:39.823730432,0.0043624952195011,0.0058423214741317,0,0.9737515143357114,0.9959691165193416,wasserstein_histogram
2017-09-05 01:55:46.054718208,0.0043448580362225,0.0058423214741317,0,0.9687626774847872,0.9957836560567216,wasserstein_histogram
2017-09-13 14:01:37.723277568,0.0043234334919288,0.0058423214741317,0,0.9726250169399648,0.9964311913372632,wasserstein_histogram
2017-09-22 02:41:11.360974336,0.0042585927400823,0.0058423214741317,0,0.9749016415683084,0.996122140708257,wasserstein_histogram
2017-09-30 17:22:12.757061120,0.0039764417364585,0.0058423214741317,0,0.9742261011864176,0.995511478159087,wasserstein_histogram
2017-10-09 12:10:52.014179840,0.0041329017863414,0.0058423214741317,0,0.9719184555150532,0.9964949181523726,wasserstein_histogram
2017-10-18 05:33:31.071549952,0.0043024631125633,0.0058423214741317,0,0.9697627118644068,0.9962838814190412,wasserstein_histogram
2017-10-26 10:29:49.184672256,0.0040618026490964,0.0058423214741317,0,0.9689147182051628,0.9948879845193208,wasserstein_histogram
2017-11-03 13:32:06.526492928,0.0040087728693403,0.0058423214741317,0,0.9691182446160096,0.9957077980938176,wasserstein_histogram
2017-11-12 11:16:33.610533376,0.0043656925087384,0.0058423214741317,0,0.9724425325984676,0.9957261735143615,wasserstein_histogram
2017-11-22 09:22:30.779576064,0.0044024477288315,0.0058423214741317,0,0.9677157908955828,0.995645429134305,wasserstein_histogram
2017-12-02 00:14:20.750861312,0.0043600170226577,0.0058423214741317,0,0.9707673568818516,0.9954670455382516,wasserstein_histogram
2017-12-10 18:38:30.163156736,0.0048397711300261,0.0058423214741317,0,0.9676593451017385,0.9966062113766786,wasserstein_histogram
2017-12-19 10:11:00.917120000,0.0045151422261766,0.0058423214741317,0,0.9671953368578012,0.9954450084977052,wasserstein_histogram
2017-12-29 04:55:25.730855936,0.0046348792295445,0.0058423214741317,0,0.9712776046606152,0.9961194834746752,wasserstein_histogram
2018-01-07 05:03:58.074396160,0.0046768865191368,0.0058423214741317,0,0.968060630667208,0.9959592016513176,wasserstein_histogram
2018-01-13 01:15:01.810510336,0.0047642554955469,0.0058423214741317,0,0.9721358041390504,0.9961572174932212,wasserstein_histogram
2018-01-20 09:23:07.746618368,0.0045682383643818,0.0058423214741317,0,0.9742830214083747,0.9965412695809917,wasserstein_histogram
2018-01-28 08:00:23.843254272,0.0045457605562113,0.0058423214741317,0,0.9717659834396634,0.9959328974122644,wasserstein_histogram
2018-02-05 16:11:44.747650816,0.0044684532836102,0.0058423214741317,0,0.9694054776219104,0.9955197725967956,wasserstein_histogram
2018-02-14 04:34:46.924671744,0.0045414529416425,0.0058423214741317,0,0.9728781540952638,0.9967522829056036,wasserstein_histogram
2018-02-22 06:31:20.301297664,0.0041525451725764,0.0058423214741317,0,0.9759491960545872,0.9965246801684146,wasserstein_histogram
2018-03-02 00:39:40.729383424,0.004323893274223,0.0058423214741317,0,0.9679443459282498,0.995520898869246,wasserstein_histogram
2018-03-09 23:00:57.028640000,0.0046411731927719,0.0058423214741317,0,0.970496684260387,0.9955959799397816,wasserstein_histogram
2018-03-18 07:01:04.328294144,0.0040748490194899,0.0058423214741317,0,0.9755080069977125,0.9969361824159156,wasserstein_histogram
2018-03-26 00:14:58.361884672,0.0045451850667373,0.0058423214741317,0,0.9726694628602354,0.9966879703312186,wasserstein_histogram
2018-04-02 21:40:45.219374592,0.0045153795571483,0.0058423214741317,0,0.9690931272875152,0.9959719702861554,wasserstein_histogram
2018-04-10 13:53:58.238752000,0.0042396785767456,0.0058423214741317,0,0.9690498716042708,0.9953859238346554,wasserstein_histogram
2018-04-18 05:52:30.149701888,0.0045786012118538,0.0058423214741317,0,0.9755702523957348,0.997130952215545,wasserstein_histogram
2018-04-26 08:23:35.867226112,0.0042391590970948,0.0058423214741317,0,0.9734453326107574,0.9968284343893812,wasserstein_histogram
2018-05-04 09:15:51.821802496,0.0047180243559334,0.0058423214741317,0,0.9745751189666894,0.9969512466018596,wasserstein_histogram
2018-05-12 21:50:43.518119424,0.0041941214649133,0.0058423214741317,0,0.9710693524401784,0.9950647520381928,wasserstein_histogram
2018-05-21 12:17:53.595243520,0.0046563383799375,0.0058423214741317,0,0.9689098250336474,0.9958844660502816,wasserstein_histogram
2018-05-29 22:37:11.426733056,0.0045087068161007,0.0058423214741317,0,0.9747830802603036,0.9967097961411028,wasserstein_histogram
2018-06-07 00:32:46.876511488,0.0046047632978861,0.0058423214741317,0,0.9691266079891672,0.9961695922638266,wasserstein_histogram
2018-06-14 14:02:17.009661696,0.0042421713134626,0.0058423214741317,0,0.9713517148621386,0.9957839400154544,wasserstein_histogram
2018-06-22 06:59:06.886837248,0.004402763065302,0.0058423214741317,0,0.9738800920286912,0.9964713986687272,wasserstein_histogram
2018-06-29 16:42:36.076887296,0.0043149424674826,0.0049661460480338,0,0.9756031075371404,0.9955342530814704,wasserstein_histogram
2018-07-07 12:49:43.480511488,0.0045549455936853,0.0049420964431401,0,0.971390194761585,0.9961315788142198,wasserstein_histogram
2018-07-15 21:09:54.719060224,0.0044557589258678,0.0049425403074561,0,0.9668613336955044,0.9951747856281422,wasserstein_histogram
2018-07-25 08:17:45.434097408,0.0048942865716039,0.0049936952139064,0,0.970766536440792,0.995847780823082,wasserstein_histogram
2018-08-01 18:41:05.208256000,0.0047286822089812,0.0050129529280208,0,0.9721061851502492,0.9966802754364842,wasserstein_histogram
2018-08-08 13:01:39.231343616,0.0045707850387599,0.0049808501393504,0,0.9759739378308674,0.9969737355978576,wasserstein_histogram
2018-08-15 14:51:17.696300544,0.0045138936493259,0.0049807984334798,0,0.9732973701955496,0.996484146345738,wasserstein_histogram
2018-08-23 01:01:27.213691648,0.0049737086474116,0.0050343376521621,0,0.9749220550359224,0.9964475812699356,wasserstein_histogram
2018-08-30 21:06:44.884686336,0.0050422506288949,0.0050943591207012,0,0.9712356515867656,0.996684405061541,wasserstein_histogram
2018-09-08 13:18:56.003451648,0.0048917759929274,0.0051126065150414,0,0.9731335223437289,0.9966561127661664,wasserstein_histogram
2018-09-17 07:39:59.075442944,0.0045549911843384,0.0051119849256239,0,0.968618963884756,0.9958626966431002,wasserstein_histogram
2018-09-26 03:50:15.335848704,0.004920473825925,0.0051509067110389,0,0.9749494949494948,0.9971163396488072,wasserstein_histogram
2018-10-05 07:32:21.802231808,0.0050283888085018,0.00520702788801,0,0.9723389830508474,0.9969995220535788,wasserstein_histogram
2018-10-13 18:44:58.700504832,0.004870367766873,0.0052331703853594,0,0.9727090301003344,0.9969405078692458,wasserstein_histogram
2018-10-21 16:45:27.440193024,0.0047652153099359,0.0052309676169179,0,0.9734477671986054,0.9970424265632728,wasserstein_histogram
2018-10-29 08:42:23.578923776,0.0049853758571345,0.0052653048879624,0,0.9744629104175112,0.9964196933702334,wasserstein_histogram
2018-11-06 04:18:43.090291968,0.0049789507640745,0.0052973002204423,0,0.9737379235270104,0.9970263242930292,wasserstein_histogram
2018-11-14 20:25:18.838155776,0.0052747669206657,0.0053504312325881,0,0.9744421906693712,0.9967541831948612,wasserstein_histogram
2018-11-23 09:54:35.962477312,0.0051249152659416,0.005398256978819,0,0.9738811046116176,0.997088312527828,wasserstein_histogram
2018-12-01 08:47:21.810177536,0.0050502321253925,0.0054307522839175,0,0.9736172492299452,0.9974142202403072,wasserstein_histogram
2018-12-09 00:42:57.972538368,0.0050341435039461,0.0054407644375453,0,0.9775326247813804,0.9977793933205324,wasserstein_histogram
2018-12-15 23:21:59.329690368,0.0050968522640135,0.0054738933292811,0,0.973595125253893,0.9968975369044883,wasserstein_histogram
2018-12-23 11:05:31.167271680,0.0053172809569105,0.005516083832536,0,0.9774072081764388,0.9976090350557466,wasserstein_histogram
2018-12-29 17:00:32.257942272,0.0056875991867041,0.0056531202814831,1,0.975869506605554,0.997331688743848,wasserstein_histogram
2019-01-04 13:52:37.531022848,0.0054908835465444,0.0057004619253371,0,0.9787899388171312,0.9972237999905712,wasserstein_histogram
2019-01-10 06:41:21.192833792,0.005387772467341,0.0057528493083422,0,0.9780131384904144,0.9972199223071782,wasserstein_histogram
2019-01-16 10:38:04.728266752,0.0052438947325182,0.0057753383577799,0,0.9745955341623213,0.9968490101667004,wasserstein_histogram
2019-01-23 06:52:45.774218752,0.0049347182622125,0.0057756012943432,0,0.9759739378308674,0.9972091158355384,wasserstein_histogram
2019-01-30 17:31:41.145020928,0.004948665466866,0.0057414776590058,0,0.9788474576271188,0.997886025575489,wasserstein_histogram
2019-02-07 08:25:49.291846912,0.0054612609613283,0.0057712010293987,0,0.9762962962962964,0.9977198022717834,wasserstein_histogram
2019-02-16 00:10:19.823346432,0.005184436149685,0.0057452349349729,0,0.973176978029384,0.9973952665521532,wasserstein_histogram
2019-02-24 03:28:32.059029760,0.0051512396751162,0.0057387189600369,0,0.9751898047722344,0.9972085035308752,wasserstein_histogram
2019-03-03 23:26:39.587647232,0.0049311784343312,0.0057071594536742,0,0.97664686825054,0.9967304682601446,wasserstein_histogram
2019-03-11 23:36:41.152388864,0.0049941006719159,0.0057076327046368,0,0.9731888964116452,0.9968942057790986,wasserstein_histogram
2019-03-20 03:09:37.201606144,0.0052506285534072,0.0057157100067304,0,0.9746027434469644,0.9975200321623346,wasserstein_histogram
2019-03-28 13:04:36.918506240,0.0050160400154081,0.0056915621094126,0,0.9742274996626636,0.9965933070552636,wasserstein_histogram
2019-04-06 03:31:12.239665920,0.0052065024963767,0.0056608745944166,0,0.979311283517082,0.9977851458885942,wasserstein_histogram
2019-04-14 13:17:12.127801088,0.0050787838025085,0.0056617177052149,0,0.9717223650385604,0.9968437129048984,wasserstein_histogram
2019-04-22 20:24:59.649585152,0.0049754335386422,0.0056616260784722,0,0.9778647590767984,0.9974835671350402,wasserstein_histogram
2019-04-30 21:09:58.900908032,0.0047831545881577,0.0056681030246072,0,0.979694057127386,0.997199819880671,wasserstein_histogram
2019-05-08 12:33:29.212087808,0.0050449810184463,0.005628854737579,0,0.977509822517274,0.9973049492909704,wasserstein_histogram
2019-05-15 23:08:27.200681472,0.0049033073920761,0.0056296185475093,0,0.9787694388100068,0.9975537046252196,wasserstein_histogram
2019-05-23 08:52:22.653012224,0.0051543007657323,0.0056329392077532,0,0.9774598461330812,0.9981649238426784,wasserstein_histogram
2019-05-30 22:52:33.977469440,0.0050055303135322,0.0056279070338097,0,0.9748206308379586,0.9970015375734812,wasserstein_histogram
2019-06-07 01:21:35.321539072,0.004940814364024,0.0056144581709696,0,0.9780234596197924,0.997788728848026,wasserstein_histogram
2019-06-13 23:08:36.748116224,0.0049976316860991,0.00561419344297,0,0.97457857531267,0.9970495620931236,wasserstein_histogram
2019-06-19 21:51:20.566598400,0.0045060284346844,0.005667815989709,0,0.9801028695181376,0.9978177458033574,wasserstein_histogram
2019-06-25 13:38:20.489797632,0.0047470624805718,0.0056668437482695,0,0.9761036857027136,0.996620508220997,wasserstein_histogram
2019-07-01 04:13:41.139450112,0.0048886741707498,0.0056655317499406,0,0.9776008635811632,0.9977094708283308,wasserstein_histogram
2019-07-06 15:14:53.627373824,0.0048917565523645,0.0056662451501185,0,0.9786663088689118,0.9972674219848372,wasserstein_histogram
2019-07-12 01:09:43.613655808,0.0048358393562715,0.0056691243798464,0,0.9760260056887444,0.9974870453426832,wasserstein_histogram
2019-07-17 12:14:25.262008832,0.0049327133788637,0.0056665514274903,0,0.9789103690685412,0.9974053153362448,wasserstein_histogram
2019-07-23 01:38:22.589190400,0.0048894067631251,0.0056452461491475,0,0.977675551346232,0.9974583604182452,wasserstein_histogram
2019-07-29 00:02:24.235024128,0.0049570591253187,0.0055428920192342,0,0.9756953821226032,0.9970230760243518,wasserstein_histogram
2019-08-04 14:57:42.356743168,0.0049953699601097,0.0054790265767229,0,0.9786371011357492,0.9972539251207728,wasserstein_histogram
2019-08-11 22:40:47.209317632,0.0049781349527647,0.0054311902280151,0,0.9768723947828424,0.997945779605962,wasserstein_histogram
2019-08-19 12:11:12.264657664,0.0049663125156838,0.0054063803012627,0,0.9727457627118644,0.9971253660746942,wasserstein_histogram
2019-08-26 12:18:00.631070464,0.0050852891801343,0.0054130680664621,0,0.9799481653253308,0.9981271990925036,wasserstein_histogram
2019-09-02 23:59:24.102610944,0.0054013181860402,0.0054660092302722,0,0.9741252178576216,0.997159343456792,wasserstein_histogram
2019-09-11 14:18:50.241135616,0.0051577820597123,0.0054112836626748,0,0.9762840493291776,0.9974481492833196,wasserstein_histogram
2019-09-20 07:11:53.724405760,0.005033180941493,0.0053973423486949,0,0.980169971671388,0.9977836137503694,wasserstein_histogram
2019-09-28 17:43:57.425362688,0.0051432861740117,0.0053964364406749,0,0.9767975178740052,0.9977183395241316,wasserstein_histogram
2019-10-07 05:47:27.246907904,0.0052270461377346,0.0054189037054346,0,0.979382832502358,0.9982533910097956,wasserstein_histogram
2019-10-15 03:07:43.260482560,0.0052123036854846,0.0054368798041115,0,0.9765908785147316,0.997192047429757,wasserstein_histogram
2019-10-23 04:54:55.352891904,0.005625578559884,0.0055206702228887,1,0.976855003403676,0.9975726748044748,wasserstein_histogram
2019-10-30 22:03:19.516393216,0.0053865995682436,0.0055593989439174,0,0.9801711258997692,0.9983134204416424,wasserstein_histogram
2019-11-07 00:53:40.218806016,0.0057175484433416,0.005655598836887,1,0.97671617824167,0.9977226633863264,wasserstein_histogram
2019-11-14 13:41:12.079603712,0.0055218763756293,0.0057064430104783,0,0.9788857103936792,0.9976172588855884,wasserstein_histogram
2019-11-21 23:22:56.785410048,0.0056110355377542,0.0057712796887971,0,0.9807196198234894,0.9972779609645056,wasserstein_histogram
2019-11-30 20:34:38.279047936,0.0055159512890226,0.0058073134706797,0,0.979852249832102,0.9982134065311636,wasserstein_histogram
2019-12-08 09:25:22.834821632,0.0058005168061904,0.0058973521679246,0,0.982130861211877,0.9983076824902204,wasserstein_histogram
2019-12-12 18:50:53.435386880,0.0056157042209647,0.0059428313580682,0,0.9800404585300068,0.9980180939102798,wasserstein_histogram
2019-12-16 13:35:06.442365184,0.0059189107392658,0.0060393547909492,0,0.9787321063394684,0.9977508763557238,wasserstein_histogram
2019-12-21 06:00:31.676440064,0.0057644940483728,0.0060988560928101,0,0.9770971676378912,0.9977103371302892,wasserstein_histogram
2019-12-26 05:37:55.490231296,0.0060188473574689,0.0061965000404673,0,0.9793149764942914,0.9981033388219184,wasserstein_histogram
2019-12-30 07:47:43.296733696,0.0060103664210423,0.0062825465296339,0,0.983533540288838,0.9986466202721646,wasserstein_histogram
2020-01-03 16:51:19.239594752,0.0063802756273559,0.0063956194984535,0,0.98168001085629,0.997904064422759,wasserstein_histogram
2020-01-08 01:33:12.531953920,0.0061443635871702,0.0064644351620548,0,0.9805062948422903,0.9980880950380392,wasserstein_histogram
2020-01-12 15:12:23.531623168,0.0063882691228173,0.0065780764998266,0,0.9818845477896444,0.9983810152898812,wasserstein_histogram
2020-01-17 15:46:46.688024064,0.005893028546667,0.0066000801513718,0,0.9809742274996628,0.997574729830632,wasserstein_histogram
2020-01-23 21:51:56.381055744,0.0057002736037206,0.0065936879728471,0,0.9790455590104096,0.997821978792643,wasserstein_histogram
2020-01-30 19:11:52.586894080,0.0057294152001464,0.0065922763450059,0,0.982368099823681,0.9984064247903502,wasserstein_histogram
2020-02-06 07:08:13.361990656,0.0057131805296926,0.0065805767431302,0,0.980466118819884,0.9984713729849916,wasserstein_histogram
2020-02-13 01:08:20.600041216,0.0054965816166199,0.0065611022869112,0,0.980594381869996,0.9985777946335452,wasserstein_histogram
2020-02-20 04:43:36.799451136,0.0057888309810348,0.0065547799313264,0,0.982296064278905,0.997757319264885,wasserstein_histogram
2020-02-27 11:09:41.174667776,0.0056057370416116,0.0065313799167014,0,0.980522115514676,0.9980716062436624,wasserstein_histogram
2020-03-06 10:01:34.221097216,0.0056890595916478,0.0065039221890679,0,0.9771951386043972,0.9981527258877304,wasserstein_histogram
2020-03-15 17:50:55.387179520,0.0058179840396086,0.0064914095982545,0,0.976470588235294,0.9979705325287408,wasserstein_histogram
2020-03-31 12:24:21.388140032,0.0054863529154575,0.0064893861287371,0,0.97648330855521,0.9979869100302784,wasserstein_histogram
2020-04-19 19:09:54.220436480,0.0053131549915524,0.0064770813215171,0,0.9787688609961276,0.9987764275734796,wasserstein_histogram
2020-05-06 13:02:34.439251200,0.0055141498246837,0.0064400965535927,0,0.9803602871461464,0.9982450183591168,wasserstein_histogram
2020-05-20 22:14:33.564038144,0.0052903710833857,0.0064251942292481,0,0.9797966101694916,0.9979939286721116,wasserstein_histogram
2020-06-02 19:01:00.673675008,0.0054587792436447,0.0064088293128064,0,0.980089394555059,0.9982406728621536,wasserstein_histogram
2020-06-14 12:55:11.777557504,0.0056169541220752,0.0063859053275553,0,0.980803028254698,0.998587369584675,wasserstein_histogram
2020-06-25 18:31:03.157110528,0.005395758690449,0.0063926591396768,0,0.9820585457979226,0.9985096238742716,wasserstein_histogram
2020-07-06 01:42:44.718910208,0.0056128182121858,0.0063852444908506,0,0.9817838348401026,0.9987254640535896,wasserstein_histogram
2020-07-14 20:10:16.472787968,0.0053563376491065,0.0063926179568997,0,0.9784582034954612,0.9984417456364816,wasserstein_histogram
2020-07-23 10:45:36.111246080,0.005329393117177,0.0064021740273481,0,0.9826356171759322,0.9985062115287798,wasserstein_histogram
2020-08-01 00:21:53.413779712,0.0053694965382119,0.006408643357753,0,0.980169971671388,0.998430781905718,wasserstein_histogram
2020-08-09 22:33:36.310064640,0.0053299043473463,0.0064166258480764,0,0.985581458024525,0.9986509526896749,wasserstein_histogram
2020-08-19 11:40:47.998887680,0.0053069089859771,0.006417265757621,0,0.9791525653174497,0.9983216062683318,wasserstein_histogram
2020-08-29 07:17:24.744298240,0.0053017423538015,0.0064244626655198,0,0.9801333514763914,0.9986544613580158,wasserstein_histogram
2020-09-08 13:07:14.854673152,0.0055819466476097,0.0064042019943888,0,0.983358138276282,0.9986346322368932,wasserstein_histogram
2020-09-18 15:46:03.256505856,0.0054016432540267,0.0063978452508463,0,0.982255679526818,0.9981268025393812,wasserstein_histogram
2020-09-28 20:35:51.413286912,0.0054414163277156,0.0063618577213919,0,0.9847028563692974,0.9985904821521646,wasserstein_histogram
2020-10-08 21:31:41.572937984,0.0054446169670346,0.0063235695496597,0,0.9835068270920644,0.9983260266776848,wasserstein_histogram
2020-10-18 16:03:22.807606528,0.0053754831761587,0.0061984949744657,0,0.9822832023444784,0.9985796984753094,wasserstein_histogram
2020-10-26 21:41:59.190437632,0.0054135300281921,0.0061169216258071,0,0.9807407407407408,0.9984083038512688,wasserstein_histogram
2020-11-04 17:58:27.908431360,0.0055944419980025,0.0059367916117053,0,0.982989064398542,0.9984378479677632,wasserstein_histogram
2020-11-13 22:28:31.770108160,0.0056217441202123,0.0058931021528034,0,0.9806521445000675,0.9983999238269854,wasserstein_histogram
2020-11-23 10:16:15.536645632,0.005344383471367,0.0058764562993663,0,0.9801001759848382,0.9983419121326316,wasserstein_histogram
2020-12-03 15:59:54.972755200,0.0057395779565983,0.0058781284819898,0,0.9831149533972714,0.998675437306011,wasserstein_histogram
2020-12-12 11:15:47.909172736,0.005923547245245,0.0059201999543208,1,0.9847069968872648,0.9990173950610582,wasserstein_histogram
2020-12-20 03:07:40.230582528,0.0058792226780915,0.005966213494581,0,0.9819349658771578,0.9985848715980462,wasserstein_histogram
2020-12-27 19:23:19.554768128,0.0060561085948327,0.0060224411611824,1,0.987362413371382,0.9992794062063745,wasserstein_histogram
2021-01-03 06:23:17.718913792,0.0063450608707799,0.0061682707421624,1,0.9834521727431724,0.99872027790213,wasserstein_histogram
2021-01-10 11:48:21.955332096,0.006132951522466,0.0062341756839945,0,0.986776413439482,0.99910815438574,wasserstein_histogram
2021-01-18 01:57:13.053986560,0.0059472079499825,0.0062511629989043,0,0.9848263010781312,0.998797277724573,wasserstein_histogram
2021-01-25 23:09:30.944615936,0.005839858588703,0.0062728499345272,0,0.9817592217267936,0.998323050846558,wasserstein_histogram
2021-02-03 12:33:21.853117696,0.005889049357837,0.0062947189883828,0,0.9845865165527408,0.9986461544188432,wasserstein_histogram
2021-02-12 09:54:04.417721344,0.0059419492464595,0.006324822886067,0,0.9825779229617532,0.998757891999708,wasserstein_histogram
2021-02-20 16:35:42.963620352,0.0059845996991124,0.0063512934264383,0,0.982966067324591,0.9985863802728536,wasserstein_histogram
2021-02-28 05:00:00.566801408,0.006077916252183,0.0063941081570384,0,0.9820585457979226,0.99865716930198,wasserstein_histogram
2021-03-07 21:11:20.962432768,0.0056194038380334,0.0063941656726391,0,0.983461073013312,0.999011677835454,wasserstein_histogram
2021-03-15 20:44:33.816502528,0.0062032387040701,0.0064506390113375,0,0.9851210604625996,0.9990411326854578,wasserstein_histogram
2021-03-23 10:38:54.493573120,0.0063575011467186,0.0065322789329084,0,0.9797761898341648,0.998720500733767,wasserstein_histogram
2021-03-31 06:58:45.219431936,0.0061754404417444,0.0065692683216587,0,0.9842466675642924,0.9990547629519408,wasserstein_histogram
2021-04-08 13:38:17.877173504,0.0060286723806413,0.0065811981432162,0,0.9812881355932204,0.9983652303142312,wasserstein_histogram
2021-04-16 05:42:19.725994240,0.0061500134756081,0.0066054659897508,0,0.9821597513177456,0.9988658938950524,wasserstein_histogram
2021-04-23 19:16:04.996834304,0.006139914805511,0.0066200358144309,0,0.9844489519945908,0.9991844221743872,wasserstein_histogram
2021-05-01 18:30:03.026884352,0.0063938192261494,0.0066628292320512,0,0.9856817877693028,0.9992198973780494,wasserstein_histogram
2021-05-10 01:02:27.782891008,0.0065811634722806,0.0067296450247158,0,0.9814291481631006,0.9987078284062388,wasserstein_histogram
2021-05-19 04:00:54.178891776,0.006540803488819,0.006798259982431,0,0.9838512688288776,0.9988911648996066,wasserstein_histogram
2021-05-28 06:59:56.814934272,0.0065324597870066,0.006843622043228,0,0.9836375929682216,0.9986718477503638,wasserstein_histogram
2021-06-06 08:10:03.114930688,0.0068349953811015,0.0069403353105292,0,0.9856698661619576,0.9988180313288908,wasserstein_histogram
2021-06-15 02:51:55.451059200,0.0068889735265627,0.0070321469596267,0,0.9836198727494246,0.9989317270543058,wasserstein_histogram
2021-06-24 11:51:15.571951104,0.0067248767175521,0.0070701979836334,0,0.9836905243294244,0.998774483764801,wasserstein_histogram
2021-07-03 00:41:20.139074560,0.0070770892089008,0.0071677600805049,0,0.9860904794058069,0.9990300582352372,wasserstein_histogram
2021-07-11 03:42:50.439658240,0.0072593517657228,0.0073043617989789,0,0.9858280469699016,0.9991130667709556,wasserstein_histogram
2021-07-19 19:34:35.039692288,0.0071225434252391,0.0073934464532931,0,0.9818845477896444,0.9987777719953944,wasserstein_histogram
2021-07-29 01:51:02.608172544,0.007481883569929,0.0075107308603236,0,0.9821549276733812,0.9990594832895136,wasserstein_histogram
2021-08-07 10:51:27.352369408,0.0074160315389449,0.00763018556612,0,0.9834216605517054,0.9991277648510354,wasserstein_histogram
2021-08-17 12:38:25.298760960,0.0076537944466744,0.0077920423380583,0,0.9831955549532456,0.9989466507167266,wasserstein_histogram
2021-08-28 02:15:10.444094976,0.007600505799386,0.0079190104128704,0,0.9830531271015468,0.9989072023665696,wasserstein_histogram
2021-09-08 08:23:55.827413248,0.0074841606757003,0.0080173673323337,0,0.9854073773814348,0.9992764860304276,wasserstein_histogram
2021-09-20 02:09:24.517992448,0.0080910324636111,0.0082265481856049,0,0.9833674164962508,0.998948198652258,wasserstein_histogram
2021-10-02 09:07:14.140529664,0.0079233671492557,0.0083741933809729,0,0.9829094334544476,0.999314443202496,wasserstein_histogram
2021-10-14 09:53:58.433844224,0.0076634935972333,0.0084545474527135,0,0.9858829917198316,0.9993252146922252,wasserstein_histogram
2021-10-26 06:50:48.638631424,0.0080396927513921,0.0085750009573574,0,0.9847654683950288,0.999173959024674,wasserstein_histogram
2021-11-07 02:07:38.964423168,0.0079401303850826,0.008663546939681,0,0.9858509634820104,0.9991854951229406,wasserstein_histogram
2021-11-20 03:43:54.708039424,0.0213930618731859,0.0141156686898253,1,0.7079028579095666,0.6543381694877807,wasserstein_histogram
2021-12-04 16:27:34.629209856,0.022526286522742,0.0174633361824073,1,0.692888948859803,0.6129756944534697,wasserstein_histogram
2021-12-16 15:25:29.038531328,0.022747613201247,0.020060634189225,1,0.7032074705643524,0.6299999447588833,wasserstein_histogram
2021-12-28 07:33:53.691827456,0.0228010588628098,0.0222078846716396,1,0.7241004752206381,0.6089595442639874,wasserstein_histogram
2022-01-07 23:29:55.343080448,0.0230107053701026,0.0241031731214256,0,0.7182964871829649,0.6022975152928747,wasserstein_histogram
2022-01-19 00:01:43.121507840,0.0233155371847792,0.0258258396839406,0,0.7134336451131896,0.614395176029269,wasserstein_histogram
2022-02-01 02:08:39.386309376,0.023753787877814,0.0274292599424164,0,0.6860140788949396,0.6020920195011361,wasserstein_histogram
2022-02-15 21:24:12.288849152,0.0243419546496581,0.028955706319134,0,0.6871864406779661,0.5928130371760321,wasserstein_histogram
2022-03-03 18:56:24.278607872,0.0240242017645956,0.0302593977753511,0,0.6862612916273426,0.6044672765502397,wasserstein_histogram
2022-03-20 01:26:42.440673792,0.0244145207144363,0.0314821147421662,0,0.7012599918710202,0.6070035843832118,wasserstein_histogram
2022-04-05 13:17:19.308122880,0.0244861993931619,0.0325876659881063,0,0.700282752120641,0.5969200415761987,wasserstein_histogram
2022-04-22 15:56:24.990583552,0.0250731446894616,0.033661386721418,0,0.6924438393464942,0.5952509771742679,wasserstein_histogram
2022-05-10 01:49:57.067557120,0.0251203815729021,0.0346123564311132,0,0.6865852020948032,0.5867689699991769,wasserstein_histogram
2022-05-26 23:41:19.694324992,0.0253265689423165,0.0354686170970257,0,0.692601171821774,0.5862204836690921,wasserstein_histogram
2022-06-13 19:31:30.953625856,0.0257482290701644,0.036276826719804,0,0.7063870352716873,0.5999926459072181,wasserstein_histogram
2022-07-01 05:13:34.188655360,0.0256369175409253,0.036952673887105,0,0.7135282121006118,0.6122314093367258,wasserstein_histogram
2022-07-19 07:43:38.707995136,0.0262608995373302,0.037576392622482,0,0.7150632739148184,0.5904891588394284,wasserstein_histogram
2022-08-03 21:19:20.825760512,0.0258144144254613,0.0380443066311878,0,0.7179001488296577,0.5890484316325203,wasserstein_histogram
2022-08-20 21:57:39.515699200,0.0261891103627471,0.0384478330428492,0,0.7087875117749967,0.5876377806366361,wasserstein_histogram
2022-09-08 12:21:15.658391552,0.0259307196475665,0.0386836543566858,0,0.7056106507268034,0.5979556096174928,wasserstein_histogram
2022-09-29 05:47:21.496285952,0.0259664256263611,0.0388236273637548,0,0.7102526002971769,0.5868182809386289,wasserstein_histogram
2022-10-17 10:02:33.443390208,0.0268693142056381,0.0389119402013478,0,0.7228915662650602,0.5734394626800947,wasserstein_histogram
2022-11-03 19:29:27.377822464,0.0267995768603775,0.0388593405068067,0,0.7336480107889414,0.5803756586775455,wasserstein_histogram
2022-11-22 04:43:40.296791552,0.0266850154075946,0.0386140815507373,0,0.7608194274860941,0.5684594943910825,wasserstein_histogram
2022-12-12 18:26:22.581661952,0.0262945537496194,0.0381119137272696,0,0.7535525781567195,0.5736545178875823,wasserstein_histogram
2023-01-01 16:50:34.107695360,0.026632415892246,0.037494509376028,0,0.7775238607339696,0.5725183312382702,wasserstein_histogram
2023-01-21 22:36:39.085148160,0.0259376201219876,0.0364962518012641,0,0.763359806165029,0.5718948551000891,wasserstein_histogram
2023-02-19 18:52:46.886860032,0.0255019767147687,0.0349797620259522,0,0.7478603450618122,0.5715764019509713,wasserstein_histogram
2023-03-20 16:48:23.729529344,0.0254731010699265,0.0328348478453775,0,0.7495614626905951,0.5793050523471636,wasserstein_histogram
2023-05-24 23:45:22.533269760,0.0236740510439019,0.0285418921004093,0,0.7254461335095836,0.5739864479921157,wasserstein_histogram
